x,y,landslide_id,label,Elevation,Slope,Aspect,Curvature,TRI,TWI,Rainfall,Dist_Streams,Dist_Roads,Dist_Faults,NDVI,BSI,Soil,Lithology,LULC,Geomorphon
310650.85596366145,3368198.7789655505,41144,1,1217.4702,27.619448,247.83366,-0.0066607906,9.843844,6.265965,1924.2312,13594.253,13655.903,100794.234,0.0,0.33333334,3717,2,11,6
312016.04856260703,3368393.7922800104,41128,1,1455.2318,41.036907,245.65892,-0.004762175,16.130398,9.035772,1908.7476,13812.707,13780.0,102078.875,0.0,0.33333334,3717,2,2,6
310538.72082292,3369230.63307072,41014,1,1699.7037,38.82594,242.8189,-0.016566437,16.377962,9.851562,1925.9073,14627.235,14692.72,100452.5,0.0,0.33333334,3717,2,2,6
305828.1798976089,3379035.359509934,46222,1,2024.8024,50.133926,227.48956,0.0014536431,20.623755,10.157059,1915.623,24935.744,25098.387,94151.055,0.4346094,-0.098505035,3717,1,11,6
297607.04609994474,3403915.7106025424,48859,1,3300.9944,27.001951,334.359,-0.004735055,9.310962,10.028764,1628.6436,24781.406,26074.273,85609.77,0.19475624,0.1310077,3717,1,11,7
297630.7380588399,3404196.353168242,48864,1,3346.5725,28.43843,353.8845,0.0003995072,10.996515,10.476862,1628.2758,24657.736,26036.24,85634.21,0.22446758,0.10874501,3717,1,11,7
297687.7090269783,3404445.783486802,48890,1,3371.483,45.06538,322.30576,-0.003285544,18.436592,10.27718,1628.2507,24569.352,26025.81,85680.016,0.036666464,0.284614,3717,1,11,7
297792.38868889486,3404776.902766238,48916,1,3487.228,35.65027,308.65982,-0.0037083488,14.096752,7.822977,1628.7576,24489.078,26056.617,85785.484,0.12709157,0.19895346,3717,1,11,9
297990.70386975905,3404962.7029592176,48919,1,3505.9524,49.04868,330.25513,-0.0014544156,20.832872,9.851562,1630.8698,24571.375,26213.486,85983.63,0.029010378,0.27585575,3717,1,8,6
298302.46348577784,3403512.209888234,45736,1,3262.447,40.408028,246.16125,0.0010983844,16.32388,11.469577,1641.1196,25586.756,26833.78,86319.07,0.2882613,0.046863455,3717,1,2,6
298425.43218101794,3405565.6486557294,48948,1,3657.0054,37.382637,189.92625,-0.0047240453,13.733367,8.218585,1634.7208,24655.94,26516.668,86410.2,0.028368045,0.28937066,3717,1,11,7
301228.1681888309,3405282.9304969534,48921,1,3378.3564,40.176853,294.3411,-0.004070633,16.190794,11.303575,1671.8209,27276.965,29321.188,89211.24,0.14211118,0.17430642,3717,1,11,7
301645.19334318483,3405581.07599778,48951,1,3359.8406,29.750227,328.39252,0.0016269016,10.803474,10.301861,1676.1201,27526.826,29683.883,89630.164,0.056931015,0.2695775,3717,1,8,6
302004.73662467353,3406970.882031328,49078,1,3882.7024,40.04191,312.35745,-0.0036839761,14.939828,8.934084,1675.3658,27301.238,29844.762,89998.13,0.11407084,0.20115444,3717,1,11,7
294720.92157129326,3396989.472572914,45925,1,2663.394,40.09521,323.88068,-0.00019985477,15.0041065,9.7857485,1664.7935,25519.344,25491.184,82572.984,0.12846497,0.19489254,3717,1,2,6
294785.6140496768,3382235.758370394,46265,1,3238.5576,14.436884,111.80139,0.008210713,4.7375517,11.567247,1823.1553,30951.736,31168.473,82820.15,0.3320874,-0.012610062,3717,1,11,5
295266.9323971331,3382958.7131993696,46266,1,3369.3865,36.199947,209.05461,0.0005285317,13.47568,11.355442,1818.5413,31458.322,31635.504,83226.96,0.23706688,0.06802918,3717,1,11,5
295567.1971095245,3383960.506265385,46267,1,3243.6653,4.230707,56.309937,0.022733735,1.6022532,11.981381,1810.1353,32295.203,32437.771,83439.44,0.36614972,-0.041382417,3717,1,11,3
296339.9475077728,3392769.2219555443,45866,1,2891.9583,48.639736,271.84763,0.004075263,22.084633,10.9029455,1725.7839,28914.678,28975.184,83966.516,0.26797754,0.05461464,3717,2,2,5
296560.19105615595,3381811.3982331874,45991,1,2871.1016,21.068567,26.565063,-0.008550503,7.788241,9.851562,1838.4814,29938.986,30072.725,84624.05,0.15246508,0.18252176,3717,1,2,7
286169.2981443013,3347442.5804604795,40512,1,717.04675,31.84979,261.11935,-0.00025422062,10.124404,8.760523,1413.5378,2059.126,22750.291,85498.43,0.32360289,0.0015011133,3661,2,2,5
286263.61058993544,3348581.158085106,39833,1,1006.2931,36.70668,240.9454,0.0025260674,13.068293,9.851562,1442.5912,3185.0903,22352.094,85014.73,0.29929394,0.027230794,3661,3,11,6
286311.69232688146,3347454.953072316,40494,1,740.8783,37.894608,314.09064,0.0038299507,13.9378,10.180565,1417.5116,2054.118,22603.771,85622.84,0.30501932,0.015728524,3661,2,2,6
286335.20248220285,3347445.7188290805,40496,1,723.1105,37.948147,314.09064,-0.0015777814,13.965826,9.654159,1417.7766,2042.9636,22587.52,85645.16,0.31197166,0.011440625,3661,2,2,6
286393.5616941177,3347386.866091932,40495,1,683.2469,19.128733,239.74356,-0.02651379,7.5124655,9.851562,1418.1018,1990.628,22544.66,85722.19,0.38793218,-0.052559193,3661,2,2,9
286470.2080390733,3348598.885567106,40289,1,1055.7891,38.60319,302.96942,0.008814868,14.618481,10.243819,1447.9486,3196.2634,22153.205,85178.68,0.30450243,0.02426357,3661,3,11,5
286497.3936103464,3348549.6929891384,39834,1,997.4971,46.95838,309.9364,0.0009019656,19.072502,9.771403,1447.8079,3144.5986,22136.316,85229.46,0.21292077,0.11066399,3661,3,11,6
286654.6826932354,3347321.6171857007,40513,1,749.2643,34.208862,227.2026,-0.0008601259,11.799513,9.676149,1422.9298,1910.0262,22316.936,85981.99,0.32673487,-0.008367386,3661,2,2,6
286733.64941082563,3348616.127558302,40290,1,1066.7128,35.804638,210.69974,0.006576028,14.562762,10.318858,1454.9335,3200.0,21888.93,85408.66,0.286155,0.04843417,3661,3,11,5
286878.6161927528,3348172.8500071936,40493,1,862.1498,30.987501,303.17853,0.002537859,11.287433,9.992593,1448.5242,2758.0066,21866.014,85747.72,0.27909112,0.044995584,3661,2,11,7
286907.93174607825,3348192.516225086,40477,1,863.4216,31.823366,300.37912,-0.0021666773,11.417558,9.351825,1449.7579,2775.8423,21831.78,85763.87,0.3231231,0.004942988,3661,2,11,7
286943.669811145,3348615.5465145125,39850,1,1093.9708,43.371178,258.23172,-0.0034887027,17.219362,7.188835,1460.2551,3193.0708,21685.41,85591.5,0.31313923,0.018335678,3661,3,2,5
286963.3708007041,3348583.1717620464,39849,1,1064.0063,46.54004,252.96225,-0.0032148259,20.544964,8.833936,1460.3496,3162.2776,21673.488,85623.664,0.27322575,0.05231686,3661,3,11,6
287102.5565176341,3348569.134199833,39835,1,1095.3828,38.169952,237.84772,-0.0005937967,14.399906,9.453119,1463.7634,3150.0,21540.441,85750.53,0.3373401,-0.0118271755,3661,3,11,6
287248.12056067743,3348481.906462794,39851,1,1090.7067,31.774643,247.24902,0.0038815925,11.393776,10.842724,1465.2985,3059.4282,21427.88,85916.67,0.25053176,0.075826846,3661,3,11,5
287306.36635818606,3347745.467644491,40476,1,900.1108,26.061153,226.54817,0.0017136235,8.622244,9.600659,1449.1459,2317.0024,21572.207,86334.44,0.32210103,0.012720761,3661,2,2,5
287313.2018877609,3348516.46938659,39852,1,1106.664,22.907337,345.96375,0.01570063,8.563912,10.928951,1468.0404,3094.6729,21349.97,85958.05,0.35303667,-0.011229231,3661,3,2,5
287325.16884278884,3348587.365680296,39853,1,1112.841,23.252966,337.75098,0.007251304,7.8161674,8.424218,1469.612,3164.048,21322.5,85932.47,0.33559218,-0.010708734,3661,3,2,5
287381.95760275086,3347632.789107193,40475,1,882.45825,26.229406,304.99203,0.010622692,9.001785,10.756857,1448.5209,2202.2715,21527.83,86458.555,0.30028275,0.028892681,3661,2,2,3
287453.9739940955,3347726.059304788,40474,1,895.87085,28.071806,293.7495,-0.002795483,9.562764,9.240979,1452.434,2290.1965,21434.494,86474.55,0.37122393,-0.038482558,3661,2,2,5
287502.67275097343,3347688.676588661,40458,1,883.4234,24.288002,253.30077,-0.004412709,8.437209,9.356376,1452.969,2260.0,21395.48,86532.84,0.3927296,-0.06098597,3661,2,2,3
287557.40836385323,3347616.6246543247,40457,1,859.8959,26.454918,236.88867,-0.00029782456,8.982855,9.899244,1452.5409,2190.0,21368.426,86611.016,0.26308772,0.06564766,3661,2,2,5
287604.8406598484,3348045.735783276,40680,1,864.4706,27.118267,304.28687,-0.010287254,9.367508,9.198183,1463.9011,2610.0,21199.201,86446.56,0.38151395,-0.04797243,3661,2,2,7
287621.7191894398,3347900.0726356986,40438,1,838.43243,45.357117,8.426971,-0.0047017406,18.515867,9.125279,1461.0366,2469.8179,21219.691,86533.055,0.3513872,-0.011647563,3661,2,2,7
287630.98701480834,3347545.62862029,40456,1,853.94385,27.457167,236.8215,0.0124754375,9.585616,10.330566,1452.6185,2110.0,21316.096,86720.195,0.33635587,-0.00038557968,3661,2,2,5
287627.1951943251,3347935.1674726955,40439,1,844.5086,43.365837,347.0926,-0.0027628713,17.338608,9.953474,1461.7588,2499.7,21211.115,86518.24,0.3960272,-0.068269104,3661,2,2,6
287641.71629076934,3347854.289952605,40437,1,838.73724,39.482147,42.95459,-0.004324655,14.838152,9.503948,1460.3365,2418.2844,21214.924,86575.164,0.3475277,-0.008059612,3661,2,2,6
287661.5451735722,3347784.663604537,40436,1,860.5706,31.874609,15.642242,0.0070196292,11.924585,9.938951,1459.1533,2346.9128,21216.129,86627.18,0.34885576,-0.00717433,3661,2,2,3
287677.5688518743,3348046.3083142224,40681,1,829.93353,31.21385,322.12503,-0.012444428,11.913005,7.9761734,1465.6711,2605.5518,21132.014,86507.47,0.39654326,-0.065578066,3661,3,11,7
287739.49428681534,3347751.288800555,40455,1,810.5732,45.883987,2.0454102,0.00063086033,17.545525,9.999178,1460.1895,2312.6174,21158.008,86702.85,0.43497878,-0.09825536,3661,2,2,6
287737.65884007496,3348057.1582689243,40669,1,830.2827,37.108864,271.59113,-0.0035393632,13.783098,9.815113,1467.671,2622.308,21068.81,86549.84,0.3114431,0.009480675,3661,3,11,7
287783.26421716955,3348217.384043708,40694,1,864.82355,37.204147,57.99463,0.007166039,14.8379545,9.169819,1472.8009,2780.6472,20976.332,86514.77,0.4921083,-0.15857002,3661,3,2,5
287759.58781310695,3348267.6100505707,40696,1,865.11053,52.220245,40.601288,0.0010746635,23.976257,9.93759,1473.2462,2831.4307,20991.523,86464.1,0.48368877,-0.14431322,3661,3,2,5
287785.42289252306,3348253.302842299,40695,1,843.80975,45.881893,55.007965,0.001231532,21.610588,9.132704,1473.5256,2810.6406,20968.113,86500.06,0.48760697,-0.14966154,3661,3,2,7
287811.85979047074,3348056.4868531767,40682,1,820.9523,37.71644,292.3062,0.0051696636,14.652106,10.724528,1469.6951,2620.1719,20992.047,86619.49,0.31153595,0.01346677,3661,3,11,6
287885.47773948906,3348138.9847786664,40683,1,815.1585,43.2245,340.82098,0.005854351,17.85043,9.610452,1473.403,2700.0,20902.404,86641.164,0.34240925,-0.009111803,3661,3,11,7
288102.65965479985,3347937.214778764,40668,1,791.58057,31.526022,208.17859,0.001709814,11.478621,9.450411,1474.1132,2489.6587,20748.594,86931.02,0.34594154,-0.015662646,3661,3,11,6
288560.21585846297,3348111.93611044,40577,1,756.9547,25.766108,320.90613,0.007813329,9.287241,9.952315,1489.6516,2306.2524,20268.617,87240.17,0.41954464,-0.08523512,3661,3,11,5
288673.03744100686,3347881.610511181,39664,1,738.8601,44.13824,135.78482,-0.001412512,17.525808,9.05935,1487.0254,2055.4805,20221.977,87457.23,0.39131013,-0.044215478,3661,3,2,6
288871.3400166477,3348475.284936712,40563,1,749.9073,34.95143,315.0,0.0009460018,11.994037,8.645526,1506.6698,2397.7488,19859.67,87345.22,0.34455904,-0.010349922,3661,3,11,6
288892.4335931888,3348516.4064929816,40576,1,768.66705,35.11847,310.9144,0.0040008267,12.803005,8.714591,1508.4181,2430.1646,19826.629,87338.59,0.35583085,-0.030074706,3661,3,11,6
289318.1511173534,3347702.500993779,39973,1,898.2977,26.750183,347.73523,0.005704036,9.643332,10.543315,1498.672,1511.721,19669.469,88103.625,0.4031134,-0.06486774,3661,3,11,5
259476.7209502747,3347113.362876698,38695,1,1031.3318,39.136486,300.73547,0.0052996892,14.130334,9.621178,899.3054,2293.687,48964.344,64133.68,0.23606157,0.08651435,3661,2,11,5
259532.4544404792,3347192.779353106,39879,1,1041.3279,36.941456,318.9452,-0.004018304,13.619597,9.303499,899.8583,2193.855,48893.77,64123.477,0.32744688,0.001882083,3661,2,11,6
259625.26957049905,3347240.001520348,38696,1,1043.223,40.08887,294.8637,0.0009698163,15.659222,10.616594,901.1493,2102.3796,48797.71,64155.82,0.2823335,0.047613006,3661,2,11,6
259702.9818430995,3347336.8205462657,38697,1,1050.0585,35.317425,337.6938,0.001267633,13.24555,7.712239,901.9614,1974.7405,48704.746,64147.164,0.32077342,0.011203778,3661,2,11,6
259869.161035881,3346067.786634758,39407,1,1049.6791,16.870718,135.0,-0.007263075,6.282725,9.851562,912.4429,2934.3652,48736.19,65128.094,0.2696592,0.08233405,3661,2,11,9
259920.53382476745,3347551.104158557,38698,1,1061.6261,29.731241,261.57303,7.9857135e-05,10.7144575,9.125864,904.6785,1678.0048,48458.496,64168.316,0.30965054,0.018795718,3661,2,11,6
259930.35894221577,3347450.969932171,38685,1,995.4479,30.088825,286.1892,-0.0035898339,10.9565735,7.461794,905.4554,1753.1685,48461.957,64242.945,0.30455497,0.024657292,3661,2,11,7
260001.45988914184,3347453.4603303205,38684,1,983.8233,35.527016,285.5241,-0.0021474485,13.74401,8.510223,906.7271,1714.0594,48392.598,64294.76,0.27020612,0.06312954,3661,2,11,6
260030.6774808748,3348488.149553235,38854,1,848.5509,25.979986,18.434937,-0.019860724,9.409211,9.851562,901.1919,832.16583,48233.457,63622.938,0.30093852,0.02457404,3661,2,11,9
260104.49453260397,3348442.141627056,38855,1,872.7415,40.792065,123.69006,-0.001651233,15.07807,10.190315,902.83966,834.86523,48169.64,63708.496,0.4666909,-0.11561262,3661,2,11,6
260173.9630574087,3347617.105085532,38709,1,1072.0151,31.745995,280.008,9.1853166e-05,11.177208,9.891668,908.85474,1478.2761,48201.43,64306.84,0.23496728,0.08620592,3661,2,11,6
260261.4929525523,3347501.8035833626,38683,1,982.3199,36.25913,289.85522,-0.0032116005,14.239324,8.532911,911.17535,1528.0052,48128.227,64454.03,0.2952257,0.032628432,3661,2,11,6
260250.326231044,3346666.4995576167,38801,1,1034.086,29.767998,206.56505,0.0016887209,10.579014,10.199128,915.59106,2218.8286,48256.875,65005.383,0.41382548,-0.08117495,3661,2,11,6
260336.46002494884,3347588.625598368,38116,1,1051.9357,29.420216,264.47247,0.0009842755,10.993455,9.300584,911.96014,1414.0015,48046.816,64445.86,0.36700404,-0.046268567,3661,2,11,6
260349.0034446409,3348415.8506663786,38866,1,853.6431,18.330696,17.354034,-0.0019223907,6.097177,9.84624,907.6493,729.45184,47934.72,63908.258,0.34180436,-0.014336734,3661,2,11,6
260431.427704724,3347402.013155338,38881,1,918.9464,36.247253,230.7106,0.00032724315,13.422108,10.359516,914.81165,1514.3315,47973.4,64647.266,0.4161981,-0.08098263,3661,2,11,6
260449.8907823525,3347329.7050946774,38882,1,879.10114,41.843155,236.92932,0.0036688684,16.071566,9.678798,915.366,1567.0673,47973.145,64701.56,0.3930215,-0.061229654,3661,2,11,6
260507.09752124647,3348375.337257794,38867,1,848.80255,26.373463,72.89728,0.00022505708,9.48534,8.482933,910.95404,674.1662,47780.484,64054.79,0.4056103,-0.07063749,3661,2,11,6
260516.71054446488,3347434.322594198,38880,1,953.7402,37.96795,259.56253,0.0075704097,14.907988,10.092119,916.1048,1445.0605,47890.043,64686.684,0.23469049,0.09720452,3661,2,11,5
260578.42415182825,3347463.239422379,38868,1,960.8514,40.94433,303.69006,0.00325168,15.873624,10.049986,917.03973,1386.7949,47826.508,64711.297,0.2918522,0.039336246,3661,2,11,5
260705.41618390768,3347528.4894678206,39265,1,948.62286,30.224024,329.34933,0.0031527278,11.182837,7.9613495,919.05536,1254.3126,47688.207,64761.508,0.25909254,0.06757869,3661,2,11,5
261591.7728216321,3346243.2812847905,39393,1,1197.9446,19.620575,25.016907,-0.0061967457,7.3771033,9.851562,940.4469,1931.269,47001.67,66285.56,0.15041271,0.17897677,3661,2,11,6
261627.13840538976,3347752.811559299,38851,1,673.2756,35.622444,311.0548,-0.0020031463,11.9435835,9.851562,935.0424,595.39905,46746.996,65305.902,0.30436215,0.027564816,3661,2,2,7
261790.31361975364,3346275.24457908,38811,1,1087.5483,22.871315,48.366455,-0.012038903,8.05473,8.328719,943.7007,1807.6781,46799.46,66414.09,0.3491586,-0.011795226,3661,2,11,7
261903.3531195102,3345996.7110401504,39394,1,1168.1699,34.043545,43.994904,-0.0031685573,12.001721,9.216921,946.5107,1990.6029,46736.312,66676.5,0.21982978,0.1113547,3661,2,11,6
261976.48001351068,3346271.3328642165,38799,1,1007.1508,35.57171,34.07718,-0.0075927833,12.800652,9.851562,946.7363,1720.3778,46621.934,66548.09,0.34213665,0.0029868458,3661,2,11,7
261990.2833659428,3346376.513915596,38800,1,984.44934,38.91804,0.0,-0.001632708,14.656685,9.2044525,946.69525,1614.7446,46584.137,66489.69,0.249568,0.078899026,3661,2,11,7
262119.32773314312,3346270.447037384,38789,1,995.922,33.551422,113.80594,-0.0076565254,12.393334,7.392609,949.09845,1652.1803,46483.867,66652.46,0.35452682,0.0062701562,3661,2,2,7
262131.367565038,3344858.2667956757,39408,1,1363.1746,29.94918,335.09525,-0.011458309,10.252063,8.033777,953.9983,2836.0007,46718.805,67614.41,0.2570988,0.067998834,3661,2,11,7
262332.9373183046,3347822.098086458,38839,1,700.1061,29.409012,118.30075,0.00538274,10.3612385,9.691741,948.0459,192.35384,46034.008,65797.18,0.40807092,-0.06789559,3661,2,11,5
262343.49264771456,3347260.399889489,38837,1,733.3371,43.668205,349.1597,-0.004808415,17.774517,8.979019,949.9629,675.3518,46102.39,66170.71,0.28484413,0.050387766,3661,2,11,9
272178.8978795355,3345977.603544353,39865,1,1391.7098,28.210663,264.47247,0.0047249296,9.643758,9.7878685,1118.8627,2876.404,36663.445,74632.1,0.20159288,0.13117994,3661,2,11,5
274868.4996710672,3347101.9489722587,39450,1,703.4078,50.862972,241.69925,-0.002338631,22.524454,7.4558077,1178.0475,2494.4739,33797.67,76157.56,0.3926582,-0.05865042,3661,2,11,10
275107.94950672926,3347567.0875351704,39449,1,1027.9229,31.198381,226.16914,0.0070267357,10.83393,9.963688,1188.1409,2446.2625,33469.547,76087.4,0.3145449,0.003284054,3661,2,11,5
273883.81916347845,3348105.977284262,38716,1,810.21277,30.469803,200.55606,0.011716766,11.31596,10.356724,1170.5284,3774.4934,34573.68,74782.17,0.4079618,-0.078833245,3661,2,11,5
274216.41824422806,3348125.015016091,39895,1,784.61395,32.992435,275.90616,0.0017966356,12.016818,9.903879,1177.2255,3488.266,34245.105,75042.414,0.34848988,-0.021396069,3661,2,11,7
279168.40981895267,3348544.810878841,39507,1,722.31335,27.461952,171.86987,0.00057820085,9.5656595,8.752412,1282.2134,1346.4769,29299.45,78945.09,0.28818032,0.045705944,3661,2,11,6
277407.2200277218,3348590.0007189787,38691,1,804.5802,33.930832,207.25534,-0.0013185551,11.61527,8.956066,1247.1129,1607.2336,31021.84,77435.04,0.19468878,0.13297825,3661,2,11,5
262355.8314570939,3347185.838390412,38826,1,739.7421,21.41628,30.068573,-0.025260122,8.104719,9.851562,950.3883,740.9454,46104.227,66230.75,0.32763562,0.007610841,3661,2,11,9
262407.9817629039,3347844.5184969604,38838,1,705.7772,29.793474,99.46231,0.012227224,10.38621,10.361185,949.2959,138.92444,45961.96,65837.32,0.3135163,0.036788616,3661,2,11,3
262648.9138269174,3347987.361215624,38722,1,609.53595,41.422813,78.69006,0.0037678531,16.162336,9.900993,953.3842,102.95631,45704.223,65922.62,0.46152294,-0.11749846,3661,2,11,6
262860.40580654127,3348408.230331431,39481,1,607.73663,40.75364,210.34326,0.00039990735,16.310638,8.217993,956.4989,576.8882,45432.73,65820.086,0.30981326,0.027897859,3661,2,11,6
262975.8702056821,3347940.0787466806,39467,1,566.2566,40.05628,190.08061,-0.0036652854,16.572329,8.90127,959.7549,219.31714,45383.72,66206.76,0.3239575,0.024704456,3661,7,11,7
263072.4666530241,3347895.9038559054,38714,1,633.5344,31.973738,225.0,0.0023121552,11.540324,9.580917,961.7569,223.6068,45291.31,66315.42,0.35422447,-0.020040752,3661,2,11,5
263099.8375662893,3343826.778510523,38749,1,1142.0343,25.217506,279.09027,-0.0026674562,9.56766,9.851562,970.71844,2192.5557,45993.938,69018.39,0.44339478,-0.114531346,3661,2,11,6
263137.98775882664,3346548.1221960727,39392,1,952.74243,27.850508,78.31064,-0.00563792,9.875574,9.851562,965.7509,880.0568,45431.68,67232.73,0.35791767,-0.010261057,3661,2,11,6
263368.3748559715,3348340.050538224,39896,1,916.22516,45.81362,204.36247,-0.00072356034,19.122885,9.661242,966.3632,755.91003,44945.273,66248.95,0.31766132,0.022350611,3661,2,11,6
263422.63278018055,3346576.7386066206,38788,1,946.85443,23.762287,115.46335,-0.0033628976,8.222205,7.583372,970.70496,686.00287,45140.68,67432.24,0.4055076,-0.06370704,3661,2,2,6
263452.46872991725,3346915.7170201926,38825,1,787.24225,24.36821,96.58194,9.3603e-05,8.542673,7.8650656,970.6521,402.24368,45058.13,67239.766,0.38832214,-0.058941517,3661,2,11,6
263487.38946417905,3346630.9195260094,38787,1,935.71875,25.668804,81.253845,0.0059382357,9.516453,10.608714,971.65894,610.3278,45073.312,67445.01,0.34537837,-0.012091587,3661,2,11,5
263541.2031166484,3347299.974817221,38723,1,564.63617,30.913752,84.47247,-0.0019026768,11.60707,9.851562,971.6035,36.05551,44909.58,67055.3,0.37896124,-0.02482773,3661,2,2,7
263632.81590289954,3347806.1926573385,38713,1,718.09503,35.950127,228.94519,0.0037036415,12.894225,9.74243,972.4577,418.80783,44748.797,66802.08,0.36163262,-0.029372627,3661,2,11,6
263817.0132381121,3346877.570117312,38824,1,781.8029,32.571026,66.370605,-0.0015406457,11.634515,8.60966,977.06665,216.33308,44707.38,67532.984,0.3987251,-0.06708905,3661,2,11,6
264024.40276826924,3348069.610402571,38701,1,854.93024,26.37683,276.3402,0.007544895,9.499311,7.304951,979.4765,866.0831,44325.76,66929.55,0.21343401,0.11341979,3661,2,11,6
264158.09974118,3344923.954857659,38773,1,872.708,48.897186,45.578735,-0.0052729384,19.769575,7.648912,984.77026,930.0538,44727.21,69074.2,0.45236647,-0.12244371,3661,2,2,7
264178.857512009,3344903.952700403,40119,1,873.7854,53.466362,53.746155,-0.0029896307,24.228725,8.186811,985.09357,910.4944,44711.684,69102.43,0.5414206,-0.22056259,3661,2,2,7
264279.49350994325,3345015.126723897,38774,1,854.6213,41.766857,311.08176,0.0015382811,15.258901,10.194764,986.55554,802.2468,44591.516,69104.68,0.27683958,0.05508731,3661,2,11,7
264321.7050042163,3345049.647440174,39864,1,861.76373,39.021645,289.74683,0.00023463096,15.342902,9.136628,987.30554,750.26666,44534.5,69115.83,0.46430886,-0.13240585,3661,2,11,7
264366.7810975769,3343698.9095657635,38761,1,834.2007,37.942142,307.40536,-0.007355897,13.956921,7.915968,988.6498,1002.84595,44785.785,70043.72,0.39567277,-0.06869069,3661,2,11,7
264409.7968987519,3346504.4850086146,38813,1,809.54156,26.129389,10.491486,0.0026574517,9.215588,7.622873,987.73785,106.30146,44187.7,68228.625,0.36909658,-0.04048825,3661,2,11,6
264525.413358762,3346225.1463628723,38812,1,808.19824,27.96432,38.047028,-0.0016675962,9.581016,8.59005,989.93475,192.09373,44117.83,68501.47,0.4402127,-0.10086374,3661,2,2,6
264699.7648453415,3343897.044767772,39252,1,838.69727,31.84097,34.992004,0.0016093096,11.84053,9.665872,993.2312,630.63464,44418.848,70155.45,0.4789657,-0.1480136,3661,2,2,6
264761.2247190828,3343826.883561641,38772,1,820.9401,29.396378,36.869904,0.0019484295,10.192655,8.42629,994.22766,582.4088,44366.64,70254.29,0.43794116,-0.10869605,3661,2,2,5
265230.1320486544,3345157.160245392,38748,1,554.13934,43.546215,311.72952,-0.0010120148,17.153881,8.169656,1001.361,150.0,43630.785,69722.73,0.4017743,-0.063378155,3661,2,11,10
265286.59119864093,3345248.2837344585,38737,1,562.59625,38.414402,320.35583,-0.0010012891,13.852813,8.790475,1002.3501,210.0,43553.9,69709.54,0.34226787,-0.003878444,3661,2,11,9
265369.503126312,3345324.669400793,38736,1,546.4114,42.086098,338.1986,-0.0010175875,16.99329,9.851562,1003.6583,291.5476,43461.52,69724.72,0.4305601,-0.0978037,3661,2,11,10
265795.40987145825,3345249.3261049874,39452,1,787.5541,38.98987,162.4076,-0.003002118,15.363168,9.851562,1010.42706,720.0,43054.367,70097.27,0.36132503,-0.0071162,3661,2,2,7
266022.20766200725,3345595.9519925406,39466,1,1001.0043,44.107983,199.57314,-0.004138792,18.258951,8.331718,1014.54175,963.3276,42761.164,70053.42,0.38218892,-0.05531626,3661,2,11,6
266153.4037243315,3345332.271677205,39465,1,1026.2377,61.25356,159.7174,-0.0048691225,33.167233,8.163063,1016.2591,1080.7405,42685.625,70320.31,0.2913999,0.06295068,3661,2,11,7
280250.83332303504,3347827.2015326857,38677,1,649.0779,33.27165,147.17145,0.0061620655,12.542206,9.686205,1291.6385,832.16583,28374.504,80245.8,0.3278574,0.014868805,3661,2,11,5
280464.1688234437,3348167.6032583923,38678,1,640.4895,36.811882,136.90915,-0.001526279,13.290148,8.909659,1301.9978,1226.5398,28097.264,80242.91,0.31968185,0.027984973,3661,2,2,6
280532.9990018514,3347664.336244069,38675,1,648.81824,32.84863,249.62357,-0.0025730077,12.13478,8.350625,1293.9978,800.56226,28138.918,80573.32,0.2537014,0.07470931,3661,2,7,6
280600.1736631656,3348249.200801684,38689,1,696.6845,37.296375,156.44775,-0.001175029,14.009751,8.560518,1306.0817,1355.0646,27953.576,80310.945,0.30049092,0.030064581,3661,2,2,6
280988.43009627366,3347376.155868356,38876,1,617.90564,22.817202,239.03625,-0.0029292612,7.5599,8.834021,1297.2394,746.8601,27768.201,81108.64,0.35083655,-0.014006971,3661,2,11,7
281293.0589416143,3347641.3302178234,38676,1,748.6356,26.182022,203.7495,-0.0046746866,8.890762,9.563453,1308.3914,1137.1895,27403.488,81227.65,0.29608238,0.033240836,3661,2,11,6
267518.50083943264,3342385.388078502,40086,1,581.31616,49.646084,220.1355,0.0019746753,20.932898,8.779897,1028.5172,623.69867,42070.816,73274.64,0.2054345,0.12388766,3661,7,11,6
267414.472501748,3343445.0664396966,38725,1,1065.5375,33.195057,225.0,-0.0045248787,12.158258,8.949181,1030.6007,1237.457,41887.742,72504.68,0.3740563,-0.03837264,3661,2,11,6
271200.4999201131,3343830.563000098,38807,1,902.8192,30.846369,237.80428,0.0070249205,10.714326,9.929178,1086.1705,2083.8667,38125.91,75177.56,0.17325366,0.15200126,3661,2,11,6
270933.5249402346,3343951.849365285,38712,1,905.12006,30.585728,213.69008,0.0034272189,11.000407,9.295409,1083.1466,2377.772,38354.68,74891.625,0.22267614,0.10974977,3661,2,11,5
268191.8435129046,3344794.993518596,39424,1,1388.2069,28.60479,354.47247,-0.004423365,10.103205,9.851562,1046.7842,2750.6545,40808.254,72233.625,0.26542184,0.063798614,3661,2,11,6
270419.2228076869,3345209.4329794585,38869,1,1120.5713,30.608852,203.4287,0.004197804,11.729062,10.211759,1083.9149,3522.059,38550.805,73702.26,0.3033017,0.031027097,3661,2,11,5
272128.36757434625,3346010.396377388,39878,1,1406.268,30.39625,275.35583,-0.0029266707,11.050229,8.665588,1118.2684,2927.5415,36705.72,74574.09,0.21878065,0.11837158,3661,2,11,6
270579.7470258002,3346069.5261380747,38724,1,1281.1644,28.028017,181.97495,0.008831512,10.651589,10.649179,1092.2867,3981.2058,38207.754,73301.984,0.33349243,0.00030996394,3661,2,2,5
268926.99207079626,3346231.4876393336,38687,1,1460.2277,37.187523,261.46924,-0.0014966688,14.064907,9.307884,1064.9753,3914.7158,39792.0,71900.38,0.38372013,-0.05302534,3661,2,11,6
268799.29851810547,3346245.7862769114,38686,1,1460.6265,31.05484,266.72952,-0.0033429815,11.2045,9.426194,1062.7905,3787.8225,39917.582,71792.04,0.41830912,-0.093601935,3661,2,7,5
270536.1962652461,3346352.9237761125,38816,1,1302.8182,38.301735,196.69925,-0.002249612,15.34915,8.932282,1093.4739,4200.8096,38189.965,73100.17,0.41015586,-0.06994168,3661,2,11,6
270748.8392370075,3346677.226933536,39460,1,1500.2139,28.127562,242.35403,-0.004890421,10.211353,8.8554945,1099.406,4291.037,37919.312,73068.21,0.30462736,0.031732045,3661,2,11,6
268208.2114521118,3346955.688055825,38688,1,1359.4635,31.454012,55.8403,-0.00032418218,10.953306,9.385679,1055.4368,3411.2314,40366.86,70889.49,0.4198659,-0.086858496,3661,2,11,6
268336.50381950766,3347047.71250298,38699,1,1270.8599,27.980883,36.869904,-0.0040222267,9.657579,9.135047,1058.1779,3569.1035,40221.504,70930.36,0.3530856,-0.021208989,3661,2,11,6
269597.21186305507,3347529.9798810217,38700,1,1316.8965,34.55776,103.324524,-0.0027644923,12.103845,7.023542,1083.6747,4917.2354,38898.484,71638.234,0.32314333,0.035111323,3661,2,2,6
267353.9127458142,3348665.665337918,39897,1,980.18994,31.464563,296.56506,0.008604951,11.014074,10.437647,1045.0107,3537.7112,40947.066,69170.81,0.3899096,-0.06605796,3661,2,11,3
283324.3114859849,3345978.2138894177,38875,1,712.99725,27.83774,194.03625,0.001927687,9.563578,10.2414255,1311.786,1208.801,25896.658,83829.39,0.31983727,0.020400377,3661,2,11,6
283409.1190751324,3345721.4463663423,38874,1,696.1759,25.931074,221.98723,0.00063288916,8.608184,9.05581,1307.4897,1068.3164,25902.32,84035.85,0.27087224,0.055340078,3661,2,11,6
283613.2442643037,3348178.3892513965,40483,1,796.11084,29.111586,231.63252,0.0057580285,10.014583,10.009384,1366.1392,3041.3977,25021.504,82926.71,0.30333462,0.013022806,3661,2,11,6
283684.66771454195,3348149.663407562,40484,1,779.1546,26.97365,323.53076,0.0042473264,9.644411,10.313401,1367.2542,3064.1477,24960.406,83002.195,0.24639694,0.07796182,3661,2,11,7
283708.6178969273,3348564.50571744,40502,1,804.8913,41.59178,27.149689,-0.007213854,17.63131,9.246799,1376.7568,3389.543,24848.318,82810.19,0.37341845,-0.026182173,3661,2,2,9
283724.23089949647,3348161.132607608,40485,1,762.6741,34.468533,332.74466,-0.00032126257,12.089518,9.137217,1368.4863,3097.822,24919.176,83031.44,0.20140843,0.12382555,3661,2,11,9
283752.90388133336,3348414.46609025,40486,1,804.16656,36.368057,337.61987,0.003412895,14.519661,10.335897,1374.7386,3307.2344,24832.738,82929.56,0.32192042,0.012778872,3661,2,11,5
283791.36737499543,3348489.878214832,40482,1,770.60535,49.030205,43.636078,0.002726939,22.64156,9.498041,1377.5161,3394.26,24775.91,82923.27,0.3334369,0.0022224197,3661,2,11,6
284281.7647873677,3348057.3371434966,39720,1,719.2378,22.807032,216.38437,-0.0018635498,7.8936453,10.202308,1380.443,3344.6226,24399.084,83563.94,0.30620757,0.025211643,3661,2,11,9
285067.356544486,3347951.599477982,40546,1,840.9237,28.237812,308.41806,0.0041376045,9.41529,10.192491,1397.6719,2897.9478,23670.934,84291.59,0.2800496,0.032336663,3661,2,11,7
285104.7634402224,3347869.005910221,40547,1,778.3207,32.825523,303.69006,-0.0062007965,11.68314,8.876974,1396.8646,2808.505,23652.793,84366.63,0.31866854,0.0009937527,3661,2,11,7
285145.29376124963,3347829.0388046526,40532,1,752.82916,24.752249,289.7989,-0.010909549,8.643923,9.110985,1396.963,2754.85,23624.533,84421.4,0.3198169,0.00428017,3661,2,11,7
285234.9084016792,3347557.948200527,40531,1,809.6263,22.107794,37.405365,0.008373906,7.280221,9.665599,1393.0769,2473.0952,23609.633,84636.13,0.37705463,-0.03876861,3661,2,2,5
285327.8210367236,3347426.230679796,40530,1,760.68176,20.926062,322.12503,-0.022310512,7.5068293,9.851562,1392.1323,2307.6394,23561.63,84784.92,0.3739055,-0.037952635,3661,2,2,9
285359.8337494084,3347205.807670434,40529,1,766.7971,38.017372,309.6107,0.00056326925,13.67198,9.496814,1387.8522,2097.451,23595.094,84923.11,0.31145528,0.017454423,3661,2,11,6
285739.55256462604,3347302.74402277,40528,1,732.1634,34.27745,355.6013,0.005906989,12.144799,9.857681,1399.59,2028.3245,23202.387,85198.86,0.3465283,-0.019610768,3661,2,11,7
286065.6396088027,3347184.084124784,40514,1,633.1634,20.372856,291.80142,-0.007838189,6.9554386,7.7478714,1405.0016,1820.1099,22921.871,85544.02,0.29328296,0.03756228,0,2,11,9
268404.6667878803,3339416.798462151,38877,1,632.0342,14.62857,345.06857,-0.008549313,5.5681953,6.6268196,1026.6115,145.6022,42144.94,75912.17,0.3036418,0.030839093,3661,3,11,7
267937.86396367144,3340407.6214237497,38878,1,667.8634,26.87047,355.7636,0.011487497,10.073793,9.274801,1026.2236,50.0,42258.082,74898.29,0.2698591,0.056765955,3661,3,11,6
267674.5353237526,3340532.725300567,38879,1,712.90045,34.103962,47.202606,-0.0020696349,12.085894,8.112529,1023.9953,148.66069,42466.23,74625.03,0.29193044,0.0527499,3661,3,2,7
267730.170304514,3340537.17015918,40050,1,686.24176,34.679226,63.434937,-0.001829425,12.589619,7.243603,1024.5496,98.48858,42415.64,74655.36,0.3944941,-0.062751725,3661,3,11,7
267315.9443868302,3340827.9443288827,39377,1,679.9051,25.6113,146.97614,-0.005956398,9.235549,8.586884,1021.21246,380.78864,42714.54,74156.83,0.44608685,-0.10923009,3661,3,11,9
267445.56522818806,3340894.919566804,38679,1,694.1467,27.083979,40.815063,0.020178037,10.226574,10.43631,1022.80035,237.69728,42572.387,74212.91,0.4051429,-0.069899015,3661,3,11,5
267389.49008142407,3340916.3555483404,38680,1,682.22614,35.33132,107.281494,0.009923726,13.161266,10.217126,1022.2184,287.9236,42623.35,74154.99,0.49758404,-0.1597536,3661,3,11,6
267488.7700007863,3341121.941726429,38732,1,580.69086,46.480083,319.3987,0.0036185908,17.867887,9.585386,1023.99646,120.83046,42464.105,74088.59,0.3553615,-0.019725483,3661,3,11,7
267304.9987517341,3341198.086361544,38681,1,671.7512,31.373907,14.470306,-0.00096625875,11.310565,10.050473,1022.25745,250.0,42611.633,73901.28,0.44044197,-0.10784472,3661,3,11,7
267320.27606471226,3341380.132703586,38682,1,669.2635,19.438482,0.0,0.0028339566,7.1209435,7.1024165,1023.0423,127.27922,42538.887,73795.82,0.30863547,0.02326198,3661,2,11,7
267342.2571304294,3341412.38099685,40063,1,662.37274,25.376785,9.865814,0.0021480757,9.512571,8.222988,1023.36346,92.19544,42510.902,73790.69,0.27475196,0.056394015,3661,2,11,7
267267.5217358308,3341599.6008848804,38694,1,725.38916,40.12221,19.653809,0.00503352,15.807655,10.366846,1023.03094,42.426407,42531.64,73604.35,0.46123603,-0.12683009,3661,2,11,6
267253.02694039675,3341723.925228897,38693,1,701.93164,35.976254,8.325653,0.0012323293,13.59824,9.042552,1023.2775,22.36068,42506.44,73516.96,0.34228545,-0.008296846,3661,2,11,7
267230.25147611235,3341878.499163625,38692,1,692.0912,30.179007,24.904755,0.005302958,11.032882,9.687101,1023.5212,98.99495,42479.742,73395.6,0.3228152,0.013894268,3661,2,11,6
259686.1198690908,3335657.3628680483,38945,1,1160.2854,32.612404,185.52756,-0.004529243,12.043172,8.708709,970.79895,7185.332,51629.594,72535.125,0.3667812,-0.0424537,3661,3,11,6
259819.2926706982,3335352.5578522114,38944,1,1118.7755,35.27927,248.74951,-0.0008865745,13.540493,10.041946,973.03906,6851.4673,51619.15,72855.01,0.3689705,-0.036687203,3661,3,11,9
262886.2813401858,3335264.806409381,39267,1,1101.874,24.415531,22.249023,-0.008106388,8.726998,10.707603,985.24915,5034.5405,48803.105,74955.984,0.29598904,0.032250583,3661,3,11,7
263675.119923666,3336079.853146641,38751,1,1004.2954,38.93852,233.1301,-0.0028253284,14.906875,9.159377,987.5952,4645.105,47761.164,74890.69,0.23526284,0.09533286,3661,3,11,7
263674.577077023,3343392.3624216253,38747,1,811.9818,29.97258,305.5377,-0.008695779,11.243802,7.9249096,979.4454,1752.8262,45528.746,69743.04,0.41722006,-0.08824571,3661,2,11,9
263697.8848217863,3343397.2704086774,38746,1,812.9352,30.737104,296.56506,-0.008088748,11.728562,8.419275,979.7035,1730.8091,45506.97,69750.97,0.42712244,-0.10206149,3661,2,11,7
263717.7786551789,3343451.581697477,38745,1,850.5699,40.679436,276.98108,-0.0026061172,15.935493,10.257307,979.91187,1697.9988,45475.914,69731.81,0.43003276,-0.102745324,3661,2,11,6
263749.2711768403,3343480.957084694,38744,1,864.87866,38.815933,294.10223,-0.0020124405,15.362174,7.94228,980.2837,1660.271,45439.785,69733.6,0.4438994,-0.1165326,3661,2,11,6
263841.24857907306,3343398.7846005512,40117,1,805.0258,28.46552,287.8189,-0.0041833087,10.1500635,10.362747,981.7376,1587.5137,45361.09,69861.36,0.44263616,-0.11247104,3661,2,11,9
264009.2690641425,3343423.7060981146,38759,1,799.8737,28.159658,252.89728,-0.0019050858,11.481949,9.8346405,983.89026,1429.4055,45200.84,69965.77,0.3363181,-0.00057833176,3661,2,11,7
264092.8583566357,3343425.6351408013,40118,1,795.7605,32.62981,275.04245,0.0011428104,12.236112,8.345287,985.11414,1344.061,45113.336,70032.19,0.33738235,-0.0053181057,3661,2,11,6
264119.20639221364,3336888.439233992,38762,1,1384.1553,31.808054,159.22772,-0.008126306,12.254697,7.8628974,989.4084,4667.5903,47053.305,74606.78,0.37271884,-0.045973755,3661,3,11,6
264237.4303329849,3343530.032576809,38760,1,814.81616,38.004814,316.08093,0.0019802542,14.767867,8.17892,986.9479,1176.4353,44951.54,70061.56,0.34591615,-0.013052277,3661,2,11,6
264969.77475383395,3343142.4618063536,40104,1,810.3311,31.358837,83.29016,0.008917792,11.429642,10.520018,996.90045,667.0832,44335.605,70864.34,0.4981871,-0.16236943,3661,2,2,5
265550.4367403766,3341552.0487682656,38720,1,853.4258,38.24936,318.9452,-0.006431066,14.611757,9.851562,1003.211,1414.2136,44184.445,72372.49,0.17176396,0.13759065,3661,2,11,7
265709.97055562754,3341568.50008891,40064,1,852.20984,37.94559,275.19443,-0.00091705617,14.969556,8.193312,1004.9544,1294.0247,44034.88,72469.195,0.26688683,0.05900188,3661,2,11,6
265836.0493059706,3341577.5682184007,38721,1,866.1748,41.904087,263.15723,-0.0015773092,16.848886,7.957294,1006.4621,1194.0269,43907.34,72558.12,0.20171998,0.11558578,3661,2,11,7
265885.67626749125,3341550.5289187524,38731,1,853.68835,41.529537,258.9298,-0.0012705459,16.93989,8.045249,1006.9954,1172.0068,43867.867,72615.234,0.25646922,0.0669874,3661,2,11,7
265981.8654322588,3338693.687997309,38750,1,1619.9225,35.60765,253.44293,0.005594877,13.915028,10.106821,1003.57495,2370.0845,44668.39,74650.984,0.1705379,0.1502462,3661,3,11,6
266173.436445032,3341398.192190585,39409,1,779.0983,36.46833,302.15228,0.0028748806,13.626605,10.186141,1010.06244,1030.0486,43632.844,72930.35,0.40558267,-0.07494195,3661,2,2,7
266464.2787204616,3338048.071751283,40083,1,1137.0994,31.779833,290.1363,0.0066139544,12.640519,10.336312,1006.02594,2137.7559,44443.05,75441.22,0.3096784,0.005667835,3661,3,11,6
266646.0446608001,3341673.673260918,40065,1,740.81903,28.151129,299.4759,-0.00066267396,10.369504,7.869437,1016.0076,494.0648,43105.133,73096.39,0.38716897,-0.056065645,3661,2,2,9
266675.3672932113,3342314.568266257,38735,1,668.9126,33.056274,33.23172,0.0029147991,11.533218,7.752149,1017.84155,84.85281,42897.87,72691.414,0.47309887,-0.14211875,3661,2,2,5
266814.43496622005,3342180.2855505277,38734,1,640.8834,34.28327,9.03949,-0.0014366544,12.924172,7.5253406,1019.2586,50.0,42798.83,72882.414,0.47298664,-0.14390264,3661,2,2,6
266857.934216812,3340763.880232711,40087,1,897.138,35.990448,328.7816,-0.0035516764,14.079226,9.822551,1016.1167,837.73505,43173.82,73864.08,0.38259226,-0.05796896,3661,3,11,7
266990.0263019916,3341508.6535421866,38719,1,831.1925,42.770695,116.56503,0.0030542614,17.242466,9.892698,1019.54034,318.9044,42825.71,73456.05,0.3513607,-0.00039169658,3661,2,11,5
267082.8543005723,3341364.7574797245,38705,1,859.7714,27.03272,351.8699,-0.0016240261,9.964643,9.016382,1020.26404,330.1515,42774.07,73630.74,0.4106612,-0.08590405,3661,2,11,6
267099.28533939336,3342091.830143749,38733,1,655.5213,44.060406,183.43364,0.003226676,17.454718,9.485128,1022.4425,114.01755,42554.81,73151.45,0.30444103,0.02982201,3661,2,11,6
267118.0544253766,3341619.3363726027,38708,1,789.7506,26.953857,97.125,0.01656283,9.792024,9.901094,1021.3482,148.66069,42669.37,73479.25,0.32718945,0.020018613,3661,2,2,3
267180.1917346842,3341629.9881030726,38707,1,774.3724,37.369747,11.56012,0.00669825,14.05761,10.285839,1022.0747,94.33981,42609.047,73517.27,0.40385213,-0.07241119,3661,2,11,5
267194.91607843747,3341529.911605228,38706,1,785.76044,36.609337,0.0,0.0077202623,14.376455,9.599245,1022.01196,141.42136,42619.008,73598.89,0.36999178,-0.04088282,3661,2,2,6
257330.9351424132,3340955.187605876,36883,1,1115.4249,25.774263,292.61987,0.004097582,10.185432,10.938808,958.4184,8540.258,52270.117,67012.59,0.27269825,0.049493082,3661,3,11,6
257398.9595701226,3338513.199153669,37705,1,1075.6608,34.6519,108.92465,0.0012394469,13.540961,9.636502,963.66095,9533.625,52873.758,68881.22,0.34662694,0.0035383163,3661,3,2,6
257485.9013414317,3339355.358234192,38295,1,1199.886,27.096872,255.96376,0.0021958624,9.83713,9.401447,960.7994,9035.956,52547.67,68306.84,0.16460632,0.1499824,3661,3,11,5
257531.59774689443,3340392.631438102,38357,1,1061.2839,24.430717,157.83362,0.02788253,10.433348,11.015352,957.5815,8551.31,52219.39,67562.51,0.35997018,-0.019668685,3661,3,2,3
257553.2664881472,3340941.2556988825,38298,1,1060.6473,31.79003,262.875,0.001906203,12.358793,7.8609023,955.9105,8336.936,52059.594,67167.73,0.36861384,-0.04209881,3661,3,11,6
257552.86148450835,3340362.64485718,37860,1,1051.9438,28.639677,268.21008,0.022020787,10.618961,10.618404,957.4527,8544.0625,52207.895,67598.195,0.23266335,0.08955289,3661,3,11,3
257608.25458275137,3340391.118919622,37802,1,1067.1495,32.548443,289.65384,0.015153626,12.472505,10.988575,956.84906,8486.437,52151.8,67609.3,0.20055553,0.116302975,3661,3,11,3
257594.9000269819,3340945.88502967,36924,1,1058.0477,36.72851,300.96375,0.0037906005,14.684625,10.578953,955.45,8299.428,52020.875,67194.625,0.25900695,0.067169845,3661,3,11,6
257616.71869081407,3340944.0278579174,36925,1,1049.3029,40.58554,300.96375,0.003558064,15.744885,9.851562,955.2197,8280.683,52001.516,67208.086,0.24923621,0.0773283,3661,3,11,6
257642.0807302496,3340982.741569963,37757,1,1070.8801,35.165264,282.6804,0.00535532,12.671489,10.540133,954.762,8238.653,51962.453,67198.695,0.39518127,-0.063887544,3661,3,11,6
257658.08660475677,3340411.488984277,37881,1,1067.0155,33.5535,290.85446,0.007616553,12.664814,10.5192375,956.2682,8432.586,52098.32,67627.88,0.26438832,0.06311507,3661,3,11,3
257704.49106397305,3341007.066448685,37781,1,1062.7667,40.648254,309.80557,0.0019634648,14.612273,10.085031,953.97876,8171.9824,51896.855,67216.95,0.3094735,0.018715238,3661,3,11,6
257745.9828672428,3340428.4068715246,37972,1,1044.6716,40.780144,298.21735,0.0025719253,16.074778,10.258939,955.2612,8341.702,52006.215,67673.3,0.28490597,0.040106412,3661,3,11,6
257838.54398032845,3340501.4455396305,37986,1,1063.2437,44.77024,302.38068,0.00050555874,17.540974,10.182279,954.08636,8231.95,51901.11,67681.75,0.2657984,0.055064492,3661,3,11,3
257849.9718263282,3340145.7939109574,37900,1,1071.1698,46.145615,181.84763,0.004321657,20.070902,9.044536,955.1456,8364.622,51986.13,67955.67,0.30590755,0.027969755,3661,3,2,6
257874.90085856584,3340215.132696381,38226,1,1072.9758,53.438465,142.125,0.0074728224,24.040077,10.4814415,954.61365,8308.58,51938.613,67923.734,0.33925653,0.008501554,3661,3,2,5
258049.8245560057,3340282.5020518443,38005,1,1087.8718,64.90584,115.88028,-0.0031053594,37.815834,9.266497,952.6334,8124.8076,51756.14,67985.79,0.300464,0.053701915,3661,3,2,6
258087.7936749685,3341011.976579475,37465,1,1079.4568,38.569397,128.4802,-0.005899035,16.038454,8.483655,949.5428,7815.7856,51529.0,67473.69,0.3990164,-0.057106685,3661,3,2,6
258107.136045483,3341063.345756519,37637,1,1081.6346,40.780556,167.09259,-0.0066645215,16.902416,10.85436,949.12524,7779.833,51497.074,67450.46,0.41001922,-0.068399504,3661,3,2,6
258106.8320291596,3341120.800603203,38042,1,1062.2255,40.21605,167.73523,-0.007635838,16.555637,6.584337,948.905,7758.6724,51482.055,67406.34,0.39770108,-0.064256705,3661,3,11,9
258113.56104699525,3341086.3511028467,37571,1,1083.3313,45.037502,162.25531,-0.005225509,17.545712,10.7180805,948.93353,7763.382,51482.383,67442.53,0.42216387,-0.076178536,3661,3,2,7
258154.2667270891,3338710.718504617,38224,1,1187.032,31.205309,231.63252,-0.0015745047,11.449627,9.226164,957.6229,8786.467,52088.51,69229.91,0.31094047,0.014677292,3661,3,11,6
258173.9975512043,3338647.7199633466,38225,1,1168.4578,36.186913,228.01279,-0.00091778795,12.914113,9.626295,957.717,8803.204,52087.016,69288.16,0.30699134,0.02315871,3661,3,11,6
258303.69183403507,3338503.066967377,38227,1,1151.5549,37.407066,227.91084,-0.0013517773,13.203888,8.672574,957.4195,8781.446,52007.242,69486.65,0.25046903,0.06970047,3661,3,11,6
258327.25295243904,3338478.4185401066,38228,1,1150.863,37.183228,225.97102,-0.0011695848,13.134118,8.606044,957.3671,8776.708,51994.105,69514.875,0.25926098,0.06386091,3661,3,11,6
258368.37377154225,3338443.4724965016,37703,1,1148.8062,35.18981,228.12215,-0.0008011658,12.709639,9.201551,957.2669,8767.497,51967.87,69571.32,0.28535843,0.03768865,3661,3,11,6
258416.7707772084,3339299.579712464,37704,1,1398.0509,37.390213,219.09387,-0.009373023,14.167358,8.748441,953.10095,8250.849,51669.277,68961.51,0.3031819,0.016303496,3661,3,11,6
259375.60766051448,3335125.859686751,38919,1,1014.81793,36.50154,341.11392,-0.002425927,14.515361,10.418946,972.72266,6752.962,52112.535,72744.84,0.31203097,0.022004474,3661,3,11,6
259404.58397649167,3335235.801131953,40006,1,1019.93494,43.726036,331.69925,-0.0023994427,17.961313,10.16912,972.1773,6849.416,52044.84,72680.3,0.2676001,0.06396335,3661,3,11,7
259398.22214268692,3335169.456694151,38932,1,1006.71674,39.285904,342.80145,-0.0052844253,15.317168,10.271142,972.4969,6794.8804,52075.805,72719.6,0.34855255,-0.0110940905,3661,3,11,7
259626.69068081616,3335753.059194735,38946,1,1135.8374,40.975246,189.24612,0.0036081646,16.661417,9.951456,970.034,7288.4087,51653.867,72427.766,0.3686084,-0.035146967,3661,3,11,6
259628.37878237083,3332161.2845826074,39064,1,1033.2539,48.3653,4.398712,-0.002374116,21.8834,9.304782,990.15405,3904.1772,53027.363,75185.92,0.2750102,0.046452213,3661,3,11,6
259581.10015392845,3332507.585115394,39065,1,1015.23096,39.994106,3.7313843,-0.0008832297,15.028252,7.357526,988.20245,4236.7085,52920.863,74888.7,0.37506098,-0.035210866,3661,3,11,6
259565.01669795465,3332544.5407526344,39960,1,1035.2047,37.40584,357.2073,0.00057464855,13.519283,8.551478,988.0248,4272.353,52926.984,74852.81,0.3621299,-0.023375608,3661,3,11,6
263165.87819816964,3332573.047556007,39039,1,1365.4442,33.32184,327.17145,-0.0010664819,11.953624,10.126909,990.16345,3512.7908,49644.055,77149.47,0.23909119,0.0895856,3661,3,11,6
259614.69337599585,3332624.5918487245,39066,1,1008.59735,31.526072,354.80557,0.0014242339,11.033724,7.510046,987.60706,4324.3613,52848.89,74822.26,0.33223516,-0.004298782,3661,3,11,5
260689.9184682805,3332698.761638829,38986,1,1054.5963,41.54011,168.17853,0.0047431467,16.896114,9.73816,987.9494,4063.2007,51839.094,75440.61,0.33954185,0.0077246944,3661,3,11,6
259545.18139972712,3332860.965624172,39075,1,992.26306,45.663128,28.442932,-0.00040346797,19.441166,8.254582,986.2115,4572.198,52816.5,74591.97,0.40721005,-0.0717868,3661,3,11,6
260593.8343635251,3332865.349760507,38985,1,1034.1869,45.667038,312.2073,0.0013024032,17.933752,10.169832,987.17737,4242.228,51855.8,75260.086,0.15360528,0.15830825,3661,3,11,6
259465.2744003069,3333001.52272095,39076,1,1004.0382,34.898716,30.141388,-0.004072864,12.865043,8.810489,985.3364,4732.547,52834.086,74432.92,0.28412944,0.06739071,3661,3,11,6
260142.56496008157,3333088.318863261,39476,1,955.0741,34.674423,191.30994,0.005030771,13.261057,8.432087,985.62067,4587.9517,52174.594,74795.5,0.31498516,0.025535949,3661,3,11,6
259967.16787666304,3333607.2957541994,38972,1,1037.0052,30.27732,225.0,0.014540788,11.584926,10.625041,982.71704,5137.285,52134.22,74280.6,0.25583148,0.08391836,3661,3,11,3
260222.12993689865,3334094.225941908,38971,1,1100.2572,50.877636,140.4403,-0.00040560545,23.077919,10.451884,980.8395,5526.672,51708.46,74080.19,0.2999306,0.028788522,3661,3,11,6
259266.19113302827,3334088.0472198506,39077,1,967.9365,19.588346,324.4623,-0.014261406,7.2058043,9.851562,978.5771,5816.2275,52595.895,73464.016,0.3289844,-0.0019321396,3661,3,11,9
260237.3695585843,3334146.986109272,38959,1,1083.9253,42.637917,167.09259,-5.328799e-06,17.555504,8.804491,980.5697,5581.272,51676.176,74040.84,0.37257573,-0.047688123,3661,3,11,7
259450.7486013069,3334186.278211791,39086,1,943.6884,36.39512,327.84772,0.004180454,13.179883,10.0139885,978.4979,5834.9375,52385.973,73516.22,0.26333088,0.06350838,3661,3,11,7
259461.3839263828,3334241.0843835366,39087,1,951.88495,28.051668,0.0,0.0062015355,10.866974,9.5148735,978.174,5888.3784,52354.062,73476.54,0.31545612,0.017907977,3661,3,11,6
259461.5884459868,3334267.8912755973,38889,1,952.57556,29.13577,1.8475952,0.003385452,10.93469,8.707195,977.99976,5916.7646,52342.758,73453.5,0.32676032,0.0053327777,3661,3,11,6
259439.36228394,3334312.3860220094,38890,1,969.693,32.79336,356.53177,0.00067193795,11.316611,8.678392,977.6893,5964.327,52355.508,73403.57,0.4105055,-0.072866894,3661,3,11,6
259897.94166925535,3334336.4300872786,38934,1,1024.9436,40.802826,164.05457,-0.0036073595,16.979355,8.937186,978.73193,5858.438,51918.14,73676.266,0.4522654,-0.12420187,3661,3,11,7
259876.1048432277,3334374.2767639738,38933,1,1018.4861,39.38901,200.69547,-0.0024203276,15.50327,10.091683,978.51886,5892.8096,51925.316,73640.44,0.45953047,-0.12764098,3661,3,11,6
260130.00889528103,3334374.2020009323,38947,1,1061.7106,40.406235,298.70596,-0.005175783,15.926312,9.30588,979.19385,5823.65,51693.914,73801.875,0.31252143,0.011750624,3661,3,11,6
260176.82139299976,3334385.840298033,38958,1,1053.3044,37.24439,284.03625,-0.006565527,14.596886,8.974374,979.2794,5818.8403,51643.863,73826.6,0.16667435,0.1472888,3661,3,11,9
259446.741650067,3334419.0549650253,38891,1,963.5813,28.672535,13.570435,0.0030840372,10.656071,8.142235,977.07306,6065.2617,52305.004,73325.58,0.3987455,-0.06519357,3661,3,11,6
259410.3566076905,3334448.151423967,38903,1,976.5756,26.01132,6.115509,0.0012285052,9.100847,8.509132,976.8148,6103.2773,52321.625,73283.31,0.31628042,0.027957574,3661,3,11,6
259386.7326782714,3334480.7982162186,38904,1,987.1852,23.401066,8.130096,0.00065724563,8.171969,8.563635,976.55444,6141.352,52338.273,73241.06,0.39999923,-0.0657902,3661,3,11,6
259377.97947313,3334506.6483740723,38905,1,988.87976,24.882343,10.885529,0.0017054463,8.662374,8.457334,976.34863,6172.9736,52336.387,73211.63,0.41691023,-0.08755491,3661,3,11,6
262910.98905274185,3334778.0267229835,39013,1,1147.5759,31.867409,335.22485,-0.007015497,11.624345,9.072141,986.2168,4877.397,48961.637,75331.57,0.26952782,0.061187625,3661,3,11,9
259336.4515308291,3334778.6882192222,38916,1,993.98706,39.385136,356.69812,0.0008322326,15.163337,10.036001,974.61993,6441.5605,52273.746,72979.02,0.30305502,0.02356613,3661,3,11,5
259345.64013815764,3334821.1969191623,38917,1,984.0096,47.214592,15.679535,-0.0030871902,20.378578,9.851562,974.4123,6476.3726,52249.76,72954.836,0.28839615,0.037515115,3661,3,11,6
259337.8400987352,3334866.8814285616,38918,1,965.44745,52.407818,5.527527,-0.006734983,26.49109,8.306838,974.0807,6526.99,52240.758,72910.14,0.3837835,-0.04916685,3661,3,11,10
262943.5819782372,3334908.6659865854,39024,1,1145.9536,22.184591,10.30484,0.0045861145,7.9277215,8.435514,986.0919,4879.846,48883.18,75255.33,0.31006518,0.026640683,3661,3,11,6
259551.37866608505,3329561.9932376915,39911,1,464.14285,30.27128,266.42368,-0.003916393,11.066688,6.156285,1004.5204,1873.2325,54211.586,77183.39,0.089470915,0.22599727,3661,3,11,9
262052.48347904,3330540.86529414,38942,1,939.7564,29.774155,271.84763,7.59253e-05,10.575404,8.613276,994.686,1572.0369,51538.758,77977.75,0.20630255,0.11102768,3661,3,11,5
262451.4234223321,3330579.2614808693,38943,1,871.16174,37.034126,324.7824,0.004950079,14.613184,10.621249,993.9175,1525.5491,51164.535,78202.36,0.13407832,0.19328573,3661,3,11,5
259239.1921044336,3330882.007146317,39051,1,1023.82465,33.227398,189.72758,-2.6761278e-05,12.507353,9.6418085,997.7321,3058.8398,53918.906,75944.94,0.34504336,-0.013788429,3661,4,11,5
259219.10827842169,3330976.407348414,39050,1,1032.719,41.40561,195.46123,0.0027270042,16.442339,9.77443,997.1681,3148.603,53894.223,75853.91,0.3741277,-0.029759318,3661,4,11,6
259188.8351680053,3331027.686760231,39041,1,1017.95044,38.317844,195.01837,-0.0006061959,14.382806,10.0289955,996.9098,3206.244,53900.047,75796.05,0.32031938,0.022167895,3661,4,11,6
259438.51005107453,3331063.289092448,39052,1,1018.9721,24.021412,2.7263184,-0.0017608815,8.403511,9.300034,996.4199,3070.5862,53661.13,75927.08,0.49100634,-0.16309884,3661,4,11,6
259463.3829355978,3331119.840942562,39053,1,1005.269,23.838182,2.489563,0.0023627176,8.082804,9.205929,996.04407,3100.0,53608.395,75898.59,0.30753362,0.022575313,3661,4,11,6
259097.52332197025,3331188.9029917605,39040,1,1022.21893,31.087467,234.86581,-0.005096615,11.033869,9.435144,996.0522,3386.5767,53913.668,75614.62,0.31182054,0.013626109,3661,4,11,5
262700.8083753521,3331215.5446302597,38954,1,932.434,31.143425,347.66092,-0.000387836,11.356198,8.803627,992.3645,2150.0,50656.05,77880.67,0.21339871,0.10935626,3661,3,11,6
261786.73914562084,3331283.2681984794,39025,1,1221.0479,38.29278,218.45372,0.0007178343,14.627881,9.936918,993.0087,2359.7458,51448.6,77235.72,0.16720468,0.15876256,3661,3,11,5
261995.64257176116,3331291.1509827864,39026,1,1275.4243,51.78895,318.74298,0.001946342,22.103558,10.644381,992.8022,2306.7292,51255.805,77362.51,0.24967702,0.08097006,3661,3,11,5
262144.7713717037,3331299.248698249,39943,1,1204.8605,42.93709,293.33405,0.00058329914,16.53584,10.091938,992.6518,2282.8054,51116.91,77451.09,0.20226963,0.12191341,3661,3,11,6
262024.01119712007,3331329.7139530256,39038,1,1271.9745,47.05702,322.04578,-0.0002689966,18.378365,10.376982,992.67163,2338.0547,51211.207,77351.055,0.19259869,0.13304366,3661,3,11,5
262764.5452606542,3331422.016117968,38955,1,942.5672,32.42474,336.57132,0.003987315,12.540102,10.575724,991.9408,2360.0,50508.316,77759.336,0.12538752,0.20655353,3661,3,11,6
262766.8950088344,3331478.4399504303,38956,1,947.25543,35.638878,351.67435,0.00057775417,13.284983,9.919967,991.8348,2420.0,50481.543,77713.64,0.149736,0.17749506,3661,3,11,7
262799.9980638916,3331603.661157425,38957,1,965.2871,29.505884,322.30576,-0.0020337296,11.469624,9.276456,991.609,2540.0,50401.29,77641.766,0.13925745,0.19364831,3661,3,11,7
263141.1327490317,3331607.354569149,38968,1,978.02893,21.508032,242.10272,0.012022554,7.3590875,10.564828,991.4466,2552.822,50083.46,77861.83,0.094309494,0.23508923,3661,3,11,6
262901.3094520381,3331734.7227629656,38967,1,972.6047,35.409298,303.2749,-0.0005187218,13.348738,8.19298,991.35175,2670.0,50245.047,77614.46,0.13234432,0.19660054,3661,3,11,7
258991.6959563924,3331754.3544906704,37611,1,1010.9256,37.800262,247.6938,0.0031217944,14.305708,9.084538,992.21844,3886.0005,53770.387,75112.9,0.16996811,0.1473748,3661,3,11,6
259025.8129785856,3331762.2208320578,37593,1,1028.1453,36.358833,246.29736,0.002073082,13.790562,10.387956,992.3328,3876.1323,53738.938,75123.68,0.2406117,0.08331975,3661,3,11,6
259066.8635924396,3331762.446815466,39054,1,1036.7761,33.037243,258.69006,-0.0020242352,12.130589,10.264869,992.56714,3852.5317,53702.52,75148.51,0.26345155,0.06522842,3661,3,11,6
263190.7019448862,3331796.190800071,39572,1,1050.0967,47.449547,194.03625,0.0051714173,19.938833,10.341407,991.19727,2735.2878,49958.52,77758.06,0.32348272,0.02276274,3661,3,11,6
263389.73517855373,3331570.5054611308,38969,1,1009.5454,34.66926,246.19406,-0.00252439,12.514841,8.802123,991.39233,2533.3772,49886.8,78048.76,0.19119045,0.14214134,3661,3,11,7
263398.0757676138,3331328.1936065285,38982,1,1024.1132,28.10839,161.56506,0.008077381,10.485799,9.864848,991.6337,2295.9312,49986.156,78237.13,0.21263063,0.13037509,3661,3,11,5
263398.7772217466,3331234.874201014,38983,1,1007.3406,43.845715,228.91826,0.0050307396,16.378647,10.165204,991.7352,2196.5884,50031.555,78312.99,0.10733191,0.217237,3661,3,11,5
263436.2320725516,3331545.817094783,38970,1,1009.8037,36.5585,233.97263,-0.005411443,13.394514,8.966444,991.39984,2508.8044,49855.63,78104.13,0.2139488,0.12428092,3661,3,11,7
263645.82027036016,3330940.4850023235,39942,1,1041.704,8.959261,216.8699,0.008097688,2.8453465,8.538229,991.73224,1932.563,49942.145,78695.875,0.14444989,0.18683945,3661,3,11,5
263762.1266069654,3330908.947123346,39929,1,1049.5405,25.161707,347.73523,0.015761986,8.633726,10.92248,991.60876,1915.0979,49849.586,78796.82,0.0784835,0.24257647,3661,3,11,3
263995.96090390946,3331005.517068432,38984,1,1023.8248,42.092102,230.9645,-0.0018667515,15.750571,9.305835,991.30743,2033.7649,49604.055,78878.87,0.2245217,0.108614706,3661,3,11,7
264085.7969691455,3330936.867677192,38995,1,1035.1241,35.737423,242.78389,0.0035856813,13.060649,10.812238,991.2212,1990.6029,49552.18,78983.13,0.15404029,0.17168905,3661,3,11,6
264385.36656984687,3333063.894120582,39266,1,984.92426,33.672325,94.289154,-0.006902395,12.273922,8.436624,991.1263,3049.6067,48332.094,77593.3,0.42813095,-0.07514476,3661,3,2,7
264651.69553614565,3330352.303284385,38996,1,988.1894,37.29517,301.2184,-0.0035759583,14.455408,7.9952707,990.27563,1632.9421,49328.156,79802.28,0.21753734,0.117000826,3661,3,11,7
264977.1436946878,3332807.596960504,39012,1,940.19855,26.239988,327.99463,-0.00037499887,9.279751,10.159535,991.7499,2422.1685,47910.85,78174.67,0.29660577,0.025558583,3661,3,11,6
265152.8767612421,3330188.6058041384,39323,1,974.22437,34.26445,234.6888,-0.0069885557,12.908266,8.481614,989.19385,1725.3986,48967.38,80251.1,0.21425895,0.12088612,3661,3,11,7
265312.42192402267,3329958.9701598985,39324,1,966.2474,34.778088,241.38956,-6.126214e-05,12.590239,9.007113,988.57526,1602.6228,48940.062,80529.6,0.1746146,0.15179345,3661,3,11,6
265654.4384525176,3330261.703553443,39325,1,959.15247,35.11702,281.04095,-0.0052907327,13.304659,8.012201,988.3274,1978.004,48496.684,80528.18,0.1645268,0.17249505,3661,3,11,7
265857.93558019755,3330212.099050527,38997,1,947.4258,31.645237,255.96376,0.0048951698,12.04126,9.91506,987.85596,1799.6943,48346.9,80698.04,0.1079024,0.21510322,3661,3,11,6
266023.8086125873,3332834.1900264057,39961,1,861.6279,36.467545,6.9529724,0.0023232095,13.879289,9.68108,992.973,1396.3524,46962.19,78870.06,0.30652738,0.02098908,0,3,11,5
266213.53948408924,3334856.451535576,38821,1,940.5796,27.213581,46.397186,0.005881154,9.780424,10.328561,997.6336,1841.6567,45910.805,77525.69,0.3714862,-0.027882392,3661,3,11,6
266261.52249858825,3332224.5114417183,39564,1,735.09973,25.474136,64.53665,-0.003745988,10.810358,8.745411,991.8471,1080.0,47027.156,79480.88,0.3651076,-0.01963227,3661,3,2,7
266658.8374520824,3329047.5310321306,39341,1,827.37177,40.61353,38.29016,-0.0004925415,15.35067,9.271179,982.9479,1433.8759,48241.01,82097.14,0.42240423,-0.08438743,3661,3,2,6
266823.6722569358,3329664.716287322,39340,1,542.98395,27.246464,316.54816,0.00012287241,9.363334,9.071435,984.30475,1083.3743,47782.207,81753.44,0.43801677,-0.09710277,3661,3,2,8
281120.1989699212,3370776.28800783,38290,1,1429.158,32.622322,241.92752,-0.00018206389,12.105719,9.825074,1686.6967,23647.059,31658.96,71540.555,0.41740236,-0.09755699,3661,1,11,6
281084.98775441624,3370790.223983841,38291,1,1433.3291,35.22196,257.3196,0.0002274406,12.940457,9.785603,1686.4038,23664.0,31695.0,71506.18,0.47547942,-0.15752208,3661,1,11,6
281045.7228994849,3370794.6263460307,38313,1,1426.3264,33.85908,252.07208,0.00040505183,12.934067,8.782852,1685.5765,23660.113,31728.918,71467.75,0.42120358,-0.09625488,3661,1,11,6
280526.3385609941,3370871.5149140614,38209,1,1292.7484,43.30252,259.38034,-0.00652786,17.266289,7.6440454,1676.1318,23695.453,32212.992,70946.05,0.45695615,-0.13189608,3661,1,2,6
283429.5115962741,3371108.9428193644,38156,1,1854.2251,35.90236,299.19748,-1.0938536e-05,12.601938,10.190347,1740.0461,24301.78,29919.188,73671.32,0.27609622,0.04743467,3661,1,11,6
278628.76955342124,3371284.808308628,39271,1,1184.3496,45.033325,254.93152,0.007092135,18.327312,10.33867,1643.5471,22239.75,34052.0,69007.23,0.39028007,-0.058950618,3661,1,2,5
278667.7900265106,3371295.8809023653,39272,1,1192.5664,42.68414,297.75854,0.0062531657,17.803871,10.180296,1644.5382,22280.979,34022.64,69042.81,0.3977113,-0.061040018,3661,1,2,6
278570.1678472374,3371405.428486292,38115,1,1259.7568,38.830063,244.05771,0.0059231515,15.157839,11.081626,1644.2708,22209.434,34164.727,68916.01,0.44078958,-0.104916066,3661,1,2,5
276032.7366740017,3371741.690162949,38118,1,1297.7305,36.418182,293.1986,-0.011147235,13.542567,8.445522,1597.5027,19843.904,33601.168,66392.89,0.53559977,-0.22407795,3661,3,2,9
281949.47946691926,3371735.162092252,38269,1,1588.1471,41.328594,263.15723,-0.0061495965,15.534396,8.313547,1719.5919,24695.596,31489.404,72080.15,0.4624192,-0.13433574,3661,1,2,7
282172.52999223187,3371968.7865186757,38256,1,1794.6451,39.186073,239.26451,-0.002814344,15.306722,10.147398,1728.2819,24963.994,31436.422,72239.63,0.3937567,-0.06414764,3661,1,2,6
285301.4233808074,3372077.9501556065,40096,1,2182.0193,38.111683,317.48956,-0.0014214485,13.271389,10.011129,1778.0057,25591.89,28993.662,75240.18,0.29730815,0.026531005,3661,1,11,6
279536.3906711416,3372138.246601646,38211,1,1144.8353,38.903843,351.25385,0.008099041,15.983866,10.98681,1676.4531,23330.174,33726.58,69647.47,0.49681827,-0.17278093,3661,1,2,5
285223.9976174484,3372379.263526991,40097,1,2287.111,22.417824,341.56506,0.002316914,7.9831524,9.851562,1782.081,25868.752,29244.023,75089.06,0.3536345,-0.012562287,3661,1,11,5
285160.6685102298,3372384.14723604,40098,1,2303.543,13.072266,335.55603,-0.0010165586,4.4848714,9.851562,1781.6143,25856.527,29290.684,75030.87,0.33878604,-0.0120544555,3661,1,11,6
281152.1529329374,3372632.813130458,38270,1,1662.4082,35.061184,253.1416,-0.001305949,13.1719265,9.10643,1717.9929,25021.32,32650.613,71084.586,0.320118,0.01720577,3661,1,2,7
284289.1977612262,3372824.1488006013,40099,1,2460.2004,32.549637,285.70865,0.0015575702,11.72046,10.477502,1781.9828,26126.37,30252.512,74070.49,0.38830662,-0.052775867,3661,1,2,6
278375.53733318014,3372843.4402870312,38222,1,1727.8497,42.996475,334.359,0.00049251836,17.786434,11.021936,1663.9164,22392.555,33424.418,68344.08,0.44938076,-0.11700467,3661,1,2,6
279182.0596516071,3373905.237036195,38238,1,1363.0626,26.358528,346.42957,0.005792559,9.616239,10.91955,1698.0315,23477.465,32795.344,68860.74,0.45824832,-0.13226815,3661,1,2,5
279201.536829847,3373931.454935875,38223,1,1350.6656,31.832003,5.355835,0.0050263903,11.516185,10.314222,1698.9366,23505.764,32776.89,68872.84,0.44026345,-0.11376832,3661,1,2,5
278552.7958679134,3374043.237044657,38254,1,1509.7021,32.50741,0.0,-0.0013073377,12.142311,10.010982,1687.2871,22923.832,32401.723,68215.62,0.41708308,-0.077038236,3661,1,2,7
278515.95624201593,3374057.981773298,38239,1,1533.5337,30.393091,14.036255,-0.00041564796,11.274944,10.502043,1686.7869,22892.438,32366.898,68171.945,0.43239763,-0.10175418,3661,1,2,7
282914.1061618927,3375325.0494281948,38255,1,1851.9458,28.424812,208.17859,-0.0248541,10.893045,9.851562,1798.4845,27464.387,32899.805,72169.15,0.35298178,-0.009118683,3661,1,2,9
284776.3095121574,3375694.374464955,39763,1,1920.2157,35.4009,195.12401,-0.014289506,13.125998,9.851562,1831.8878,29037.895,31759.04,73911.875,0.5164373,-0.19736327,3661,1,2,9
284911.7390408625,3375743.0797409634,39764,1,2008.3866,30.442072,190.95407,-0.004874795,10.936502,9.350833,1833.4365,29110.867,31691.31,74038.89,0.36670816,-0.02516457,3661,1,2,7
284290.8292375633,3375951.959100669,39780,1,1740.6143,48.214684,217.79396,-0.004426012,18.707735,9.859517,1833.6193,28973.154,32287.404,73389.33,0.4708548,-0.15116729,3661,1,2,7
284329.26488371287,3375981.551487345,39762,1,1790.074,43.940475,213.40784,0.0026301104,17.749214,10.152017,1834.2687,29011.201,32285.861,73412.72,0.44129792,-0.11062154,3661,1,2,6
281380.16194018023,3376052.0285736914,38267,1,1415.0001,35.4127,328.73627,0.0073912647,13.122836,10.54055,1778.5682,26260.055,31929.902,70510.23,0.48765773,-0.16350883,3661,1,2,5
284343.2394311806,3376099.358887384,39779,1,1824.7081,33.96255,186.00902,0.0011804571,12.174498,9.602383,1836.3495,29068.928,32353.152,73408.42,0.53884727,-0.2260483,3661,1,2,6
284404.4585464729,3376264.5525977574,39761,1,1859.2471,20.589111,180.0,0.0040190164,7.2026463,10.875606,1839.283,29177.98,32419.143,73435.69,0.40983218,-0.077917285,3661,1,2,5
274553.3171023043,3377194.248315019,46182,1,1528.813,29.078344,119.054596,0.006905172,10.519103,10.669139,1637.6703,20588.816,27969.201,63602.727,0.22947314,0.10864349,3661,1,11,6
259921.2931730477,3368120.594481477,38162,1,1518.5653,36.32196,18.434937,0.003200449,14.043818,11.148436,1205.2126,3403.792,34511.08,52603.73,0.49683398,-0.17058122,3661,2,2,6
262819.1927312592,3368498.2079076297,38334,1,2013.4513,37.22382,264.4278,-0.00073986134,13.915252,9.725909,1271.1604,6240.5205,34485.22,55074.88,0.35975996,-0.037707865,3661,3,11,6
261379.8327464801,3368515.365510364,39154,1,1515.9791,35.990246,324.63754,0.0045933397,13.08371,10.302285,1241.5525,4887.7397,34360.625,53755.586,0.41686013,-0.08683352,3661,3,11,6
259458.38072613892,3368914.5024805926,38400,1,1554.0264,30.081808,195.42218,-0.0008676615,11.230459,9.877477,1217.3462,3375.574,33664.84,51843.09,0.27725786,0.049220897,3661,2,11,6
262582.74847209646,3369424.709801468,38333,1,2374.2446,34.042053,260.78897,0.0025455346,12.532894,10.593377,1281.421,6364.4165,33562.04,54499.3,0.2395124,0.086992174,3661,3,11,6
266875.15753939527,3369837.975997093,38189,1,1228.0736,41.478832,229.14464,0.0037407938,16.140814,10.160682,1376.9882,10515.536,33466.03,58322.75,0.1654926,0.15011549,3661,3,11,5
258203.4467458545,3370046.435988307,38384,1,1348.4369,39.371384,196.31386,-0.0010122082,15.40425,9.096313,1234.0715,3174.9172,32390.615,50232.74,0.2994282,0.02873346,3661,3,11,7
258162.08388396783,3370159.650431744,38385,1,1332.7317,38.822975,190.30486,0.0014651496,15.15093,9.136919,1235.5996,3225.9263,32277.287,50151.203,0.31825495,0.017403277,3661,3,11,7
258184.3018126992,3370285.699206366,38401,1,1347.3091,33.3018,159.0755,0.003302519,12.803903,10.996506,1237.3572,3327.732,32159.758,50120.543,0.2418756,0.10373207,3661,3,11,7
266200.47555036884,3370505.718657924,38175,1,1318.3816,41.015003,246.16125,-0.0016509129,16.342516,11.144684,1373.9131,10111.627,32724.158,57462.523,0.19189107,0.1310113,3661,3,11,7
266137.92071347655,3370534.8817943777,38174,1,1319.8601,33.315563,266.8202,-0.005385777,12.175905,8.795,1372.9553,10058.469,32685.914,57386.45,0.32459307,-0.0017344779,3661,3,11,7
258641.8799327863,3370721.0955190547,38151,1,1547.1625,35.792297,244.0935,-0.0066897296,14.703566,7.7906485,1244.7235,3962.8525,31770.088,50365.33,0.29465574,0.037618216,3661,3,11,7
258167.08797869465,3370797.548016535,38505,1,1526.3129,39.74975,258.69006,0.0007362956,15.738546,9.885971,1244.7876,3713.812,31640.266,49893.01,0.27655414,0.062222708,3661,3,11,6
259013.27473700987,3371372.5081371106,38506,1,2055.8545,31.767244,223.78113,-0.01136733,12.045957,9.262642,1255.6124,4694.3794,31168.754,50453.234,0.29797158,0.04083267,3661,3,11,7
258892.4323373197,3371411.898521828,38525,1,2066.736,42.4422,283.17255,-0.0055251867,17.511457,9.020424,1255.8483,4647.8486,31114.152,50327.055,0.26478332,0.065692805,3661,3,11,7
259939.19899829096,3371830.150549704,38650,1,2061.9204,22.141651,0.0,-0.00065249775,8.419149,9.812461,1266.1921,5656.925,30843.703,51133.36,0.3593275,-0.02469806,3661,3,2,6
266678.07533204777,3372246.9958741795,39104,1,1689.728,34.261017,251.56506,0.0054296847,13.230866,11.480434,1412.2178,11298.979,31051.965,57317.07,0.17016044,0.14866728,3661,8,11,6
266348.8690473185,3372665.432473036,39308,1,1697.2678,21.530928,239.03625,-0.0035959373,7.0776396,9.000795,1412.0876,11212.783,30599.988,56873.562,0.16303442,0.15441103,3661,8,11,7
258922.8788967542,3374105.1901074145,37779,1,1446.0931,40.869534,9.246124,-0.00029892856,16.39755,9.4588585,1296.9539,6327.3774,28450.336,49389.016,0.28272054,0.042287618,3661,8,11,6
258905.57131954643,3374188.524035131,38592,1,1450.9001,40.54113,22.714417,0.0047641387,16.408493,11.213915,1298.1797,6341.4985,28358.46,49340.055,0.1313529,0.18258692,3661,8,11,6
259615.09937144225,3375028.802467996,38593,1,1386.4138,30.174675,288.43494,0.009850329,10.771017,11.247686,1316.6152,7330.1094,27633.828,49739.574,0.14921136,0.17417233,3661,8,11,5
259591.0065134158,3375030.9479019297,38594,1,1387.9385,30.841097,259.38034,0.011511782,11.042999,11.26348,1316.453,7311.9146,27630.557,49720.586,0.19249396,0.13390014,3661,8,11,5
257310.4483569488,3375417.6780755227,38628,1,1115.7845,34.969788,287.35403,-0.00624312,14.208638,8.429907,1303.1024,5415.764,26962.379,47434.84,0.38713202,-0.0550888,3661,3,11,7
257930.00608027092,3375635.4646043605,38612,1,1171.1958,40.08465,239.03625,-0.003945853,15.611594,7.9190564,1311.2032,6055.279,26810.842,47946.656,0.38587627,-0.048905697,3661,3,11,6
258380.7907925903,3375804.6162386457,38611,1,1125.971,41.01192,341.56506,6.3366446e-05,16.52153,8.831565,1317.7217,6542.7363,26694.758,48331.15,0.22517478,0.09633902,3661,8,11,6
258166.4424396604,3376024.43768865,38084,1,1313.328,33.948242,1.5481567,0.0014532051,12.198729,9.203286,1318.804,6444.3545,26449.94,48054.37,0.3665066,-0.03307235,3661,8,11,6
258057.44040609748,3376141.8644632567,38610,1,1381.9872,33.230602,16.189209,0.0007891515,12.747786,9.000714,1319.4347,6399.633,26318.121,47913.11,0.3491447,-0.016076256,3661,8,11,6
258251.05421394756,3376236.242939952,38609,1,1245.2231,23.14406,315.0,-0.0116744125,9.195104,-17.980387,1322.6189,6618.7607,26252.094,48076.65,0.39065856,-0.060040977,3661,8,11,7
261351.2916038532,3376468.406765601,38332,1,1873.3125,31.99946,238.17256,-0.012135842,11.684275,6.572228,1371.0181,9514.967,26522.371,50974.875,0.33207378,0.009456911,3661,3,11,7
261325.2266698409,3376490.286733626,38172,1,1878.9071,32.48209,259.99203,-0.0076616965,11.720563,9.698272,1370.7234,9496.384,26503.316,50940.492,0.23984481,0.0921609,3661,3,11,7
258503.00633741636,3376852.5161879724,38608,1,1390.5889,25.054695,2.290619,0.0056241625,10.628334,11.109477,1334.0021,7119.6416,25668.852,48133.65,0.3482394,-0.020452235,3661,8,11,5
272883.4973414436,3367890.0035802657,40066,1,955.0006,19.757877,246.50143,0.016370011,6.79996,10.625569,1469.3774,15978.248,36458.53,64633.68,0.36977062,-0.03459109,3661,8,2,5
268949.5674610512,3368017.1722244066,39137,1,1083.7548,45.29573,304.28687,0.0006568264,19.207794,10.648031,1390.051,12103.058,35600.418,60913.64,0.367084,-0.043356363,3661,8,11,6
268437.2173923468,3368189.824604048,39296,1,1060.861,31.036974,221.34778,0.0025418801,10.9923115,9.95981,1382.2856,11629.347,35340.992,60377.0,0.3031873,0.021560771,3661,8,11,5
268342.09469959314,3368361.4520391678,39306,1,1071.4203,33.668324,207.97949,-0.0022043767,12.854605,8.57849,1383.2029,11572.817,35157.953,60230.33,0.33024308,-0.003717543,3661,8,11,6
268236.0605256992,3368751.133526843,39307,1,1138.9966,37.06278,221.05482,-0.005084695,14.27661,8.06689,1387.3013,11546.537,34754.844,59984.613,0.31858405,0.010776393,3661,8,11,7
272912.5829194572,3368966.1662055315,39003,1,961.35895,44.01837,339.56717,-0.006278496,17.360312,9.803693,1487.4977,16174.857,35420.816,64292.77,0.38052937,-0.05236551,3661,3,2,6
273031.86992562097,3369217.6423219186,39004,1,961.5022,47.707577,338.1986,0.0036936982,20.972027,10.569939,1494.2313,16340.624,35194.305,64318.61,0.32574776,0.003481909,3661,3,2,6
267768.4725237295,3369636.688011765,39136,1,1351.8083,28.323503,288.43494,-0.0046316525,9.9874115,9.677978,1392.1249,11312.304,33798.79,59225.65,0.33272254,-0.00073827064,3661,8,5,7
272812.62575904303,3369652.8121486497,39304,1,923.90027,47.220497,12.171448,-0.0017167274,20.326672,8.658999,1496.7148,16212.307,34725.855,63968.715,0.4035542,-0.073343895,3661,3,2,6
266955.5475841024,3369768.8851084416,38176,1,1206.0632,26.16396,255.37912,-0.0009948376,9.43521,9.290979,1377.499,10570.923,33546.56,58422.477,0.46912295,-0.13845474,3661,3,11,9
270067.1535199016,3369974.985179557,39070,1,1796.5051,35.111122,161.56506,-0.0050376444,13.1041975,9.689914,1445.0792,13620.048,33900.75,61269.12,0.41798383,-0.078829,3661,3,2,6
267624.02894695505,3370516.3929734137,39123,1,1479.252,26.285032,180.0,0.0051912824,10.543697,10.507766,1403.4436,11440.826,32917.61,58790.945,0.42876,-0.09968187,3661,8,2,5
267443.02859433007,3370973.1789139984,39122,1,1611.4656,26.674845,295.55997,0.000919653,9.62782,10.764148,1407.2358,11437.241,32434.441,58465.36,0.21803014,0.10854812,3661,8,11,7
272583.7147659389,3371039.412500433,39005,1,1038.6936,36.673653,5.04245,0.009084196,15.569332,9.710165,1514.6903,16331.1045,33319.695,63307.03,0.40199545,-0.06355438,3661,3,2,5
272587.5882609888,3371115.1507999483,40067,1,1002.48694,57.725048,37.16446,0.0017496439,28.538233,9.693652,1515.835,16350.061,33251.504,63285.375,0.26702985,0.06612017,3661,3,2,6
271656.487249895,3371297.0613195198,39059,1,1351.9619,35.448334,330.06848,0.0038932012,12.43567,9.827145,1499.706,15513.301,32867.43,62342.26,0.34141088,-0.011088693,3661,8,11,7
272710.8392004219,3371651.7566713663,39289,1,991.5838,29.646114,28.442932,0.0036338677,9.999171,10.667574,1527.3549,16629.48,32755.84,63244.625,0.3784073,-0.035344183,3661,3,11,5
267012.1276485274,3371795.0043210755,39105,1,1655.1787,25.943802,253.30077,-0.009197026,9.086065,9.153064,1411.7372,11386.0625,31557.188,57787.727,0.18607463,0.13119146,3661,8,11,7
272084.42999999126,3372523.932159292,39060,1,1128.2345,28.775143,354.2894,-0.0042596054,10.526535,9.127494,1528.5491,16322.065,31765.402,62385.543,0.43164945,-0.10438511,3661,3,2,6
272388.6081123805,3372869.8184358687,39018,1,1016.90466,25.77278,320.44034,0.007810322,8.688754,10.498148,1540.4788,16729.295,31492.527,62572.23,0.2669141,0.062964395,3661,6,7,6
272106.8234164516,3373029.113397079,40068,1,1041.1608,34.449593,105.94537,-0.004748237,12.833171,9.966507,1537.302,16530.785,31272.713,62258.34,0.3052749,0.042143885,3661,3,2,7
271777.9632989765,3373851.541627054,39019,1,1017.5386,33.59632,326.76828,-0.0017061847,12.659298,9.630469,1543.8816,16566.424,30399.781,61713.535,0.34693733,-0.013731685,3661,3,2,7
271801.1464378526,3373981.909103346,39020,1,1015.12463,38.59414,14.826477,0.0025926046,15.222528,10.303132,1546.6279,16650.268,30279.664,61707.133,0.2082214,0.112921655,3661,6,7,6
271705.0461185123,3374065.265313028,39031,1,1060.5554,35.178238,33.274902,-0.007261139,12.925706,8.930586,1545.8666,16596.102,30179.516,61589.254,0.35722643,-0.013843181,3661,3,2,6
271780.73226688633,3374167.1271496112,39032,1,1015.48816,40.842983,342.34988,0.0014559694,15.788446,10.205949,1549.3206,16716.844,30089.988,61636.777,0.21046183,0.113068655,3661,6,2,6
271277.878408609,3374374.785262491,39058,1,1231.4463,27.492136,15.068481,-0.014546995,10.27916,9.851562,1542.0366,16353.755,29784.578,61091.883,0.29276866,0.057080843,3661,3,2,6
271304.3071312036,3374469.424234194,39045,1,1216.3463,41.93393,353.01895,-0.0008709064,16.590008,9.361369,1544.2922,16427.062,29693.07,61094.223,0.29343522,0.037739363,3661,3,2,6
271641.4700430582,3374546.93657252,39044,1,1009.6524,33.579258,16.990814,-0.0075753243,11.9797535,7.621261,1552.6362,16765.012,29688.363,61401.094,0.35233572,-0.012745769,3661,3,2,7
271306.6706296098,3375843.936525495,39288,1,1082.8312,30.310986,236.8215,-0.0024333387,10.975784,7.7148376,1566.6892,17100.154,28355.127,60745.54,0.29756698,0.030615369,3661,6,11,6
270892.20966379944,3376341.982492927,39273,1,1124.7488,40.216908,225.0,-0.0017803892,14.416661,9.527391,1566.376,17016.633,27778.67,60227.17,0.33350265,-0.02088048,3661,6,2,6
272233.8445286876,3376802.323137857,45957,1,1052.1656,30.098915,346.7595,0.012494042,10.700896,9.886913,1595.8633,18394.156,27645.957,61424.14,0.5040589,-0.18858686,3661,6,11,6
299393.608623711,3366460.444195295,39855,1,1277.9418,31.888042,300.37912,-0.001682509,10.4366455,9.997215,1858.8281,14686.49,15133.539,90303.05,0.46783987,-0.14200409,3717,1,2,6
304884.3058395908,3367008.302627312,39587,1,1535.2948,29.199226,332.52557,0.0031056926,10.179129,10.624584,1923.4536,13464.888,13368.635,95465.82,0.39410692,-0.06554939,3717,8,11,6
304883.79123938194,3367049.4323666207,39599,1,1537.6044,27.020916,14.62088,0.0009396943,8.937815,10.846449,1923.4917,13504.281,13407.476,95455.92,0.36227253,-0.029529685,3717,8,11,7
304868.2331563529,3367074.945424011,39600,1,1544.5496,20.262835,14.62088,0.001467544,6.5885177,11.012227,1923.2878,13527.453,13431.679,95431.59,0.29973546,0.043441698,3717,8,11,7
299455.7282639151,3367088.2098735226,39846,1,1263.0347,40.27706,277.4314,-0.0022778749,15.421339,9.73171,1862.6721,15218.702,15624.406,90194.17,0.40378857,-0.06471482,3717,1,2,7
299807.13958914543,3367164.86463745,39847,1,1205.509,32.86647,1.5481567,0.0030624978,12.863756,10.107173,1866.9506,15127.225,15496.287,90513.86,0.4679569,-0.1384555,3717,1,2,6
304994.96217119525,3367144.0059750057,39602,1,1525.8784,24.637259,322.69604,0.0032951667,8.21709,10.128976,1924.798,13574.425,13469.232,95540.31,0.40540725,-0.071459346,3717,8,11,7
305534.0481647816,3367128.005016932,39618,1,1499.9872,32.648422,229.39871,0.007370107,11.757076,10.52118,1930.7793,13449.822,13345.879,96066.234,0.4084961,-0.07492462,3717,8,11,6
304798.36479468475,3367177.595030214,39601,1,1563.0444,27.974958,350.2176,-0.0069468226,10.447759,9.851562,1922.6199,13648.07,13555.316,95336.625,0.32943532,0.000530058,3717,8,2,9
306904.4397183366,3367172.9990462475,39619,1,1456.0884,22.955202,304.38034,-0.019976253,7.1139207,8.536426,1945.9185,13114.58,13189.366,97385.42,0.39317697,-0.057192974,3717,2,2,7
305479.714202119,3367236.512253434,39603,1,1519.1495,37.03542,220.31412,0.0011435009,13.021386,10.363082,1930.1711,13572.398,13465.37,95981.164,0.47127262,-0.14202647,3717,8,11,6
307434.83352573,3367755.0049906066,40293,1,1891.0647,39.951847,259.46082,-0.004716024,16.303656,8.933679,1951.2137,13556.548,13728.893,97762.31,0.4894762,-0.16613322,3717,2,2,6
310334.7848011002,3368346.4590866915,41143,1,1266.585,26.193407,257.0054,0.0026365095,9.115442,9.881963,1927.9519,13755.842,13839.913,100448.89,0.0,0.33333334,3717,2,11,6
300047.57890504785,3368882.85516302,40481,1,1439.7395,31.71202,329.62088,0.0045942934,11.660358,10.292006,1877.5166,16603.473,16869.443,90315.51,0.4781124,-0.14658341,3717,1,2,5
308343.04592184373,3369003.4990445217,40145,1,1649.4113,44.732998,271.02304,0.0025426927,16.56726,10.294092,1950.3479,14627.215,14843.18,98364.414,0.0,0.33333334,3717,2,2,6
309259.1905724491,3369144.2730185185,40132,1,1666.7642,39.64439,278.47116,-0.0040854057,15.250738,9.265968,1940.1138,14633.813,14786.092,99221.83,0.0,0.33333334,3717,2,2,6
297649.6143388014,3369251.7210113937,39816,1,1752.5674,23.863955,309.47247,-0.013712584,8.69279,9.851562,1855.9568,17972.957,18424.686,87897.38,0.40786496,-0.06671303,3717,1,2,7
299892.6555882049,3369531.797518634,39817,1,1762.687,37.67187,296.56506,0.004507082,14.159735,10.675786,1879.0952,17262.25,17514.74,90015.15,0.30189925,0.035947446,3717,1,2,5
299868.4024211632,3369854.9865007508,39815,1,1784.8503,17.39385,352.87497,0.0009776336,5.6819825,11.215246,1880.3339,17570.635,17813.057,89911.39,0.5226613,-0.20451896,3717,1,2,3
308192.5059896909,3370223.3518136265,40131,1,1850.0424,25.836676,285.9454,-0.016055217,9.707373,9.851562,1951.0669,15855.766,16063.838,97956.28,0.47799203,-0.14797433,3717,1,2,9
301171.6768854206,3371312.8534114626,39890,1,1740.5988,12.169905,274.3987,0.015617388,3.9724379,10.967171,1897.9459,18530.043,18606.785,90864.25,0.30621102,0.037341505,3717,1,2,5
301481.0563289914,3371542.200540176,39889,1,1759.3301,31.998035,303.23172,-0.0137393465,10.822899,9.14349,1901.2826,18668.328,18710.225,91118.61,0.37620962,-0.04635621,3717,1,2,9
298547.3253844097,3372097.345084379,39800,1,1818.7174,26.770668,65.22485,-0.004652582,9.363541,9.851562,1881.1332,20152.332,20417.7,88126.59,0.46787122,-0.1401672,3717,1,2,7
298793.861987462,3372582.3295379733,39799,1,1805.3939,38.36814,266.0091,-0.0016587154,14.269613,9.609386,1885.7283,20502.824,20733.078,88271.44,0.47461432,-0.15471166,3717,1,11,6
301015.5143200061,3374160.2289882395,39906,1,1800.9641,19.059376,241.92752,-0.014262357,6.746182,9.851562,1908.0077,21320.445,21334.541,90142.97,0.403669,-0.067793146,3717,1,2,9
301054.48823224363,3374257.9070826154,39905,1,1850.58,28.99094,289.0256,0.00275187,10.20081,10.969779,1908.6465,21406.62,21415.96,90164.055,0.34338516,-0.010155147,3717,1,2,6
300804.4010698062,3374376.403468971,39891,1,1769.0251,46.960423,182.96095,-0.0011953671,18.778704,10.426896,1907.6715,21587.666,21611.695,89896.42,0.48309052,-0.15363857,3717,1,2,6
305757.22809375974,3374515.974567309,39660,1,1751.6356,27.376017,275.90616,-0.005294877,9.980337,9.464005,1936.2208,20519.512,20610.213,94746.57,0.22546402,0.085590415,3717,1,11,7
301936.6151406663,3374824.0506100864,39646,1,2049.8428,26.400467,218.29016,-0.016076947,9.559073,9.851562,1915.708,21723.926,21680.559,90930.28,0.4037315,-0.0645627,3717,1,2,7
307622.0370278982,3375062.0190931032,39659,1,2200.0198,28.690752,255.96376,0.000992933,10.359888,10.1497555,1946.1404,20725.414,20911.098,96499.29,0.3546308,-0.019323904,3717,1,11,3
293034.4573078048,3365384.49219682,39737,1,1945.7936,34.08948,46.080933,0.0045601614,12.577676,10.947256,1773.0175,17018.73,18776.752,84509.69,0.473349,-0.14575423,3661,1,2,5
292700.71764787385,3365622.4515170422,39738,1,1901.3364,28.031162,293.9625,-0.001619254,9.839207,9.990726,1771.2062,17306.371,19184.684,84123.12,0.40941373,-0.068625815,3661,6,2,7
296319.5765015951,3365801.607317817,39798,1,1700.8861,34.757465,236.68936,-0.006186007,12.912695,8.664965,1817.6832,15804.518,16589.215,87524.77,0.31844866,0.0077986917,3661,1,11,7
296189.17973122274,3365839.9080239157,40057,1,1666.6598,40.301147,219.47247,0.0008522471,14.893475,9.922105,1816.3757,15914.072,16709.055,87388.766,0.18898486,0.13818099,3661,1,11,7
293234.00009398576,3365937.2716926774,39754,1,1889.7155,31.609398,266.72952,-0.006683773,11.407357,8.760186,1780.9243,17546.156,18966.285,84535.11,0.45013186,-0.113497116,3661,1,2,6
295991.0036729652,3366004.6051745755,39755,1,1623.9509,37.771973,205.97441,-0.0034530528,14.277092,9.202344,1815.2428,16156.002,16956.473,87161.2,0.35574275,-0.024084678,3661,1,11,6
294097.37346591894,3366433.5729397973,39888,1,2043.3545,21.781725,254.74489,0.012552065,7.5784087,11.24731,1795.8848,17685.658,18630.676,85217.266,0.27599087,0.06090212,3661,3,7,5
288568.1521374798,3367703.1908390094,39655,1,1904.2188,18.167847,34.508514,0.0019352811,6.1474085,9.000914,1746.1592,20374.75,23753.115,79555.2,0.34793144,-0.0051525836,3661,1,2,6
289405.74924292497,3367708.508823543,39760,1,1903.4099,15.258175,100.30484,0.004787712,5.44739,10.641192,1755.6228,20114.1,23078.46,80356.97,0.42906755,-0.10351136,3661,1,2,6
287069.0246346512,3369720.3895405075,39820,1,2041.1669,25.813213,308.991,0.001977831,8.705765,10.572076,1758.2133,22795.994,26156.064,77550.58,0.34289232,-0.007524638,3661,1,11,5
287446.0754125819,3369736.174236578,39785,1,2043.9728,27.45082,263.41806,0.0073520495,9.3639765,10.523607,1762.0254,22667.568,25859.67,77913.84,0.240376,0.0784031,3661,1,11,5
287269.6185214577,3369777.9914899394,39802,1,2047.99,27.344912,275.7106,-0.0009499874,9.428412,10.026612,1760.9943,22778.729,26032.98,77727.03,0.24374717,0.07457054,3661,1,11,5
287292.07750466594,3369793.4158991403,39804,1,2050.906,28.504614,279.46234,-0.0013923851,10.186012,10.058666,1761.4238,22777.236,26015.219,77753.24,0.24846041,0.075674884,3661,1,11,5
287284.5471059845,3369793.7079144944,39821,1,2052.0125,27.896687,274.2364,-0.00093233725,9.942866,10.137841,1761.3278,22780.838,26023.162,77743.61,0.27770683,0.04357203,3661,1,11,5
287278.89735264843,3369819.687265368,39803,1,2067.8936,26.747332,267.8789,0.0014644369,9.724371,10.522849,1761.6553,22812.426,26049.338,77725.93,0.3300417,0.0025579492,3661,1,11,5
288302.8448356388,3370074.25170944,39801,1,2026.5723,23.290974,295.46335,-0.014056316,8.714957,9.851562,1774.8573,22698.832,25397.059,78652.88,0.32396626,0.005647657,3661,1,11,7
291124.38445999526,3370106.867997219,39781,1,2170.909,25.077665,138.36646,-0.004387483,8.305134,10.474175,1801.6342,22008.22,23311.494,81367.78,0.57631534,-0.2755538,3661,1,2,6
288292.5490660156,3370098.1195203247,39784,1,2040.3339,25.457825,284.62088,-0.015006986,9.681589,7.5653725,1775.1647,22730.457,25423.809,78635.38,0.47030863,-0.1485737,3661,1,11,7
289673.8140223858,3370275.66524713,39783,1,1965.914,30.407997,304.2157,0.008194596,10.940803,10.712745,1790.144,22495.896,24485.148,79924.66,0.2790611,0.043961875,3661,1,11,6
289685.7927215731,3370287.6579170097,39782,1,1970.4445,29.789944,317.72632,0.0071003996,10.865164,10.565339,1790.4829,22512.633,24490.998,79929.23,0.27209702,0.050337225,3661,1,11,6
289935.0135610452,3370396.185634816,39824,1,1933.9985,21.359035,209.05461,-0.006383035,7.4800897,8.895602,1793.9912,22546.31,24372.29,80145.64,0.08650284,0.23228326,3661,1,11,9
289966.1730795298,3370405.0660265577,39823,1,1947.9109,26.725857,205.55998,-0.0016238877,9.178992,9.504132,1794.3854,22548.625,24356.857,80172.14,0.30564228,0.027617048,3661,1,11,7
286974.93249115784,3370462.288740619,39822,1,2012.428,16.388638,180.0,-0.0032933813,5.3248625,9.851562,1767.965,23517.586,26678.656,77267.18,0.18453246,0.14141761,3661,1,11,6
286991.6205418149,3370471.9876194247,40073,1,2016.9861,14.165786,188.74617,-0.0040060226,4.7966113,9.851562,1768.2909,23519.67,26669.117,77283.87,0.23367654,0.10989527,3661,1,11,6
287003.14613980346,3370492.3387486595,40072,1,2020.2604,16.339043,199.44005,-0.004014486,5.4999027,9.851562,1768.669,23534.709,26673.63,77288.3,0.3678297,-0.03449495,3661,1,11,6
289950.2483383781,3370502.59228095,39841,1,1982.8268,32.492527,230.82635,-0.0024078637,11.479713,9.744584,1795.5093,22648.03,24431.75,80137.25,0.4292724,-0.10371363,3661,1,11,7
289917.94683656667,3370500.611963329,39842,1,1971.7782,29.268202,247.83366,-0.007303938,10.305023,10.781203,1795.1489,22657.848,24461.234,80098.54,0.3735083,-0.04633471,3661,1,11,7
289897.65213372896,3370510.107595356,39843,1,1972.3408,26.342539,247.83366,-0.011994914,9.368947,9.851562,1795.0907,22672.47,24482.738,80076.664,0.3721999,-0.045254376,3661,1,11,7
289891.7783563763,3370514.6809733296,39844,1,1972.3408,26.342539,247.83366,-0.011994914,9.368947,9.851562,1795.0907,22672.47,24482.738,80076.664,0.3721999,-0.045254376,3661,1,11,7
286984.2963798288,3371974.972679388,40497,1,2071.5107,21.29314,313.0251,0.0059368387,7.5169106,10.505729,1789.769,24927.596,27629.352,76895.93,0.21721971,0.103954054,3661,1,11,6
290894.001666382,3372585.241822009,39661,1,2535.667,20.174856,275.7106,-0.0018171592,6.6866603,9.485148,1827.8455,24476.143,25238.93,80555.17,0.27575403,0.050495945,3661,1,2,5
258070.04742192372,3365854.549753248,38485,1,812.4823,16.615326,282.5288,0.014495879,6.3741617,10.706599,1173.5166,1021.0779,36561.645,51973.887,0.22704779,0.13038267,3661,2,11,3
258215.8382791668,3365996.524685865,38245,1,852.59705,34.396057,258.02386,-0.0035491718,12.607415,8.137865,1175.0714,1190.7981,36424.73,52034.49,0.38767385,-0.048531655,3661,2,11,6
258307.5354820676,3365960.601222176,38486,1,859.99634,41.281395,233.8068,0.0008821633,16.102137,8.78218,1174.1078,1274.2449,36472.418,52132.695,0.23379079,0.11567807,3661,2,11,6
258655.1125045677,3365944.589908921,38257,1,935.92346,34.13994,280.71313,0.0052594575,12.510651,8.561256,1172.3452,1617.8999,36524.887,52450.605,0.3829123,-0.05352946,3661,2,11,6
258731.98350064715,3365960.187137082,38504,1,929.1817,35.452286,294.30457,-0.0016970282,13.068614,9.678334,1172.3186,1700.0,36512.895,52511.766,0.42504004,-0.087729156,3661,2,11,7
258820.35061102695,3365867.6211560224,38259,1,891.9743,42.030956,210.57924,-0.006164963,16.61203,8.804149,1170.5453,1774.9647,36611.527,52633.535,0.46070245,-0.12714586,3661,2,11,7
258833.74549517463,3365782.596924941,38258,1,867.1716,40.72871,186.95297,-0.007446802,17.50187,7.4985213,1169.1036,1770.706,36702.08,52684.8,0.47624812,-0.14415212,3661,2,11,9
258843.48064353075,3365748.9868166028,38487,1,887.89197,38.35597,168.69006,-0.0022404592,14.804252,8.200763,1168.5928,1776.2883,36732.945,52707.78,0.47738698,-0.14568584,3661,2,11,7
259197.9745994948,3364809.534588305,38261,1,834.5592,43.76954,27.59729,-0.0031506845,17.685238,9.440828,1151.94,2020.0,37704.676,53464.59,0.48150092,-0.1454664,3661,2,11,6
259197.48839974293,3364878.0710290167,38260,1,838.2979,46.668713,339.22775,-0.0009750405,19.446405,9.446122,1153.0658,2020.0,37635.094,53430.78,0.46272597,-0.12923753,3661,2,11,6
259181.3220757713,3365944.963162428,38488,1,1037.7356,36.814415,306.57303,-0.0029537058,13.041604,9.207726,1170.121,2141.121,36580.492,52918.64,0.4435909,-0.11912509,3661,2,11,5
259309.8777766632,3366071.31453716,38526,1,1036.7133,34.16507,349.11447,-0.00092420174,12.638057,10.4788885,1171.7202,2279.8245,36465.008,52964.293,0.47083783,-0.1431273,3661,2,11,7
259882.55084080927,3364572.553684613,38216,1,822.84863,28.209358,289.65384,-0.004119588,11.243786,7.5675044,1146.473,2710.0,38024.184,54184.76,0.06443974,0.29907265,3661,2,11,6
259929.75056238656,3368087.4134485205,38161,1,1524.0867,34.312008,3.2704773,0.0019028595,12.943052,9.217774,1204.7233,3390.9438,34540.78,52616.594,0.4795934,-0.15162405,3661,2,2,6
259982.42543793487,3364612.3604322905,38215,1,823.15436,34.870495,308.15723,0.00486121,12.862954,9.988898,1149.1918,2810.0,37997.27,54253.207,0.20185415,0.1649471,3661,2,11,6
260043.05393075413,3364712.414026464,38217,1,833.222,26.770184,339.44397,0.0065250797,10.731543,9.894012,1152.0629,2870.0,37905.91,54257.95,0.07329314,0.29926834,3661,2,11,5
260065.97599565773,3365111.863309501,38214,1,953.82245,31.031815,319.18494,-0.0040563536,11.994863,9.076392,1159.002,2896.912,37512.035,54085.41,0.41968235,-0.08242961,3661,2,11,7
260080.0141760212,3364957.995501407,38366,1,900.80804,50.70045,336.91486,0.00021050977,21.31252,9.260042,1156.7614,2900.431,37662.035,54165.234,0.4232057,-0.08613128,3661,2,11,7
260213.29842039707,3365604.790945864,38337,1,1071.5043,37.285748,314.029,-0.0031371778,14.356918,9.172784,1170.0957,3108.8584,37046.902,53988.48,0.39767694,-0.06989506,3661,2,11,6
260217.3202482201,3366595.976576139,38200,1,1087.2778,37.420433,295.4077,-0.0008449198,14.294236,10.892367,1186.2471,3256.7776,36066.703,53536.133,0.43030792,-0.10094238,3661,2,11,7
260332.0914576252,3364830.4325203914,38186,1,865.1148,36.010876,199.359,0.002502737,14.364097,9.772108,1160.0127,3160.0,37826.1,54455.785,0.4016705,-0.04634808,3661,2,11,6
260368.89545425403,3364976.5857254085,38218,1,894.7122,39.32902,187.76518,-0.0019289484,14.747855,9.310548,1163.0798,3190.7678,37681.754,54411.242,0.43516135,-0.08477854,3661,2,11,6
260380.49577098337,3364610.1488675917,38367,1,825.72156,31.775406,270.0,0.011245706,11.420716,9.952667,1157.4564,3210.0,38050.918,54604.418,0.07687094,0.28197277,3661,2,11,6
260450.45817097923,3365112.250417278,38364,1,957.84503,29.737377,178.09082,0.002899128,11.121763,9.491971,1167.0605,3286.0918,37565.8,54429.457,0.46284002,-0.12617096,3661,2,2,6
260480.58371887807,3365172.738190096,38365,1,976.32764,40.956966,177.51044,0.0006700613,15.534141,9.313697,1168.6594,3320.1958,37510.723,54427.83,0.49152708,-0.16051558,3661,2,2,6
260594.87582843204,3364645.269181548,38188,1,827.6839,29.814941,252.75854,0.0009930003,10.894952,10.534603,1162.2848,3420.0,38051.05,54774.812,0.1430699,0.21012536,3661,2,11,6
260592.62227400296,3365821.033454076,38339,1,1117.9764,29.463089,279.7824,-0.002194875,11.308191,8.039513,1181.5378,3517.1724,36883.883,54224.215,0.42059046,-0.09108238,3661,2,11,7
260706.5302916836,3365665.490830958,38340,1,1066.5317,35.763584,178.66779,-0.0071813823,12.974509,7.351134,1181.2004,3602.2354,37058.62,54395.367,0.4963874,-0.16670531,3661,2,2,7
260709.93078040515,3365767.696954887,38338,1,1086.2842,25.835392,221.98723,-0.01569851,9.560818,9.851562,1182.9952,3619.019,36949.895,54344.902,0.46823162,-0.1369335,3661,2,2,7
260752.0688848176,3365703.065561891,38363,1,1101.2233,34.490902,183.09407,-0.004761106,12.636481,8.3619585,1182.8864,3657.8955,37026.707,54421.42,0.47412127,-0.1466898,3661,2,11,6
260852.2855802032,3365858.697540671,38201,1,1175.0894,29.28284,190.95407,-0.007818987,11.12449,9.851562,1187.5635,3780.2249,36884.113,54437.227,0.43059373,-0.10048031,3661,2,11,7
269101.61796852207,3364165.830208816,38989,1,968.781,38.210915,318.8141,0.00299421,14.56691,9.696028,1330.273,11930.0,39426.105,62596.117,0.43419653,-0.10232865,3661,3,11,6
267300.31108513864,3364210.823528356,38091,1,1172.6045,30.389399,255.46555,-0.01101931,12.994596,7.4835896,1293.9008,10130.0,39102.7,60948.43,0.37447077,-0.044129495,3661,3,11,7
267276.15699411894,3364239.9721661517,38092,1,1195.5219,40.209232,278.74615,-0.006551076,16.853504,7.97131,1293.7711,10100.0,39069.06,60908.38,0.34715533,-0.017301485,3661,3,11,6
267885.12399224105,3364603.976233459,40008,1,1116.8763,48.338833,313.06943,-0.0016267608,20.72568,9.1836405,1312.2566,10710.0,38796.562,61304.68,0.16227017,0.16020012,3661,3,11,7
267520.9499591972,3364622.8195646163,38306,1,1403.248,43.182434,276.3402,0.009132851,17.516842,10.9155855,1305.145,10350.0,38725.777,60970.473,0.42319608,-0.10030235,3661,3,11,5
272648.99050844385,3364639.901221725,38203,1,1364.4082,38.100758,223.02507,0.004508615,14.213405,9.512122,1411.2625,15470.0,36884.03,65628.52,0.4274302,-0.098876804,3661,8,11,6
272762.54481657874,3364715.101254045,38204,1,1473.0017,43.036022,241.38956,0.005230156,17.059492,10.069692,1414.8868,15590.0,36789.523,65711.03,0.25670108,0.058444954,3661,8,11,6
267920.6435309141,3364888.893386255,39198,1,1166.6058,41.232285,2.4366455,0.0030538656,16.161604,9.6031275,1317.8217,10750.0,38515.61,61218.246,0.38151482,-0.053565357,3661,3,11,5
268957.0274953136,3364914.643448293,39150,1,881.5244,35.732418,203.9625,-0.0025508448,13.449415,8.795739,1339.4314,11780.0,38661.465,62145.766,0.32265207,0.005135481,3661,3,11,7
272095.3379005345,3365045.4948130804,38190,1,1247.0752,30.13341,247.24902,0.0050190487,11.00249,10.638193,1406.4396,14920.566,37526.832,64965.18,0.33915314,-0.0092939865,3661,8,11,6
272173.7336101943,3365148.0518539813,38191,1,1317.1445,44.247074,253.11322,-0.002720537,18.047134,8.049341,1409.8916,15001.92,37483.027,64995.45,0.34511685,-0.021307202,3661,3,11,6
268351.76880131755,3365564.0062959213,39200,1,1185.852,33.479908,265.10092,0.006164116,12.305137,8.634084,1337.6554,11198.879,37920.39,61331.33,0.26602402,0.0733192,3661,3,2,6
267804.36059436336,3365640.917123989,40022,1,1190.7238,39.529354,261.25385,0.0062441593,15.398848,10.870312,1327.5967,10655.037,37756.11,60796.945,0.24198756,0.08105309,3661,3,11,6
267964.0417091557,3365684.055342502,39199,1,1210.5236,36.752754,275.7106,-0.0011178063,14.0306635,8.95057,1331.5568,10817.44,37740.594,60926.39,0.37967536,-0.051266104,3661,3,11,6
270158.2727878665,3365745.126632283,40035,1,902.9214,26.904938,240.52411,-0.0049341633,9.500531,9.536229,1377.7952,13006.51,38073.832,62906.47,0.2936351,0.0328087,3661,8,11,7
268976.9760092093,3365750.267496378,38112,1,1058.757,36.2657,281.04095,-0.0023812456,13.859534,9.722328,1353.573,11829.861,37837.914,61820.746,0.43208602,-0.09747052,3661,3,2,5
268873.8363358968,3365773.7339380584,38113,1,1096.4152,41.287647,310.73212,-0.0020631643,16.015396,9.798522,1351.8333,11731.563,37800.64,61721.168,0.50843155,-0.18590598,3661,3,2,6
270046.5195295233,3365773.717871726,39232,1,887.67377,30.58002,239.03625,-0.001433339,10.593705,10.05472,1376.0123,12898.701,38021.984,62793.59,0.2663916,0.05020731,3661,8,11,6
270766.30837295257,3365785.212686793,38114,1,1101.0961,35.256744,243.43497,0.0025695285,13.135889,9.846254,1391.0553,13617.818,38148.242,63451.33,0.28127718,0.037797015,3661,3,11,5
268503.9033988887,3365821.207631488,39215,1,1288.5361,44.943897,303.99646,0.0009474034,19.74796,10.831465,1345.004,11366.485,37688.484,61362.508,0.34247738,-0.003796001,3661,3,11,5
269779.3725874233,3366155.40109612,38285,1,841.3288,48.908813,313.09085,0.0018347473,20.523476,10.19153,1376.6439,12660.869,37595.543,62395.547,0.10761689,0.25934285,3661,8,11,6
269910.07776163163,3366424.8705590777,40037,1,1027.5024,39.151855,259.9194,0.006112387,15.365963,9.901187,1383.744,12819.243,37357.098,62409.758,0.3627997,-0.028513957,3661,3,2,5
269566.80623051943,3366445.218648525,39071,1,855.8669,30.339962,197.24147,-0.0054904576,11.493113,7.759768,1377.0438,12484.11,37269.914,62088.785,0.47502717,-0.14824335,3661,8,11,6
270387.88176918926,3366815.3354097703,39080,1,958.74493,33.878967,334.88516,-0.00089321315,12.644431,10.223232,1400.0402,13345.939,37073.688,62702.973,0.4434184,-0.117562965,3661,3,2,6
270716.762161359,3367522.509660859,40038,1,1045.3367,39.379753,296.00336,0.0066735526,15.155992,10.746551,1418.4685,13777.408,36420.914,62742.984,0.46283767,-0.14178291,3661,8,11,6
272267.1185586117,3367513.6045818687,38991,1,955.5271,39.419243,294.9439,0.008651919,15.160752,10.335844,1450.346,15308.902,36703.133,64189.867,0.26274896,0.058794405,3661,8,11,5
272218.24323261814,3367534.3065477014,40052,1,966.4545,35.5549,260.78897,0.007933727,13.7359705,9.141371,1449.6395,15262.319,36673.742,64136.02,0.20444085,0.116329215,3661,8,11,5
271160.7080301885,3367783.6503333524,39216,1,995.0006,33.015293,27.25534,0.0020705943,11.740555,10.338041,1432.0216,14261.473,36237.113,63066.688,0.45711732,-0.12304213,3661,8,2,5
271608.8459835388,3367794.9620590494,38990,1,955.4302,29.772383,198.43495,0.004759893,10.865555,9.183015,1441.281,14697.919,36303.938,63473.312,0.33935288,-0.0058020577,3661,8,11,6
271615.35538822366,3367829.4681364005,40053,1,971.244,33.66131,209.5388,0.003761971,12.374941,9.798842,1442.1418,14713.892,36266.395,63468.24,0.3336427,-0.0031111597,3661,8,11,6
272852.16203260684,3367891.1077669268,40054,1,949.4854,21.07714,226.84761,0.0028423902,7.3470974,10.5107765,1468.7573,15948.583,36452.11,64605.605,0.19422196,0.13355923,3661,8,11,5
260953.81500669703,3366137.988339387,40036,1,1353.8109,36.094627,228.81409,0.00015385367,13.223832,9.526186,1194.1989,3920.9438,36623.48,54399.49,0.3864212,-0.052774902,3661,2,11,5
260969.5978938305,3366395.955393244,39316,1,1437.1036,34.04332,148.17255,0.0058446173,11.991438,10.988478,1198.4847,3968.2993,36378.35,54296.207,0.5042026,-0.1670918,3661,2,11,5
261012.96877336263,3365034.0896767555,38173,1,1071.6501,22.486826,302.27563,0.00065355503,8.0009985,9.221683,1177.3267,3841.8748,37728.938,54961.816,0.40233162,-0.06811935,3661,2,11,6
260983.5170209542,3366253.3047574884,38185,1,1428.0536,30.917633,233.84183,0.0051769232,10.928524,10.072473,1196.6136,3967.1777,36519.742,54376.797,0.38370365,-0.047182,3661,2,11,5
261086.10987602573,3366274.7258715588,39113,1,1478.4674,32.818882,223.8767,0.004811698,11.463479,10.147169,1199.0067,4069.0662,36516.305,54457.22,0.2868953,0.045971893,3661,2,11,5
261164.8573162887,3366762.1563334083,39097,1,1407.8094,33.75871,96.519806,-0.0056032506,12.254794,5.59352,1208.6558,4221.8477,36046.46,54311.35,0.47499675,-0.13129906,3661,2,2,7
261230.26882718247,3366211.452618094,39114,1,1503.0493,26.023138,235.71313,-0.0017622773,9.020404,9.298835,1201.1277,4208.622,36600.395,54618.203,0.31525427,0.01182791,3661,2,11,5
261216.5392155534,3366829.081578596,39112,1,1388.7064,37.644447,160.25317,-0.0031514557,14.551238,9.568307,1210.8314,4282.6743,35985.95,54325.51,0.48701674,-0.16447775,3661,2,2,6
261241.4019415093,3364729.8992107078,38230,1,1141.3295,46.504665,164.32043,-0.0017264626,18.712458,9.625755,1177.1836,4070.0,38061.78,55305.4,0.40520757,-0.05942978,3661,2,2,5
261263.76850231804,3366131.9046029947,39130,1,1492.532,23.967644,217.87498,0.00088273763,8.350643,9.680048,1200.4423,4225.7305,36684.3,54680.875,0.36199084,-0.033167247,3661,2,11,5
261324.51448583856,3365595.037484199,40021,1,1304.4486,27.715303,283.57043,-0.0044715274,10.406852,9.399861,1192.8705,4205.342,37226.707,54978.633,0.36493284,-0.037299417,3661,2,11,6
261401.6755510104,3364715.254275533,39143,1,1204.4081,21.937393,256.6075,0.0094904015,7.6329637,10.686976,1180.1632,4230.0,38107.727,55456.133,0.35758778,-0.022109294,3661,2,11,3
261506.5226840055,3365986.7394111664,39131,1,1530.4819,25.788568,229.63547,0.00021450853,8.8357315,10.014287,1203.1177,4442.353,36863.348,54958.17,0.27211875,0.060032133,3661,2,11,5
261514.54666263115,3364265.198710177,38187,1,942.9031,33.064117,240.46121,-0.0008979629,12.364298,7.7192063,1175.0923,4340.0,38569.754,55764.992,0.40437362,-0.067795426,3661,2,11,6
261606.4017039573,3367810.135849154,39155,1,1443.141,29.013039,204.77515,-0.005516102,9.986435,11.009471,1234.8846,4889.54,35091.035,54256.305,0.3441671,-0.017761637,3661,3,11,7
261881.240622287,3364294.253076862,38062,1,912.53326,38.943363,268.69806,-0.005835326,14.68238,6.5043325,1183.2263,4710.0,38603.63,56077.066,0.40509734,-0.07338166,3661,2,11,7
261935.50474687509,3364827.615330765,39142,1,1235.0963,30.430273,286.69925,0.002738178,10.885802,10.326229,1193.0725,4760.0,38081.152,55869.496,0.20861433,0.11686118,3661,2,11,5
262153.1792297944,3364896.1478975853,39141,1,1220.6401,37.451164,305.83765,0.003267845,13.900063,10.642913,1198.5975,4980.0,38062.383,56037.047,0.29224253,0.035269927,3661,2,11,5
262234.3393697782,3365337.757318064,38063,1,1404.3396,42.08219,297.75854,0.00022780513,17.746817,9.610464,1207.5951,5078.238,37635.42,55902.848,0.2845277,0.050221074,3661,2,11,6
262251.66534795176,3365773.475757823,38199,1,1472.7072,39.846348,44.11859,-0.0016372324,14.451927,9.715122,1215.0266,5151.98,37210.023,55727.3,0.24484716,0.0992214,3661,2,11,6
262380.9801923929,3365485.2812866485,39156,1,1415.9451,30.509104,311.0091,-0.0059756692,11.231163,9.164976,1212.9799,5241.088,37500.387,55973.496,0.20800623,0.11487557,3661,2,11,5
263215.5961250251,3366795.056580089,38336,1,1502.6277,44.615788,255.46555,-0.0034639123,17.38511,10.304836,1251.5162,6252.592,36203.812,56146.676,0.44833976,-0.12035268,3661,3,11,7
263242.40423485,3366798.2782720085,38335,1,1518.8141,38.543182,253.0725,-0.004345981,15.128168,8.944029,1252.2996,6283.7646,36194.656,56169.586,0.4613949,-0.13789782,3661,3,11,6
264128.16245786834,3365293.843422201,38304,1,1256.9451,24.984167,272.38596,-0.0153157795,9.541013,9.851562,1245.834,6960.381,37738.363,57616.23,0.3627814,-0.037314646,3661,3,11,7
264187.2936480315,3365088.4769049203,40010,1,1220.168,29.53609,213.17853,-0.00130007,10.669672,9.281234,1243.8082,7012.3105,37941.18,57758.367,0.2225756,0.09291173,3661,3,11,6
264230.0893263486,3365011.9135272703,40009,1,1219.6791,36.449917,204.67688,0.0014616048,13.7613,10.043883,1243.3286,7050.709,38023.164,57829.68,0.14978325,0.16824189,3661,3,11,5
264798.64637992176,3364582.908330634,40092,1,1042.2682,36.484894,284.3814,-0.0065439623,13.5972,8.080992,1248.0847,7620.0,38486.574,58531.414,0.35363752,-0.027930597,3661,3,11,9
265232.0985307745,3364759.277675527,40093,1,1223.4972,34.56961,274.51398,0.0024114044,12.916246,9.546773,1260.1156,8060.0,38339.13,58846.203,0.4395795,-0.12204308,3661,3,11,6
265608.8693051424,3364693.677514448,39168,1,1264.7666,27.248526,236.88867,-0.00894218,9.206384,9.047429,1266.6173,8430.0,38439.773,59209.332,0.3334255,-0.0063716974,3661,3,11,7
266660.69000441534,3365599.3535953755,38155,1,1830.8317,39.351173,1.3019409,0.001856833,14.910577,9.94733,1303.3849,9515.051,37643.95,59776.555,0.45401403,-0.13261414,3661,3,11,6
266664.9730596103,3364143.907126143,39996,1,1214.6162,38.03001,299.35776,-0.010536217,15.138573,9.851562,1279.5344,9490.0,39094.094,60403.17,0.27423978,0.050490603,3661,3,11,7
281195.4676770119,3370362.8408031235,38193,1,1255.5643,42.23965,253.30077,-0.0012800362,16.742653,8.929296,1681.6349,23247.352,31375.18,71732.35,0.5245097,-0.2067627,3661,1,11,6
281209.07215199526,3370346.933354176,38194,1,1247.854,41.45472,260.9605,-0.0019071728,16.389023,9.202718,1681.6779,23238.453,31361.43,71744.77,0.54045653,-0.22549301,3661,6,11,6
281838.0699291383,3369530.749975844,39295,1,1396.8861,31.457531,75.17352,0.0006309881,11.155935,10.866713,1681.2723,22500.422,30398.303,72583.68,0.268706,0.07839445,3661,1,11,6
281957.7670018032,3366536.326207248,38121,1,1682.8297,32.579655,276.3402,-0.002503229,12.478597,9.229445,1634.5996,19550.8,28870.445,73626.42,0.4525354,-0.12088428,3661,3,2,6
282145.46695743373,3370574.3354927786,39016,1,1402.6946,31.506018,137.48956,-0.008223536,11.120175,7.3625984,1704.723,23573.572,30681.984,72585.61,0.48967078,-0.16359964,3661,1,2,6
282406.2760003084,3364493.829803094,39260,1,1245.1196,20.537235,173.65979,-0.00864428,7.4437785,9.940861,1610.4716,17603.662,27627.207,74741.34,0.26680228,0.06235021,3661,3,2,9
282462.38417244167,3366414.511342905,38137,1,1599.8844,31.592411,226.16914,-0.006220677,10.9975195,8.452332,1643.1744,19510.47,28359.215,74147.61,0.45591724,-0.12436858,3661,3,2,6
282468.4854690237,3364306.9826917,39276,1,1259.6908,37.90046,242.1759,0.0038054795,14.250571,9.827758,1608.7616,17434.953,27503.617,74860.72,0.17949544,0.1437633,3661,6,7,5
282670.7663921042,3364245.816943429,39277,1,1270.1646,38.35145,244.0256,0.0010872167,14.701864,9.557986,1611.9534,17398.42,27282.705,75081.92,0.1658013,0.1634001,3661,6,7,6
282712.03791650746,3364236.2652724865,39293,1,1277.0234,35.818153,252.55283,0.0041410155,13.783474,10.927967,1612.616,17395.06,27241.883,75122.88,0.3014673,0.023665348,3661,6,11,6
283022.631042112,3369821.2356810435,39000,1,1355.0566,20.737967,242.10272,-0.005523884,7.2940054,9.851562,1710.6326,22966.031,29536.598,73640.36,0.47041494,-0.14843132,3661,1,2,7
283041.22868985543,3366172.8026002245,39294,1,1754.5035,42.56866,198.43495,-0.0012931281,17.940746,9.782111,1651.2289,19362.912,27732.727,74774.21,0.44524923,-0.106036656,3661,1,2,6
283556.7014069181,3365731.9043336986,38138,1,1714.0604,44.393124,274.2364,0.0030563965,17.373379,9.9541855,1654.5577,19019.617,27081.775,75400.6,0.29150072,0.035038758,3661,3,11,5
283679.38393881,3369144.803136815,39001,1,1424.5286,35.516823,264.5597,-0.00019130601,12.865328,9.948506,1712.9293,22396.182,28624.184,74457.7,0.51445264,-0.1937283,3661,1,11,6
283776.9601157738,3369417.927809598,39014,1,1585.9703,28.58529,305.31122,-0.008647885,10.503188,10.090996,1719.5863,22689.031,28689.125,74473.09,0.45238215,-0.1293106,3661,1,11,6
283819.0463277374,3369555.842333071,39015,1,1669.0767,37.39922,273.9909,-0.002285473,13.45401,9.209219,1722.5442,22823.938,28725.676,74474.484,0.3914385,-0.07166355,3661,1,11,6
284055.5102610066,3363994.2014564592,39727,1,1466.747,38.192722,237.42595,-0.00034091203,14.248261,9.301601,1634.785,17426.469,25911.582,76462.05,0.34728774,-0.029297352,3661,6,11,6
284141.9484819577,3363773.128518065,39747,1,1344.9163,29.786028,244.79889,-0.002250212,10.842865,9.733256,1632.4689,17234.582,25744.129,76623.33,0.19415843,0.12729107,3661,3,2,6
284229.1352513706,3363727.472781803,39765,1,1353.0917,30.172039,214.69516,-0.0065648267,10.803473,9.21878,1632.9572,17215.4,25654.93,76712.28,0.2910259,0.03069721,3661,3,2,7
284233.2942814999,3369969.166194537,39744,1,1919.4086,28.49294,260.2176,0.0060363407,10.020044,10.614859,1734.7843,23311.89,28606.268,74760.03,0.3879418,-0.059622545,3661,1,11,5
284274.24213087786,3366607.7412800286,39656,1,1974.414,27.10223,268.0251,0.0031865868,9.320376,10.525357,1680.3724,20028.105,26837.646,75796.68,0.40503824,-0.057591412,3661,1,2,6
284501.1322915539,3363703.76318011,40043,1,1427.6813,37.177204,228.94519,-0.006324588,14.454079,9.326381,1636.4625,17257.871,25384.658,76985.02,0.3567585,-0.026963862,3661,3,2,6
284679.2719053589,3363668.365943803,39746,1,1438.5288,29.71983,262.40536,-0.006819997,10.614086,7.782486,1638.4086,17274.504,25216.154,77154.77,0.33774304,-0.003120148,3661,3,2,6
284723.34607173724,3363640.748444114,39745,1,1428.904,34.257088,263.82983,-0.0012509769,12.4464,10.1917515,1638.6469,17259.365,25158.467,77212.1,0.27457714,0.041071028,3661,3,2,6
284877.30899527605,3363541.2007256746,40044,1,1474.0028,41.765285,160.0169,0.006327099,17.211931,11.170437,1639.2174,17205.47,24981.594,77387.625,0.37732384,-0.037617516,3661,3,2,5
284979.37715403823,3363424.489475449,40045,1,1462.3773,37.156853,251.99585,-0.0014108402,14.063024,9.438998,1638.7755,17119.492,24843.389,77523.375,0.34677956,-0.013632929,3661,3,2,6
285027.3684770514,3363396.669666956,40573,1,1465.3712,33.3234,230.82635,-0.00017251328,12.156169,8.836661,1639.1855,17115.084,24789.541,77577.22,0.2970479,0.01916831,3661,3,2,6
285220.8735253191,3363340.100252831,40055,1,1490.6968,35.252567,242.8189,0.0033757132,13.290706,10.780066,1641.149,17118.168,24581.75,77785.55,0.38121894,-0.04856517,3661,3,2,6
285487.5202711634,3363218.9546639435,40056,1,1494.3789,30.369585,263.08878,0.008256147,11.0796995,10.461777,1643.0854,17086.232,24295.646,78071.13,0.4338518,-0.1042887,3661,6,2,6
285961.48126582784,3363037.38787046,39989,1,1541.8143,47.616425,269.07596,0.0010102734,19.673473,10.021799,1647.3833,16801.8,23783.264,78583.77,0.39919007,-0.062130146,3661,3,11,5
286550.436377502,3362951.0157229346,40574,1,1652.845,34.909107,268.21008,0.004783573,12.904387,10.533382,1654.7283,16508.812,23203.898,79167.86,0.30896637,0.01940599,3661,3,2,5
294220.71974373684,3362233.6789306123,39680,1,1789.518,33.08862,321.07245,-0.0053132297,11.658392,9.804758,1760.4701,13748.781,16017.971,86628.016,0.34105483,-0.017595936,3661,1,11,6
294427.91942807543,3362400.7606166806,39679,1,1743.1296,39.7784,334.5923,-0.0010343399,15.334276,9.359489,1764.9384,13901.241,15936.037,86761.445,0.3225116,0.012702784,3661,1,11,6
294483.1278514518,3362498.958512868,39678,1,1745.7715,31.143568,317.48956,0.0007569867,10.88407,10.386008,1766.6881,13996.489,15938.359,86785.67,0.31574962,0.01946792,3661,6,11,6
294658.82925588376,3362524.095449332,39662,1,1705.6361,25.297518,311.18594,0.015583568,9.421806,11.437941,1769.3774,14005.214,15805.746,86940.016,0.30343607,0.021731803,3661,6,11,3
289981.92788272555,3362718.357038214,40519,1,1704.0747,29.24774,242.59244,-0.005270407,10.2098465,10.762243,1702.2949,15212.905,19982.705,82467.27,0.40386292,-0.076811455,3661,6,11,7
289786.1454922917,3362723.277496164,40518,1,1680.5302,33.781197,291.80142,-0.00479698,12.33965,9.851562,1699.3363,15286.48,20162.75,82279.13,0.21634424,0.108739965,3661,6,11,6
287079.47219583404,3362874.155241688,40575,1,1679.0852,32.233826,288.9704,0.0031325782,10.825301,10.77506,1661.2499,16263.7295,22693.754,79683.04,0.25073257,0.07797865,3661,1,11,5
287131.75097427244,3362944.841515211,38613,1,1680.2191,37.617397,334.7223,0.0017825764,13.973792,10.399144,1663.1172,16311.678,22666.143,79714.91,0.2890722,0.042988487,3661,1,2,6
287653.64461168257,3363134.7400755887,39990,1,1754.4874,33.168415,194.82649,0.002962812,12.303986,10.774809,1673.3524,16341.789,22266.848,80137.19,0.34073898,-0.009702437,3661,1,11,5
294780.53718204657,3363327.438043556,39681,1,1636.5994,38.61109,244.05771,-0.004495335,15.051156,10.132174,1778.0625,14698.494,16151.514,86804.61,0.42345,-0.09042347,3661,1,11,6
291893.35946875776,3363389.015346316,39735,1,2237.5435,19.360262,105.25513,0.015539164,6.6728625,11.263056,1737.5256,15280.135,18613.75,84047.03,0.3891504,-0.04915685,3661,1,2,3
296443.3735617124,3363634.330216955,40521,1,1493.8007,30.13336,225.0,0.011052425,10.245283,10.711058,1803.7432,14030.859,15020.073,88289.44,0.38477913,-0.058784507,3661,1,11,3
290211.2038032797,3363805.348265973,38139,1,2055.505,22.757236,151.38953,0.0062760497,7.75807,9.402463,1718.3851,16147.632,20276.586,82325.04,0.41854095,-0.08143298,3661,6,7,5
292768.4494968999,3364003.1791751035,39622,1,2128.4924,31.658354,316.27304,0.005893774,10.803699,10.03201,1755.9232,15699.188,18197.156,84676.4,0.28132653,0.06150596,3661,1,2,5
290450.6920694707,3364113.7135033887,38095,1,2048.02,33.889755,162.07208,-0.0038195702,12.787725,10.311158,1725.333,16365.405,20220.457,82451.6,0.409065,-0.07706965,3661,1,2,7
292016.669842098,3364130.1843006727,39637,1,2227.4478,31.069613,313.78113,0.0064043626,11.394901,11.160957,1746.95,15973.682,18897.25,83923.69,0.30854464,0.031637836,3661,1,11,5
291343.4157768935,3364131.9009198253,39734,1,2167.8364,28.921509,275.90616,-0.0064460007,10.746813,10.093548,1737.7736,16132.904,19465.729,83288.31,0.32603928,0.0030002021,3661,6,11,7
292307.96280093153,3364171.1029609875,39736,1,2178.982,27.885307,218.3675,-0.0074295118,10.014722,9.587549,1751.3269,15952.209,18675.08,84186.266,0.37758997,-0.03679004,3661,1,11,6
292200.5358017729,3364187.2380995066,39623,1,2189.0713,31.145359,280.30487,-0.0062579485,11.178702,9.34086,1750.1677,15992.079,18769.832,84085.06,0.34793115,-0.007840903,3661,1,11,7
288354.8312514805,3364203.1328953863,39641,1,1851.9935,38.719276,311.18594,0.003122439,14.051663,10.021201,1697.5927,17204.895,22104.488,80436.64,0.2891432,0.042785294,3661,1,11,7
289894.82305026165,3364238.312392728,39638,1,1994.0972,36.754196,272.93567,0.0076374365,13.605943,11.212058,1719.1934,16668.832,20770.922,81879.586,0.32088667,0.010066551,3661,1,11,5
289232.2446769504,3364244.8292100984,39640,1,1934.4637,31.809141,318.0128,-0.007973048,11.471114,9.842495,1710.1694,16902.0,21347.27,81255.164,0.38933167,-0.04912948,3661,1,2,6
290384.2364997601,3364255.018869208,38208,1,2030.3718,27.295324,272.2026,-0.0033038505,9.408211,9.603713,1726.0017,16520.176,20351.36,82340.32,0.411722,-0.077637285,3661,1,11,7
290031.4274620786,3364327.8575020493,39639,1,1996.4128,35.26161,300.25644,-0.00086516066,12.624107,8.579445,1722.1781,16707.355,20694.176,81983.164,0.37649807,-0.033049073,3661,1,11,6
296435.99612398085,3364572.1424288168,39759,1,1547.0083,25.223028,173.15723,-0.0058572222,8.651057,8.96662,1810.3274,14756.954,15647.955,87996.65,0.46268597,-0.124929085,3661,1,2,7
296513.13825970225,3364692.4457939523,39758,1,1566.0559,23.203278,180.0,-0.019417765,8.470205,9.851562,1812.2393,14800.828,15670.919,88037.58,0.5078173,-0.18664809,3661,1,11,9
296417.53541268915,3364744.760618907,39757,1,1565.5066,37.108456,256.67548,-0.0009468334,13.932287,10.933313,1811.2837,14902.147,15778.124,87927.28,0.30482477,0.02519862,3661,1,11,6
296377.4161882869,3364791.3816947653,39621,1,1582.7405,31.17959,232.43143,-0.0029271594,11.3672495,9.86604,1811.12,14966.178,15841.48,87874.33,0.37015074,-0.036609303,3661,1,11,6
296519.6249556182,3364899.2103571445,39796,1,1705.6692,32.054108,263.82983,0.0070484052,11.628764,11.160057,1813.7329,14966.122,15815.184,87975.86,0.29407027,0.032485757,3661,1,11,5
296741.0134767489,3364905.2298971373,39778,1,1731.0892,39.6238,289.29004,-0.0038500193,16.289925,8.998783,1816.7202,14826.156,15649.617,88195.8,0.24185967,0.08538427,3661,1,11,7
296377.2400791423,3365121.871826997,39797,1,1709.6088,22.656778,169.69513,0.004770592,7.605801,10.245238,1813.5029,15225.768,16068.479,87777.74,0.2833263,0.03807978,3661,1,7,6
257277.75422538695,3362268.6594387502,38374,1,781.60596,26.62851,17.650116,-0.01644648,10.033436,9.851562,1128.4825,110.0,40079.875,53105.617,0.108752325,0.20262788,3661,2,2,9
257298.4710032086,3362333.6696177693,38372,1,782.8014,35.432632,349.56253,0.002452587,13.22284,10.035632,1129.1187,130.0,40021.066,53090.477,0.39673737,-0.06251867,3661,2,2,7
257449.5197760393,3361943.433729824,38375,1,951.079,46.108658,43.602814,0.0043148636,18.4411,10.213184,1122.3339,280.0,40418.957,53426.03,0.31014854,0.048942037,3661,2,2,5
257802.15298760915,3362454.622066657,38638,1,737.36176,33.01773,212.0054,0.002912731,12.749304,10.208629,1126.1926,640.0,39932.742,53459.07,0.3271821,0.017115748,3661,2,11,6
257810.1151278874,3361878.4057729687,38373,1,734.32306,41.32159,34.992004,0.00019080937,15.866656,8.82741,1118.0016,640.0,40501.438,53762.035,0.4236201,-0.087833524,3661,2,11,6
258207.2158184829,3363162.030450252,38656,1,870.3618,37.41336,194.38141,-0.008846844,13.898406,7.889271,1133.181,1032.3759,39254.188,53430.387,0.32680288,0.013378883,3661,2,11,7
258199.3576948416,3362134.936211611,38659,1,739.88477,31.698446,196.38954,-0.008738043,11.873995,9.851562,1117.9474,1030.0,40280.24,53959.254,0.2600836,0.07853133,3661,2,7,7
258185.45070040968,3362265.1775684166,38637,1,792.5914,33.001297,231.07246,-0.0005049945,11.626068,8.755552,1119.9753,1020.0,40149.855,53882.133,0.24400988,0.09782197,3661,2,11,6
258224.9190515772,3363314.720517371,38657,1,912.26184,26.717714,126.8699,0.0049610753,11.103585,10.457566,1135.2528,1050.0,39106.266,53370.51,0.42557785,-0.08011308,3661,2,2,6
258262.2148550588,3363393.351173207,38450,1,941.7769,29.181572,178.21008,0.005581759,13.203742,10.895881,1136.1364,1090.0,39029.76,53363.938,0.3697756,-0.024197659,3661,2,2,3
258245.93179312587,3362905.299667163,38658,1,1037.7639,25.212765,143.1301,0.018172521,8.731661,10.768302,1128.9858,1080.0,39516.55,53598.883,0.34952307,0.00012095717,3661,2,2,3
258581.5251692916,3362421.2774932934,38636,1,1083.3088,35.656494,194.74358,0.007465038,14.592963,10.952558,1118.7783,1420.0,40023.33,54138.836,0.2429376,0.109878324,3661,2,2,5
259006.37280884665,3363391.5127731804,40017,1,980.53406,37.56448,104.036255,-0.0020128088,14.436665,8.510103,1130.4873,1830.0,39097.01,54001.344,0.40825418,-0.0549387,3661,2,2,6
259139.90414728792,3363428.353004676,40018,1,980.20557,50.303318,84.644165,0.0031573244,22.154757,10.015243,1130.1385,1960.0,39070.477,54093.44,0.21482016,0.15278901,3661,2,2,6
260015.38205453497,3362486.144009135,39096,1,1146.5646,23.091398,2.7263184,-0.0033268821,8.550027,8.222948,1115.0614,2850.0,40114.098,55333.324,0.3190584,0.009009935,3661,2,11,6
260067.4204745009,3362393.5988103217,40003,1,1148.3752,42.153385,36.634094,0.0056548067,17.439722,10.740328,1114.6257,2900.0,40209.58,55422.21,0.39562592,-0.06313657,3661,2,11,6
260159.85448185983,3363359.8159981505,39305,1,922.47644,39.032497,20.224854,0.0008234741,15.952994,9.48083,1132.3105,2980.0,39258.754,55011.883,0.38577542,-0.049493253,3661,2,2,5
260345.08414355965,3363021.691661479,39159,1,917.8028,39.01525,27.699463,-0.0019342895,14.477376,10.031806,1130.6881,3176.9482,39620.707,55345.934,0.38934413,-0.04512155,3661,2,11,7
260370.59805768423,3363168.77992912,39158,1,897.6883,31.38096,0.0,0.005474951,10.978402,9.719521,1133.7551,3200.5625,39476.05,55297.203,0.3055123,0.031666648,3661,2,11,6
260849.83219987727,3364097.061137793,38231,1,819.8067,28.920515,230.44034,-0.0050172773,10.183803,8.3057375,1158.639,3670.0,38621.934,55252.477,0.061676603,0.3061883,3661,2,11,6
261290.85029423895,3363155.2418339,40001,1,912.8969,27.278118,167.90521,0.0015054005,9.434144,9.147976,1152.4332,4120.777,39629.58,56107.13,0.4519754,-0.12091166,3661,2,11,5
261401.9766183199,3363236.871807151,39172,1,925.28046,35.332508,113.80594,0.0054155174,13.034536,10.129972,1156.1742,4230.0,39558.12,56159.027,0.39321855,-0.03106367,3661,2,11,5
261978.05897820968,3363064.38992719,39173,1,925.16974,26.7358,18.434937,0.006595705,10.337864,10.146603,1165.011,4803.0093,39830.453,56744.484,0.43372563,-0.09096672,3661,2,11,5
263250.07469661755,3363403.0514499587,38232,1,811.71826,24.229362,245.55605,-0.010820008,8.358873,7.8232274,1196.7955,6070.0,39593.402,57696.016,0.05579035,0.31153804,3661,2,11,7
263904.36526092264,3363889.186021903,39167,1,1132.9226,25.310719,225.0,-0.003129218,9.31165,9.273363,1218.4302,6730.0,39126.516,58050.953,0.29335976,0.04007269,3661,2,11,6
264758.67553558265,3363479.509451587,38246,1,990.26355,34.585556,344.57785,0.004507689,13.043348,9.42452,1229.2954,7580.0,39581.582,58994.254,0.43752185,-0.10725452,3661,2,2,6
264775.1229271996,3363394.6363629554,38233,1,960.1737,37.17343,345.57922,-0.00075408915,14.117274,8.562363,1228.2388,7600.0,39672.684,59053.51,0.47259757,-0.14504184,3661,2,2,6
265067.65750764176,3363291.1603732826,38247,1,898.1961,34.282562,194.03625,0.0030950352,12.524002,8.903124,1232.5966,7890.0,39792.19,59356.934,0.47669208,-0.14918946,3661,2,2,6
265095.25496170204,3363243.6259381804,38248,1,907.07434,33.662853,204.44397,0.0023220824,12.574022,10.048715,1232.3997,7920.0,39844.223,59406.62,0.457609,-0.12928993,3661,2,2,5
265286.0469242147,3362956.383081814,38249,1,824.74,39.0409,302.4712,0.0041056112,15.042046,9.588317,1231.5884,8114.832,40147.55,59709.26,0.42098665,-0.08224635,3661,2,11,6
265335.4360988965,3362353.5173335867,39190,1,893.81665,28.745321,127.56857,0.0052996967,10.210576,10.11959,1222.8219,8114.789,40749.617,60034.156,0.39255095,-0.048174962,3661,2,7,5
265732.3514981616,3363315.1066269744,40091,1,939.399,25.36024,184.08563,-0.011430161,8.591145,9.255799,1246.7638,8560.0,39825.863,59943.125,0.44933087,-0.10999676,3661,2,2,7
265741.09756017284,3362302.559738423,39203,1,912.52686,30.645857,84.80557,0.0008479584,10.52165,7.626978,1230.4735,8473.405,40832.87,60419.47,0.42453086,-0.07909695,3661,2,7,6
265814.054696136,3362927.3182865777,38250,1,858.1662,36.27468,262.50415,0.0047683115,13.890519,9.760187,1242.2096,8645.207,40211.473,60188.445,0.1634706,0.17821193,3661,2,11,5
265892.5999851391,3363952.159501884,38305,1,1218.1385,34.250202,305.1342,-0.0123190405,13.261675,9.244243,1260.5226,8720.0,39203.1,59796.938,0.33274877,0.0045744497,3661,3,11,7
265925.17066533526,3362898.9742539627,38263,1,839.9496,27.588356,283.49573,0.007707444,10.266595,9.505864,1243.9918,8756.221,40251.344,60299.902,0.17844541,0.16701421,3661,2,11,5
265981.41859660344,3363035.8462986383,38264,1,887.99854,32.034836,315.0,0.0014815888,10.886992,9.457413,1247.3546,8812.27,40127.492,60293.492,0.4080351,-0.07159064,3661,2,2,6
265934.89767358964,3362044.00665046,39218,1,1033.8694,27.473509,92.04541,0.0022694694,9.861533,8.683556,1230.151,8557.248,41108.664,60709.438,0.53129596,-0.20203406,3661,2,11,5
265956.4958627503,3363993.3663349045,40030,1,1237.271,38.612083,258.43988,-0.006539177,15.032883,8.968782,1262.4155,8780.0,39168.96,59832.79,0.3459757,-0.015932944,3661,3,11,7
266095.5180048666,3363042.7913890216,38265,1,846.47156,33.103504,304.5923,-0.001338481,12.399806,8.8402815,1249.7902,8922.023,40128.02,60386.71,0.25164777,0.09817342,3661,2,2,6
266828.6590542234,3364025.489557302,38090,1,1119.753,35.693996,274.28915,-0.0074074706,12.732107,9.851562,1280.8798,9650.0,39231.793,60599.625,0.2841255,0.041954853,3661,3,11,6
266894.43039509014,3362136.5178549904,39204,1,884.4276,32.973057,192.875,-0.003656647,12.267106,8.879014,1251.6122,9496.362,41107.273,61511.305,0.37069222,-0.032075264,3661,2,11,6
266999.28312549694,3364087.555968562,38088,1,1199.6918,25.25923,226.97495,0.0055702524,10.034688,10.598768,1285.5355,9820.0,39182.656,60721.7,0.28764215,0.04657869,3661,3,11,6
267037.63819223235,3364084.5679538967,38089,1,1199.1383,31.607304,283.67133,0.012215805,11.807964,10.262003,1286.1986,9860.0,39197.48,60762.047,0.26245254,0.07134921,3661,3,11,6
267378.8568730679,3364034.180395253,38111,1,1123.2057,40.891346,207.09555,0.00019689219,15.726898,9.502898,1292.4061,10200.0,39290.305,61089.746,0.29104865,0.038130034,3661,3,11,6
267411.745990127,3364051.2445458686,39184,1,1161.0455,39.146706,219.28941,0.0028674218,14.89145,9.909379,1293.5593,10240.0,39275.754,61117.04,0.3247223,0.008935169,3661,3,11,5
267447.6155816214,3363994.1779942573,39185,1,1144.2611,35.800354,223.95837,0.0026571902,12.795447,9.729753,1293.1989,10270.0,39339.203,61170.188,0.28090477,0.050389867,3661,3,11,6
267640.6024836441,3363432.450864066,38266,1,858.9127,44.444862,271.0609,0.0021126368,17.82511,8.165486,1288.1808,10470.0,39921.016,61595.742,0.37986416,-0.04716641,3661,3,11,6
267632.11412949703,3364132.984638938,39186,1,1186.3329,27.899231,356.0548,0.004166214,9.813052,10.580593,1299.4117,10460.0,39226.254,61280.49,0.35378158,-0.023846976,3661,3,2,5
267910.43141464965,3363509.9873865945,38283,1,874.94684,40.5292,278.47116,0.001967529,15.857906,9.507792,1295.0657,10740.0,39879.457,61802.855,0.42621434,-0.096722886,3661,3,2,6
267986.2725925488,3363996.453089454,38284,1,927.0682,38.877808,0.0,-0.0054505705,15.329906,7.7308283,1304.5186,10810.0,39404.734,61652.28,0.46729723,-0.12736818,3661,3,11,6
268141.1974482272,3362216.2224203297,39157,1,1056.2593,24.246773,40.364532,0.008440168,8.179097,10.002643,1278.5735,10707.685,40651.8,62589.652,0.2968852,0.038772617,3661,2,2,6
268252.5997342253,3363041.065896071,38975,1,862.9317,35.719715,112.83365,0.008471094,13.612283,10.405725,1294.409,11080.365,40394.125,62315.36,0.33489677,0.025971688,3661,3,11,5
268275.0416173004,3362933.708859272,39995,1,875.776,38.237244,213.69008,0.0030301614,14.469092,10.030193,1293.0247,11060.597,40505.875,62382.11,0.26099157,0.06577105,3661,3,11,6
268315.4670522875,3362880.6994649824,38963,1,886.377,35.022312,210.69974,0.00046698508,13.107074,9.710137,1293.0338,11081.034,40561.312,62440.17,0.29312348,0.0300985,3661,3,11,6
268339.0502678032,3362850.6914823283,38974,1,885.47424,31.352472,216.15819,-0.0020930092,11.484113,9.094364,1292.9567,11089.688,40593.98,62471.43,0.29036853,0.038990878,3661,3,11,9
268481.7108752391,3363277.2455348955,38976,1,820.5286,24.505667,149.42078,-0.0012623979,8.194861,9.461146,1303.0823,11310.0,40192.074,62415.96,0.15067704,0.219899,3661,3,11,7
268500.2389282119,3362543.715461002,39980,1,884.09094,30.81974,218.3675,-0.0062040524,11.112279,9.23086,1291.4021,11150.408,40368.008,62761.984,0.45499983,-0.13140818,3661,3,11,9
268533.0969306777,3361789.507571659,39145,1,1165.2511,31.944807,59.036255,0.0019817103,12.034002,9.571239,1279.7648,10964.123,40186.223,63128.25,0.3501857,0.0025449782,3661,2,2,6
268639.20725423755,3363398.808919601,38977,1,857.45337,32.653683,151.82141,0.00700994,11.942182,10.741569,1308.1421,11460.0,40097.293,62498.36,0.4320543,-0.07978858,3661,3,2,6
268603.82499226223,3363166.285979508,39231,1,902.2903,33.63688,90.0,-0.00021211171,11.823221,8.867487,1303.6001,11430.215,40329.45,62576.465,0.3554648,-0.005781369,3661,3,2,6
269303.4757090914,3364096.483445931,38978,1,975.3499,40.43172,172.05652,-0.0037983728,15.893284,8.9992075,1333.4243,12130.0,39520.285,62802.72,0.4115656,-0.066751845,3661,3,2,7
273454.22712475044,3369251.133267589,40031,1,920.98224,53.122383,130.19205,-0.00089992874,23.021847,9.531989,1503.4065,16758.703,35262.652,64704.805,0.32486686,0.026651394,3661,3,2,7
273562.5787199197,3369422.456163956,39149,1,924.96185,35.066864,178.3634,-0.004681296,13.384301,9.851562,1508.4617,16899.328,35124.016,64752.656,0.41564268,-0.075126804,3661,3,2,7
273741.55005856126,3368901.9160312675,39228,1,912.2038,44.771606,259.5085,-0.004112416,17.223349,9.689812,1503.6777,16982.418,35672.152,65094.703,0.36828387,-0.03514119,3661,3,11,7
273920.8829721151,3368756.7758756992,40046,1,915.25964,37.875813,207.8241,-0.0022192767,14.221685,9.53189,1505.1093,17137.234,35852.02,65311.188,0.4836333,-0.15934105,3661,3,11,7
273960.9338097636,3368651.841670481,39227,1,911.7707,38.29849,196.31386,0.00041941027,14.73071,10.439663,1504.1368,17159.652,35968.492,65385.816,0.37730083,-0.047827084,3661,3,11,6
274037.5768989563,3367407.291895446,38303,1,1102.0112,22.79423,279.8658,0.00027232608,8.191506,9.480665,1485.299,17044.342,36481.93,65879.07,0.4600945,-0.13140336,3661,3,2,5
274450.7242591028,3368832.058467293,39256,1,882.1303,28.525242,332.52557,-0.00048953434,10.603256,10.349765,1517.2126,17671.633,35919.09,65787.484,0.20365614,0.123871505,3661,3,11,6
274496.7362157523,3368534.822516628,39233,1,1005.9467,58.289635,92.04541,0.001888404,29.517336,10.3086605,1513.1316,17666.004,36219.137,65925.31,0.32485577,0.026505629,3661,3,2,5
274599.56367708533,3368619.1199984667,39246,1,950.4859,30.11908,128.65979,0.006115803,11.25209,9.867112,1516.6716,17778.203,36158.473,65989.41,0.2502078,0.09033912,3661,3,2,6
276573.32809587027,3370500.708715605,38134,1,1044.1088,27.941227,299.0546,-0.003455022,10.050983,9.662503,1588.3787,20067.152,34949.68,67271.82,0.42545915,-0.09537384,3661,6,2,7
276630.3956600212,3370336.9601140628,39255,1,980.76904,19.347067,280.008,-0.005097539,6.791657,9.851562,1587.0009,20091.754,35120.516,67377.15,0.34292614,-0.0214467,3661,6,11,7
276750.06864362536,3370613.164933357,38135,1,1086.7611,33.476536,302.34744,-0.0037898594,11.979192,10.52362,1593.6948,20257.078,34902.355,67401.23,0.44982764,-0.11976609,3661,3,2,6
276846.472043405,3370178.69729736,39245,1,1011.3128,33.857967,213.69008,0.012325534,13.015888,10.355937,1588.7251,20264.76,35075.234,67625.69,0.36269405,-0.025565876,3661,6,2,6
276868.955665032,3362322.2957389443,39082,1,1977.7302,34.232925,333.43494,-0.0012727326,12.896072,11.049041,1460.4811,15193.055,32189.188,70423.98,0.27663505,0.060367066,3661,3,11,6
276999.1439594143,3369342.1781618004,39244,1,1025.456,34.26261,73.61044,0.0023686893,13.600409,10.900648,1578.0779,20260.555,34560.832,68027.22,0.30143395,0.050326355,3661,3,2,7
277361.07556541363,3361299.6839763545,39081,1,1659.8752,41.848698,256.23923,-0.006698719,16.508427,10.370231,1454.1097,14124.663,31453.625,71295.94,0.37288222,-0.033687763,3661,3,11,7
277679.4706502553,3370604.35825596,39257,1,1109.6853,19.858105,289.44003,-0.011527719,7.8511634,9.851562,1612.7655,21163.143,34541.32,68292.625,0.3810039,-0.05145259,3661,1,2,6
277927.4587420655,3362124.110663809,39091,1,1683.6958,33.39802,271.4688,-0.007332979,11.162654,8.709139,1479.1008,14900.956,31113.67,71475.26,0.43865997,-0.10335475,3661,3,11,7
277966.7272299711,3369679.619094216,38196,1,1116.2006,35.17944,193.62701,0.008029861,12.959172,10.697115,1603.7018,21273.395,33851.0,68844.65,0.34682652,-0.018230448,3661,3,2,3
278004.8091376637,3369639.847114248,38197,1,1132.4371,34.82198,195.75119,0.005078584,12.8249,10.154212,1603.874,21306.143,33797.016,68894.94,0.39538816,-0.0748339,3661,3,2,6
278880.5917188188,3370712.2994176587,38210,1,1036.7355,30.581955,227.12111,-0.00051334145,10.600523,9.285003,1639.5919,22369.703,33540.39,69418.46,0.46772778,-0.1453334,3661,1,2,9
279195.86086288485,3366156.8544810754,39247,1,1048.5878,33.28944,252.55283,-0.0055744653,12.431894,8.818058,1571.4943,18924.885,31232.834,71151.18,0.19903195,0.1215456,3661,3,11,7
280007.60287309764,3365528.579352865,39259,1,1094.724,35.305134,271.36392,-0.008268777,12.625789,8.063091,1577.9163,18331.986,30242.438,72129.25,0.38078663,-0.054410588,3661,3,2,7
280184.98513071664,3363527.353281512,38158,1,1481.7345,27.205711,164.29138,-0.017285377,10.428896,7.124122,1548.8763,16351.773,29366.229,73017.266,0.23927265,0.118141726,3661,3,2,9
280188.8151508309,3363567.7757015643,38159,1,1481.3887,26.334093,187.12503,-0.010537159,9.534617,8.769595,1549.5315,16391.623,29379.26,73002.414,0.32685006,0.019235168,3661,3,2,7
280832.0762225571,3370640.1552442918,39017,1,1316.9064,32.335205,241.92752,0.0044196136,12.030228,10.074697,1678.7761,23491.379,31828.447,71308.02,0.50707686,-0.19418818,3661,1,11,6
281042.17389776,3370244.5229309094,38180,1,1189.3635,18.169504,254.47589,-0.005161935,6.174812,9.155268,1676.5669,23112.732,31440.988,71622.61,0.4947072,-0.1684104,3661,1,11,9
281083.771364031,3370628.3563293223,38314,1,1320.8446,26.6198,227.48956,-0.011026898,9.493221,9.078869,1683.7828,23504.775,31610.432,71550.8,0.5697663,-0.25765172,3661,1,11,6
281090.3043227331,3370744.721871105,38271,1,1403.9635,39.24839,249.44397,-0.0020500566,15.555596,8.976134,1685.7916,23615.227,31660.023,71529.69,0.5247074,-0.20507444,3661,1,11,6
281119.1557363632,3370329.369140608,38192,1,1227.9297,31.049158,266.63354,-0.0048150625,11.182551,9.484605,1679.4889,23209.277,31427.824,71664.125,0.46971604,-0.14514592,3661,1,11,6
281136.1795766373,3370765.920598157,38289,1,1429.99,33.007286,240.25513,0.0011141001,12.13259,10.286918,1686.9465,23639.105,31636.7,71562.55,0.4547954,-0.1339197,3661,1,11,5
296795.2123285316,3364909.9387579886,39777,1,1746.5282,37.499424,243.43497,-0.009360398,14.79114,8.294174,1817.4385,14804.016,15620.835,88240.7,0.43951407,-0.111120775,3661,1,11,7
296855.81242512946,3364739.692490368,39776,1,1737.8569,39.870617,163.30078,0.0011125836,15.577576,10.794891,1817.0505,14632.197,15459.224,88347.82,0.4588708,-0.117126435,3661,1,2,7
297011.05520242534,3362903.8147179983,40294,1,1458.4332,33.582844,200.72557,-0.004405541,12.474313,9.476208,1806.7924,13106.289,14115.595,89057.07,0.4686666,-0.1355773,3661,6,11,5
297060.6835319792,3362938.103899261,39620,1,1497.5898,29.487982,227.60257,0.0018187525,9.854807,10.673089,1807.7815,13103.301,14102.258,89092.125,0.38504365,-0.055230223,3661,6,11,5
297223.2722835274,3362355.702654904,39787,1,1174.0065,34.356407,298.07248,-0.0021502872,13.175832,11.090393,1806.2401,12556.822,13608.446,89429.22,0.37659588,-0.04918817,3661,1,11,7
297353.4595648512,3362420.1409378084,39788,1,1173.9794,35.757164,297.21613,-0.005686641,13.777369,7.503532,1808.622,12521.63,13549.672,89530.44,0.31820735,0.012726696,3661,1,11,9
297449.614817992,3362456.6872577434,39789,1,1192.8396,42.41378,240.1011,-0.008090615,17.166813,9.851562,1810.209,12491.874,13504.462,89603.25,0.43349764,-0.102374084,3661,1,2,7
297531.6896084841,3362080.3888421725,39786,1,1146.9113,36.676525,33.690063,-0.0017469494,13.846012,9.4054985,1809.1505,12148.481,13197.97,89808.89,0.5161223,-0.19335575,3661,1,2,6
297576.14185255725,3362429.381466221,39805,1,1201.6925,26.26919,247.38013,-0.01129074,10.098199,7.899931,1811.9421,12383.735,13384.576,89736.086,0.47724718,-0.14819132,3661,1,2,9
297588.7143068966,3362993.10281928,39774,1,1410.0968,29.517199,210.65068,-0.008935587,10.139599,7.556289,1815.5957,12805.475,13737.431,89571.01,0.41978392,-0.08428455,3661,1,2,7
297597.43066145485,3362378.437264144,39819,1,1190.8661,35.359898,218.65982,-0.0076431665,12.757552,10.235649,1811.9258,12332.883,13337.525,89770.81,0.39307362,-0.0608519,3661,1,2,7
297612.51755880803,3361949.365719201,39818,1,1166.0201,51.32328,38.904144,0.0014364332,22.082884,9.609259,1809.5466,11998.471,13055.133,89926.16,0.42288065,-0.08811426,3661,1,2,6
297805.42307122145,3362233.5229806984,39836,1,1260.1155,40.755936,214.01936,0.0014615551,15.647694,9.013325,1814.1273,12081.994,13079.946,90017.41,0.44866514,-0.11476966,3661,1,2,6
297802.45289729704,3362114.720424232,39837,1,1195.6649,32.599125,226.21889,0.0006875274,12.081977,8.818229,1813.3975,11991.372,13004.591,90055.375,0.44415557,-0.1017587,3661,1,2,6
297796.7454772144,3362479.977921942,38177,1,1359.9589,30.519054,208.8866,0.00920482,11.444463,10.68091,1815.5016,12278.844,13246.72,89929.266,0.42203212,-0.09059987,3661,1,7,6
297849.78729966044,3362072.035316532,39838,1,1201.4064,31.61854,227.48956,0.0061891917,11.518535,9.222555,1813.7566,11934.932,12948.367,90106.0,0.44573548,-0.107111715,3661,1,2,6
297880.710606338,3362331.8955297214,39827,1,1356.4335,32.81852,225.0,0.004264563,11.4389,9.749494,1815.9249,12106.139,13081.567,90061.805,0.26491502,0.071494766,3661,1,7,5
297909.06530140934,3361739.864124577,39767,1,1152.723,51.58612,64.53665,0.003587454,22.528337,11.024711,1812.6798,11648.163,12697.247,90268.086,0.508,-0.18016842,3661,1,2,6
298113.1414642206,3362061.0409880104,39806,1,1244.8184,39.362,222.18445,-0.0028513863,14.417168,8.231379,1817.7623,11751.46,12732.32,90365.25,0.47078186,-0.14151686,3661,1,2,6
298136.2287607629,3362195.384730441,39826,1,1335.2894,38.528797,249.90479,-0.0018313748,15.157219,10.332905,1818.8221,11838.315,12799.863,90343.17,0.34864125,-0.014204155,3661,1,2,6
298143.55205512134,3361138.50357695,39725,1,1260.3917,30.599836,43.72696,-0.0027973403,10.407344,9.69628,1812.8655,11043.827,12145.028,90688.99,0.44636646,-0.123355284,3661,3,11,7
298295.60829979944,3361472.5524173384,39726,1,1140.1835,35.063076,15.524109,0.0011545734,13.663883,8.922943,1817.1051,11187.14,12223.572,90724.125,0.362094,-0.035228286,3661,1,2,7
298431.47037837055,3362043.56439504,39795,1,1305.068,28.744951,263.65982,0.0036486802,10.59289,10.140179,1822.4669,11532.095,12473.732,90675.164,0.38933572,-0.045190107,3661,6,2,5
298573.1380740469,3362067.2106022546,39756,1,1283.9468,28.677555,316.3972,-0.0053580664,10.064693,9.851562,1824.7406,11467.978,12386.787,90798.58,0.43020207,-0.08430027,3661,1,2,6
298578.5914938242,3362143.995322202,39809,1,1311.7684,27.767189,286.69925,-0.0016069936,9.301419,10.059778,1825.1261,11522.934,12432.618,90776.555,0.43543166,-0.09625829,3661,1,2,5
298637.1848306875,3362115.340169587,39807,1,1278.4282,25.905123,293.9625,-0.016677557,9.172937,8.323197,1825.8612,11462.309,12367.672,90842.94,0.43198666,-0.10015306,3661,1,2,7
298640.8769855301,3362150.4296557563,39808,1,1298.8545,30.277485,290.77228,-0.012236194,11.060897,7.592971,1826.2296,11487.706,12386.484,90839.875,0.42975146,-0.09291753,3661,1,2,7
299002.33268639696,3365169.801293245,39828,1,1301.6377,33.079224,338.19858,-0.00426166,12.244059,9.851562,1847.4178,13763.022,14328.943,90283.06,0.44742733,-0.11534114,3717,1,2,7
299113.3105440109,3364958.173571913,39839,1,1327.8676,48.322277,100.7843,0.0013146673,20.61646,9.556521,1847.7275,13526.633,14096.311,90448.05,0.5091039,-0.17213205,3717,1,2,6
299208.94434609776,3365455.407572817,39829,1,1320.3914,41.970394,330.1011,0.0034847602,15.873731,10.310564,1851.3975,13898.488,14426.483,90396.47,0.40279838,-0.06864651,3717,1,2,6
299340.4271313007,3360749.846044306,39775,1,1055.2598,41.775185,75.963745,0.0007136731,16.817883,9.851562,1829.8196,9957.4795,10952.854,91950.586,0.26515073,0.062443793,3661,3,2,6
299355.1421113317,3366277.686194414,39830,1,1274.3654,28.20887,358.09085,-0.001422727,9.922008,5.791982,1857.4498,14546.787,15008.331,90312.93,0.45176482,-0.123742625,3717,1,2,7
300340.40297101863,3365442.106518581,39840,1,1126.4456,38.57942,253.44293,-0.0044555604,15.02218,8.146329,1865.5962,13344.857,13756.587,91494.54,0.41893795,-0.08213439,3717,1,2,9
300391.4208660036,3365957.272806427,39856,1,1211.3215,30.867376,253.7398,-0.017054131,11.474802,9.2935915,1868.4326,13790.119,14165.945,91400.71,0.4333413,-0.089896284,3717,1,2,9
301052.27409935393,3366104.096811658,40291,1,1430.5624,28.441387,176.42365,-0.0023198072,9.793764,9.368367,1876.9385,13648.48,13946.483,91998.86,0.5310202,-0.20561175,3717,1,2,7
301700.40087763465,3363798.014567569,39857,1,1255.9135,41.823505,246.50143,-0.003582839,16.45111,8.268109,1877.2167,11279.562,11640.227,93261.65,0.324857,0.0039337534,3717,1,11,7
301945.81171516934,3362713.869842101,39848,1,1372.3469,33.294815,257.66092,0.004247807,12.32623,9.830061,1877.1858,10189.426,10598.727,93810.48,0.37269083,-0.03399707,3661,1,2,5
302158.9007593564,3362693.744486373,39585,1,1352.8466,31.277725,261.11935,-0.006816206,12.642832,8.783835,1880.1663,10082.723,10464.42,94016.91,0.3533163,-0.017299656,3661,1,2,6
302214.7433763093,3362715.6454847087,39584,1,1379.8944,37.201546,251.11392,0.0037911853,15.474978,9.430914,1881.0913,10076.314,10447.99,94068.24,0.28636688,0.045692243,3661,1,2,6
302527.47040463774,3362781.8296257965,39858,1,1436.2416,39.18109,214.01936,-0.005067906,14.860629,8.938175,1885.7544,10018.628,10340.449,94343.586,0.40139642,-0.06910564,3661,1,2,6
303622.2915969942,3362498.54450905,39586,1,1447.77,26.79905,272.0454,0.0021087949,10.207727,9.231312,1901.0822,9386.698,9557.159,95477.22,0.3935179,-0.062535375,3661,1,2,5
303919.8152018802,3360472.5166386915,40468,1,807.1777,36.734615,289.85522,-0.007652955,14.933864,9.851562,1902.2113,7365.4395,7644.7173,96370.875,0.43504444,-0.10216046,3661,1,11,9
258136.2574489016,3359083.1324408646,38600,1,730.9422,39.99116,49.02826,0.0016986019,14.840531,8.882857,1073.0376,221.35944,43317.508,55582.77,0.3396936,0.014379166,3661,2,11,6
263236.9493142317,3359106.46989781,39196,1,1622.4117,38.614204,174.68542,-0.0012069555,14.677476,8.489527,1126.5515,5129.133,43881.855,59834.004,0.4202931,-0.08516981,3661,2,2,5
263255.85328994144,3359162.4786683223,39197,1,1636.8365,36.452496,177.06433,-0.0026616473,13.434594,9.044406,1127.7808,5162.0244,43832.34,59824.656,0.35188678,-0.008976282,3661,2,2,6
258068.62028827352,3359211.9050429966,38599,1,719.73987,36.88704,38.88449,0.0028704451,13.864537,8.94602,1075.917,196.97716,43182.945,55451.344,0.4714263,-0.12713188,3661,2,11,6
262094.0015514209,3359250.9416609597,39210,1,1581.2578,33.480915,343.61047,0.0053893947,13.037129,9.935191,1105.3026,4072.8,43607.13,58793.52,0.33033752,0.005776349,3661,2,2,6
257970.61048124696,3359390.789571028,38601,1,686.68665,31.31484,23.198578,0.0007916086,11.671403,9.586299,1079.7719,183.57559,42997.23,55275.215,0.43787712,-0.10220186,3661,2,11,6
262046.0678980899,3359465.0582504007,39209,1,1603.0542,28.555939,1.4320984,-0.0068397587,9.0381365,10.142777,1107.6981,4082.4011,43391.83,58639.258,0.42209357,-0.08489186,3661,2,2,6
257887.5204051436,3359604.2017076146,38602,1,665.2647,42.092785,37.568604,-0.0017974067,16.260115,9.458122,1084.0206,183.57559,42781.727,55082.336,0.36496013,-0.014319135,3661,2,11,7
258774.7827822602,3359872.445944886,38391,1,864.39703,42.685307,117.07208,0.0021263664,18.797667,9.480995,1076.9473,1106.9326,42580.19,55669.812,0.41245496,-0.06885811,3661,2,11,5
261128.37891399863,3360022.480214525,39177,1,1401.3076,26.680365,142.69604,-0.0063055786,9.218605,9.851562,1097.8436,3354.4,42699.35,57562.336,0.42399082,-0.091068566,3661,2,2,7
257961.7985487741,3360208.5127365016,38620,1,647.4221,39.566708,340.3462,-0.0010841693,15.524921,9.366272,1091.9789,496.48767,42178.44,54807.184,0.27553216,0.06532137,3661,2,11,6
261124.15935861488,3360253.1384127517,39176,1,1389.5787,31.423027,247.89056,-0.0011597651,11.447242,10.275937,1101.597,3425.2737,42471.676,57440.24,0.3778212,-0.041640244,3661,2,11,6
258183.4166598908,3360621.9416198195,38621,1,672.5543,41.42986,305.3948,-6.317391e-05,15.805282,9.294377,1095.497,857.9627,41785.152,54764.273,0.37146574,-0.032532044,3661,2,11,7
260998.27691636444,3360496.688647579,39161,1,1375.4746,30.363579,228.65224,-0.0037053016,9.864878,9.921709,1102.9926,3396.9546,42205.83,57197.777,0.35807788,-0.030133232,3661,2,7,6
258472.99141569017,3360677.097004,38623,1,672.7087,38.13551,164.98163,-0.002984931,16.073912,8.549409,1093.1212,1147.6934,41747.867,54974.24,0.31986377,0.04600492,3661,2,2,6
258546.3483824708,3360749.6359123504,38622,1,689.90283,39.16481,153.94653,-0.005748518,15.868764,9.851562,1093.4136,1239.758,41683.848,54994.824,0.3429836,0.022572506,3661,2,2,6
261111.1825770832,3360811.758477017,39160,1,1345.1833,34.929497,175.3645,-0.00970883,12.758515,9.851562,1110.5293,3628.016,41916.0,57137.21,0.3961844,-0.06791143,3661,2,2,9
260201.13057978108,3360904.0182498395,38141,1,1071.3014,24.116117,226.54817,-0.010814061,8.28121,9.721984,1093.2068,2825.7742,41705.473,56315.66,0.4616525,-0.13953668,3661,2,2,9
259250.41584315663,3360971.0770993363,38635,1,1149.3169,32.969337,166.37299,0.004206289,12.175704,10.298722,1089.0758,1978.9138,41529.883,55473.92,0.3327843,0.012543702,3661,2,11,6
260420.5604938384,3361169.2014210317,39964,1,1282.3352,37.43288,242.8189,0.004362544,14.3522005,10.386832,1102.1553,3134.4058,41465.29,56360.812,0.31024015,0.017360993,3661,2,11,6
260525.4331761314,3361170.4129640125,40047,1,1283.5038,36.321495,296.56506,0.0034939223,13.861007,10.522362,1104.2203,3226.2207,41478.28,56446.055,0.2964331,0.029277407,3661,2,11,7
260395.8187281268,3361199.0813757195,38160,1,1293.0795,35.80527,241.50436,0.0022858428,13.382439,10.041182,1102.0253,3118.5413,41431.68,56319.55,0.34179628,-0.018029524,3661,2,11,6
260183.0129784445,3361246.169660737,38124,1,1278.1031,36.561665,286.31384,0.002526474,13.898812,9.918748,1098.3413,2940.017,41365.594,56119.695,0.28581116,0.047435857,3661,2,11,6
260294.7937259532,3361255.355181634,39979,1,1286.608,30.078806,253.30077,-0.0047083423,11.1594925,4.905242,1100.776,3045.4722,41369.38,56208.168,0.31668007,0.022459935,3661,2,7,6
260223.05831068417,3361273.23132862,38123,1,1293.3942,35.307934,271.54816,-0.000686283,12.913463,9.855819,1099.6567,2988.545,41340.78,56138.05,0.34373206,-0.014931053,3661,2,11,6
258299.2057088625,3361452.340181839,38392,1,729.4285,44.524532,177.03906,-0.0026037074,19.600994,7.703818,1106.7772,1111.6204,40965.957,54406.195,0.31933814,0.040445738,3661,2,2,6
264970.63342726155,3361477.379824671,40029,1,895.89355,32.70617,145.40771,0.003360901,11.704554,9.3010025,1201.1781,7466.1436,41591.676,60134.258,0.52849364,-0.19434105,3661,2,2,7
262154.1469268019,3361542.196682908,38097,1,1317.7014,41.339527,311.30862,0.0012355387,15.385046,9.633285,1143.9198,4870.9033,41358.766,57654.418,0.24811313,0.07889455,3661,2,11,6
264476.27555389924,3361557.076867884,39189,1,909.1721,36.1067,101.30994,0.0034653442,13.481811,9.488003,1192.1586,7021.318,41481.61,59658.496,0.3535109,0.011390808,3661,2,7,6
265475.909769976,3361608.021958274,39217,1,1086.6917,34.080685,172.30396,-0.0029305615,13.608416,8.187615,1213.6272,7981.5913,41498.246,60509.414,0.41795254,-0.081286594,3661,2,11,6
263742.2145485757,3361734.2754559643,39174,1,906.244,29.799177,46.27304,0.0023959675,10.415668,9.02567,1179.8584,6408.5723,41278.363,58938.676,0.40799582,-0.07310144,3661,2,7,6
304236.17096914863,3354939.7999044526,39924,1,891.0562,34.914547,0.0,-0.0101412935,12.424667,9.557973,1900.7875,2364.5718,3841.8748,98541.88,0.30875817,0.026135497,3661,3,2,9
304173.2172826228,3355653.0787663227,39923,1,914.36017,36.709106,329.74356,-0.0016128272,13.417476,9.561449,1900.4064,2977.1294,4132.4688,98230.695,0.23906405,0.08440339,3661,3,11,6
304234.050056722,3355705.3152647987,39922,1,902.2588,34.555927,317.2026,0.005369832,12.96865,9.8517,1901.6418,2984.242,4098.3896,98268.95,0.39679506,-0.070339784,3661,3,11,6
304055.4953869377,3355900.383042481,39910,1,940.2132,33.75772,11.309937,-0.0015766665,12.609981,9.704074,1898.3658,3250.846,4346.999,98029.66,0.39323205,-0.059919555,3661,3,2,6
303447.3111623695,3356444.773059651,39578,1,1006.0735,22.21279,2.489563,-0.0058464934,7.3805604,8.949521,1887.4225,4042.091,5137.285,97268.24,0.42207548,-0.093229346,3661,6,11,7
302694.0375786718,3356852.9268946103,39699,1,1365.2476,40.944157,315.0,-0.0011860343,15.942075,9.078848,1874.0471,4817.9766,5992.036,96422.02,0.23925811,0.083181836,3661,3,2,6
303405.8219645692,3357256.334574651,39579,1,1140.244,15.237265,45.0,-0.012463608,5.4545097,9.851562,1888.1014,4730.2534,5603.1597,96948.69,0.26097113,0.07449432,3661,3,2,6
303471.62640380114,3357300.5497337654,39580,1,1124.024,18.563553,343.61047,-0.0049950327,6.3516264,9.193242,1889.482,4731.691,5576.092,96997.195,0.26587942,0.053139526,3661,3,11,5
303106.4164307119,3357506.1657804498,39907,1,1307.3452,46.714767,45.74405,0.005423379,19.570389,9.81538,1883.0599,5106.4863,5992.7373,96581.0,0.37524968,-0.017045042,3661,3,2,5
302345.0844151959,3357792.3842947134,39909,1,1199.4695,35.907246,352.09283,-0.0022437011,14.26736,9.874161,1869.8911,5779.844,6781.46,95767.64,0.2858654,0.042792402,3661,3,2,7
302333.4432939285,3357889.2225138643,39908,1,1200.0743,44.822056,358.9949,-0.004369506,19.599007,9.317574,1869.9702,5867.0693,6846.3496,95723.95,0.28602046,0.03381116,3661,3,2,6
303481.306883467,3360123.264473407,39983,1,901.43066,38.596912,58.134033,0.0040361136,15.768732,10.275086,1894.6606,7194.282,7594.768,96073.3,0.4404385,-0.09019355,3661,3,2,7
303341.12870059646,3360236.637453603,40520,1,913.93164,42.642876,336.9487,-0.0031605733,17.20962,8.264732,1892.6012,7360.2515,7774.2974,95902.44,0.38090196,-0.043192092,3661,3,2,7
286445.81106625684,3354502.2222795445,39608,1,1346.1638,33.122612,259.99203,-0.011421815,12.602942,8.759001,1531.2811,8868.246,21516.285,82407.2,0.3892085,-0.05964984,3661,3,11,9
286280.31447344937,3354644.626482255,39624,1,1408.6249,17.09796,287.10272,-0.013684759,6.1000533,9.851562,1529.9412,9065.0205,21680.049,82202.02,0.37316102,-0.04326438,3661,3,11,9
284592.1332267273,3354739.149628023,39750,1,1188.8297,7.2355165,341.56506,-0.018143073,3.078008,8.1510515,1496.136,8953.217,23372.361,80641.71,0.42557994,-0.0971493,3661,3,11,9
284555.4481014611,3354851.86807459,39704,1,1201.6516,11.711895,339.44397,-0.0097795725,4.181703,10.132191,1497.0277,9032.353,23416.168,80556.945,0.42945933,-0.09172531,3661,3,2,9
282257.17836441245,3355498.0866210954,38235,1,1497.8759,41.395157,235.98065,0.002399884,15.96552,10.528493,1460.0459,8754.805,25744.91,78208.984,0.40155768,-0.06874371,3661,3,11,5
284480.15925004514,3356111.9087693654,39751,1,1321.6807,35.68661,201.03752,0.00031584039,13.099467,9.863839,1515.2505,10120.46,23576.414,79932.65,0.3984728,-0.05620268,3661,3,2,6
280974.7399637589,3356260.603838739,39030,1,1146.5383,36.230476,297.21613,0.0039240816,13.250455,10.767126,1446.0878,9251.994,27076.168,76724.03,0.37421203,-0.038648203,3661,3,11,6
280943.3740132383,3356258.321990099,39029,1,1152.1089,37.071255,282.99463,0.001631134,14.55225,9.982153,1445.4688,9247.584,27106.059,76697.21,0.38860595,-0.05120695,3661,3,11,6
281005.32161453634,3356294.644383276,39028,1,1149.5918,36.25878,321.1155,0.0033999153,13.257052,9.031248,1447.1984,9286.141,27048.818,76737.41,0.3330351,-0.0059172255,3661,3,11,6
281012.80404923146,3356306.6414396605,39027,1,1153.7562,38.08442,320.04245,0.0021245314,13.769611,8.979803,1447.7324,9307.422,27040.57,76737.39,0.40865448,-0.08029062,3661,3,11,6
282048.1319984427,3356399.683255525,38207,1,1172.8209,35.617073,270.0,0.00034977775,13.796702,9.493448,1470.4623,9577.578,26022.77,77620.04,0.42591912,-0.10058141,3661,3,2,6
282101.431390374,3356380.269221368,38220,1,1148.7942,36.07992,276.78897,-0.007223347,12.919876,9.447907,1471.3727,9571.562,25961.172,77682.7,0.40271527,-0.07472717,3661,3,2,7
284554.73610976606,3356379.077739397,39703,1,1340.3995,30.608173,159.44397,0.0050628227,11.009849,10.72607,1521.0929,10397.932,23522.754,79888.58,0.5356742,-0.21341716,3661,3,2,7
282136.9961384112,3356403.757870796,38221,1,1159.182,33.641514,293.9625,-0.0037362797,12.834751,9.934445,1472.3195,9597.901,25933.16,77700.805,0.33660388,-0.015443836,3661,3,2,9
282171.68835589575,3356416.5584291834,38234,1,1161.0468,29.091547,292.9887,-0.0070871133,10.6817875,9.646403,1473.4728,9626.635,25895.213,77727.9,0.4800811,-0.15391755,3661,3,2,9
284753.9392386885,3356470.4682010966,39702,1,1385.0331,26.93489,154.35901,0.0004394325,9.299557,10.784609,1526.4329,10567.658,23333.24,80030.78,0.36066657,-0.035793375,3661,3,2,7
284877.70789847925,3356565.5238946974,39752,1,1402.7229,41.488277,116.56503,0.0031244461,15.9015665,10.139982,1530.1823,10701.822,23223.754,80100.94,0.37713885,-0.021107541,3661,3,2,6
284988.2795626477,3356774.395684066,39769,1,1393.394,32.724987,232.52383,0.0035891202,11.759147,9.931092,1535.5737,10938.848,23138.82,80111.42,0.32748258,-0.0005398902,3661,3,11,7
281180.24729817867,3357069.343095924,39117,1,1273.4401,28.104277,338.9625,0.0023654427,10.021267,9.998251,1463.6932,10084.543,26947.746,76552.94,0.36325574,-0.034041744,3661,3,11,6
281388.6274072608,3357491.4419188374,39211,1,1229.4548,24.973574,299.74487,-0.0064483467,8.998069,10.273571,1474.7029,10530.076,26800.84,76549.78,0.37439266,-0.043999653,3661,3,11,7
285130.4761504019,3357501.454345757,39770,1,1484.5004,37.786827,304.87534,0.003366642,14.188122,10.213946,1549.6807,11658.963,23089.885,79941.81,0.23372437,0.089054145,3661,3,11,6
285144.96813455,3357516.3479030416,39701,1,1485.2515,40.607586,315.0,0.0019143458,15.458841,10.399307,1550.0225,11672.361,23081.527,79946.766,0.3236327,0.0011527914,3661,3,11,6
282453.29622993286,3357689.126794544,38206,1,1370.7703,42.041348,245.37643,0.0011875541,16.980778,11.003273,1500.0652,10926.93,25768.473,77430.125,0.29590923,0.036764387,3661,3,11,5
286787.0784248824,3357729.4296836467,39794,1,1808.8069,23.349466,160.0169,-0.010093384,8.106053,8.633055,1583.925,11618.477,21499.568,81352.67,0.37839496,-0.040339,3661,3,2,7
281301.2255594445,3358054.156224502,39100,1,1380.5597,32.05999,341.56506,0.00024912183,11.870045,8.900109,1482.2275,11071.297,26958.994,76236.48,0.37700856,-0.03987926,3661,3,11,6
284579.0950254832,3358082.007513719,39793,1,1702.1431,27.681454,258.69006,-0.00093778333,10.105784,10.746662,1548.2805,11954.623,23736.773,79192.23,0.34763482,-0.018753292,3661,3,11,6
282055.22463503975,3358141.63065513,38205,1,1230.0571,41.491478,288.43494,-0.004785546,15.7897625,9.993973,1499.1835,11282.876,26231.957,76876.95,0.12547195,0.19142096,3661,3,11,9
286054.6130550003,3358643.0544508286,39792,1,1739.0764,28.767092,290.55606,-0.016648687,10.837748,7.0938306,1583.722,12754.732,22390.3,80318.586,0.19664457,0.12087299,3661,3,11,7
286303.9333703566,3358896.582621663,39771,1,1860.064,28.439426,258.69006,-0.0062162266,10.370881,8.719816,1591.9788,12880.703,22202.002,80444.92,0.14766882,0.16726905,3661,3,11,7
286024.2352280242,3358979.049860017,39791,1,2029.0216,37.989403,314.06082,0.010226148,13.33366,10.972862,1588.193,13073.534,22492.773,80156.09,0.24784903,0.081309125,3661,3,11,5
286250.5799888788,3359076.0491091325,39772,1,1916.9958,30.531929,329.53445,-0.008984604,11.197029,10.263006,1593.5686,13055.517,22288.967,80331.984,0.36986235,-0.039823085,3661,3,11,7
280555.28341837577,3354334.5654599997,39099,1,1088.007,36.933304,302.15228,0.0013021348,13.642065,9.145792,1405.8007,7280.5493,27402.236,77237.65,0.24115252,0.08318669,3661,3,11,6
278041.1878423321,3354381.036788519,38937,1,998.6905,26.864712,289.0935,0.0022229482,9.650748,8.788668,1354.84,7171.3667,29912.676,75007.74,0.23604302,0.10252729,3661,2,11,7
275264.3695319905,3354476.0659398297,38073,1,1107.0746,31.63827,60.461212,0.0010134053,11.830846,9.571119,1298.9635,7861.921,32693.672,72542.08,0.35986024,-0.0032378433,3661,2,2,6
275368.0491546177,3355259.9832826145,38043,1,954.10077,38.14537,295.9744,-0.0002329517,14.668399,10.283115,1313.9563,8582.196,32615.127,72238.36,0.40324616,-0.07198308,3661,2,11,6
276827.42249737907,3355311.0600554943,39090,1,1014.86743,29.075539,265.9144,-0.0032162583,11.046497,9.075842,1344.8977,8287.828,31158.398,73490.46,0.31706882,0.022928413,3661,2,2,7
275579.2713746924,3355360.511648743,38072,1,917.8371,23.093952,40.10089,0.006015061,8.42254,9.861234,1319.9258,8619.757,32409.395,72372.664,0.43588707,-0.09505098,3661,2,2,6
274960.0920791262,3355408.118656548,38045,1,1099.4679,32.513103,260.27243,0.01130865,12.215871,10.276983,1307.9519,8851.627,33030.97,71807.49,0.32600057,-1.3504637e-05,3661,2,11,6
275011.4598750969,3355407.926665087,38044,1,1096.5516,46.071377,302.53506,0.003238146,19.57804,10.683556,1309.1898,8832.287,32971.023,71859.77,0.4835102,-0.15877976,3661,2,11,5
275401.2430667189,3355443.9955052794,38071,1,1027.9904,41.57924,6.709839,0.012880891,16.228708,10.764324,1317.7275,8743.209,32582.727,72185.24,0.45490065,-0.111443676,3661,2,2,3
280491.0610358199,3355793.8762927703,39067,1,1095.8141,11.74377,265.60132,0.008789959,4.5814786,10.674609,1428.4827,8713.65,27519.588,76508.34,0.33613724,-0.011738048,3661,3,11,3
279762.6669895765,3355851.864706609,39089,1,975.4599,10.65923,0.0,-0.0007499055,3.4888835,8.290346,1414.4026,8667.877,28251.955,75831.74,0.30412585,0.055446167,3661,3,2,9
280552.9235252129,3355893.976413898,39043,1,1110.5248,29.36712,285.70865,0.0006068529,9.609892,10.358695,1431.359,8821.797,27466.492,76516.266,0.44601223,-0.11694881,3661,3,11,5
280573.30620474607,3355934.592401852,39055,1,1118.9252,35.616184,315.0,0.0052174698,12.648577,10.394296,1432.427,8864.367,27449.352,76515.914,0.3688227,-0.042183902,3661,3,11,5
279630.791653449,3355944.21224936,39088,1,1027.159,38.81686,347.98853,-0.0048485203,15.36178,8.3057165,1413.1945,8743.392,28387.744,75674.94,0.44275233,-0.10361972,3661,3,2,7
280600.97160664067,3355994.207651294,39056,1,1131.4269,48.451912,340.7505,0.001381521,19.462694,10.839338,1434.029,8928.118,27423.76,76515.445,0.297926,0.024443751,3661,3,11,5
277291.0982600255,3356001.334115685,39092,1,1322.9814,30.727049,263.4802,-0.00075522193,10.353061,10.132152,1365.8922,8874.345,30726.469,73575.305,0.43354693,-0.10785266,3661,2,11,6
279591.7953527037,3355999.3623910816,39079,1,1077.3734,45.27804,347.4712,0.00038506847,19.047,8.74907,1413.3518,8799.232,28431.848,75611.875,0.53716594,-0.2114757,3661,3,2,6
280900.93913855683,3356062.9276826745,39042,1,1039.935,30.203508,301.6075,0.0017037588,10.723109,10.244167,1441.3665,9043.771,27129.854,76751.414,0.43064496,-0.10101935,3661,3,11,6
280629.6830162487,3356053.601480788,39057,1,1137.588,46.64109,329.53445,-0.0058669914,20.07357,8.819538,1435.4248,8990.423,27408.28,76506.11,0.36329493,-0.035255283,3661,3,11,6
279721.0539020008,3356212.2400604803,40002,1,1012.75385,24.937466,343.30075,-0.0021786685,9.409137,7.4022336,1419.4742,9021.225,28317.941,75631.555,0.37700635,-0.03944343,3661,3,2,9
275140.4803242905,3356218.678102809,39132,1,956.8596,29.728914,235.7843,-0.0012080362,10.424515,10.107801,1325.1284,9564.899,32886.375,71579.86,0.42711392,-0.100712076,3661,2,11,6
274251.60602571606,3356320.6925257714,38346,1,1183.9857,30.942724,36.52887,0.0073317075,10.430369,10.4316,1308.3994,9946.598,33781.14,70752.35,0.4430973,-0.10566198,3661,2,2,5
279742.217408116,3356694.911928909,39078,1,1028.3673,21.059277,357.61404,-0.0040778397,7.074254,8.185479,1427.7496,9500.679,28339.871,75431.98,0.4494923,-0.117917016,3661,3,2,10
279734.82776709413,3356734.9396141665,39069,1,1032.1915,22.934595,357.51044,-0.0035523789,7.776288,8.347216,1428.1985,9539.444,28353.674,75405.05,0.39142546,-0.055316962,3661,3,2,10
279737.8495436428,3356776.7500571627,39068,1,1034.0309,22.130001,357.39743,-0.0039015575,7.2517486,7.8740196,1429.0176,9589.187,28358.57,75382.56,0.3235794,0.010925766,3661,3,2,10
279708.432302548,3356952.45988338,39932,1,1048.7493,18.505798,3.17984,-0.002807091,6.1722584,8.51417,1431.1831,9755.394,28405.693,75279.484,0.40399605,-0.072520606,3661,3,2,10
274353.077756612,3357629.837810188,39133,1,1098.2146,17.723974,335.55603,-0.004163113,5.921579,9.630382,1331.8984,11147.04,33797.67,70214.125,0.35871908,-0.033718403,3661,2,11,9
273334.6859704939,3358684.209084122,39945,1,1286.3884,32.14514,256.37302,-0.0028280837,11.71685,8.902402,1328.0233,12479.568,34937.58,68821.54,0.48688868,-0.163378,3661,3,2,6
273233.51946507447,3359175.535475131,39946,1,1310.5212,33.2709,217.5686,-0.0070725917,11.821973,9.058576,1333.9749,12972.93,35105.76,68506.39,0.4064998,-0.07088747,3661,3,2,7
279867.74731191684,3360459.9230262768,38179,1,1800.4523,43.829185,197.02054,0.0019291202,17.856997,11.023599,1491.9802,13265.685,28827.738,73920.5,0.34942377,-0.0025231137,3661,3,11,5
279392.6130974464,3360981.03801756,38178,1,1556.433,34.010204,281.00354,-0.012765635,12.841638,9.851562,1490.7919,13754.436,29405.332,73279.62,0.3662436,-0.045759473,3661,3,11,7
303524.3285840446,3353754.94397109,39716,1,1087.7195,38.165443,298.393,-0.002964264,15.094396,9.3237505,1884.524,2152.9514,4435.9663,98321.03,0.1976341,0.11195234,3661,3,11,7
303553.900225658,3353792.4423508,39717,1,1108.1022,33.09153,289.53665,0.0017816237,12.848542,9.86756,1885.2198,2152.0457,4404.1006,98333.83,0.2067118,0.1092865,3661,3,11,5
304258.12538847147,3353955.771504927,39955,1,1012.9126,21.212427,310.10092,0.009544953,7.5277205,10.334858,1900.1156,1672.4233,3700.1218,98923.625,0.0,0.33333334,3661,3,11,5
303668.2805591532,3354092.15141322,39715,1,1085.7203,13.662316,240.25513,-0.026929528,5.1986113,9.851562,1887.9877,2235.4417,4291.41,98323.836,0.29887423,0.026371704,3661,3,2,9
304593.32341032656,3354174.649757185,39939,1,988.2605,34.865326,326.30994,0.001445937,12.646476,9.298658,1907.4036,1548.5801,3365.3677,99158.266,0.0,0.33333334,0,3,11,6
304410.3718384687,3354182.8399943523,39954,1,1043.032,27.90015,300.96375,-0.005762757,9.369765,8.593529,1903.6805,1685.8232,3545.645,98987.23,0.0,0.33333334,3661,3,2,6
304468.60294204624,3354181.3276470685,39940,1,1030.616,34.96639,291.25052,-0.002211066,12.3219185,8.507077,1904.7172,1648.7874,3495.726,99033.71,0.0,0.33333334,3661,3,2,6
303761.183411296,3354198.01808647,39956,1,1075.5634,20.617842,308.65982,-0.016534751,8.280228,9.851562,1890.228,2216.8672,4195.772,98375.85,0.35033828,-0.02228317,3661,3,2,9
304600.0632362543,3354222.4961513607,39938,1,1007.8258,36.083454,322.2532,0.00024660432,13.198161,9.157721,1907.445,1584.1718,3368.5605,99139.875,0.0,0.33333334,0,3,2,6
304709.2380799688,3354548.775966218,39925,1,930.49316,39.55822,27.121307,-0.006614107,14.992438,7.4415226,1909.9692,1772.0045,3299.606,99121.484,0.0,0.33333334,3661,3,2,7
261410.1201661434,3352414.659986117,39205,1,1325.6471,18.949524,156.03748,-0.0028269605,6.722965,10.815753,979.4201,2660.6765,46576.47,62169.47,0.37482226,-0.033568796,3661,2,11,5
263084.19473534013,3352844.026577161,39221,1,1155.8359,30.24316,69.22772,-0.0051941345,10.479024,9.184439,1021.08624,4356.076,44884.477,63244.2,0.4325888,-0.09358937,3661,2,11,6
260844.57845942976,3352957.8752048444,39206,1,1312.322,15.689158,93.576324,0.01083336,4.951709,11.168103,976.84796,2121.509,47121.04,61389.68,0.25822544,0.087575376,3661,2,11,2
261314.8060785895,3353555.563524705,39207,1,1035.386,38.746838,128.65979,-0.00061477005,13.566917,8.857488,996.1711,2614.3066,46641.984,61402.92,0.34199214,0.01831112,3661,2,2,6
259837.623538208,3354197.1243037665,38098,1,675.45557,40.399605,282.26477,0.0038343095,15.118722,8.882468,976.25085,1160.1724,48120.504,59832.145,0.2759347,0.05812533,3661,2,11,5
258533.2894819348,3354196.184641151,38544,1,748.64575,33.86266,72.07208,-0.0015835093,13.027455,8.437607,990.96344,130.0,48223.57,58812.93,0.5484985,-0.2140753,3661,2,2,6
259865.0671079745,3354196.0865055025,38099,1,662.6424,34.586876,274.76364,0.0030345041,13.022852,9.848247,976.70654,1190.042,48090.46,59862.023,0.3684015,-0.037388735,3661,2,11,7
260484.0658727149,3354333.62907339,38122,1,708.4218,33.727787,261.02737,-0.0054975897,12.382931,8.175966,991.7804,1816.2048,47471.29,60270.367,0.36908048,-0.043933798,3661,2,2,7
260424.26299599544,3354358.903500696,38100,1,718.88354,41.724503,266.49646,-0.003501365,16.37323,7.9273543,991.0322,1759.2328,47531.52,60204.41,0.3539702,-0.023683302,3661,2,11,7
258575.7331789113,3354374.801767482,38559,1,628.3195,36.60511,37.146698,-0.0061030216,12.948516,7.9862304,993.0209,90.0,48046.918,58732.926,0.44513834,-0.09840764,3661,2,2,7
258444.68011757336,3354468.077710225,38560,1,681.3652,20.984507,36.869904,0.0049401973,7.4221845,9.883818,997.1614,210.0,47937.895,58568.92,0.21356177,0.12254029,3661,2,11,7
258749.0046393596,3355454.897521735,38562,1,703.9374,26.664816,19.093506,0.00417771,9.74135,10.371854,1007.0146,120.0,46982.773,58207.1,0.39775452,-0.055760805,3661,2,2,5
263357.65716947505,3355726.390884253,38883,1,1131.4724,38.53604,195.59282,-0.0038409703,14.511334,9.932868,1073.6796,4735.589,44633.93,61787.742,0.46483877,-0.14129794,3661,2,2,7
258523.9132472596,3356019.7523390194,38561,1,669.69965,22.602314,17.650116,0.0024165069,8.647328,9.965273,1020.00793,30.0,46397.7,57688.008,0.32637095,0.015179797,3661,2,11,6
263492.34097883746,3356211.194885293,39093,1,1160.5576,44.49187,212.22878,0.0010493776,18.119648,10.32179,1084.569,4910.896,44515.89,61628.016,0.37278548,-0.045123883,3661,2,11,6
258372.5326587208,3356401.735466808,38580,1,655.69714,33.320637,39.173645,0.0032434233,11.770086,9.456385,1028.5297,130.0,46007.78,57340.28,0.42156416,-0.07632764,3661,2,2,6
258342.37422188683,3356464.453574717,38579,1,647.395,32.148453,41.49646,-0.00069641287,11.405996,6.4627295,1029.9677,150.0,45945.8,57280.387,0.4232079,-0.07699695,3661,2,11,7
267188.95806782617,3357049.580020944,39281,1,1703.5901,28.335331,212.61925,-0.0027091254,9.841067,10.081976,1174.4362,8680.473,40885.42,64277.34,0.26436406,0.065967426,3661,2,2,7
266893.9844103383,3357324.1135624987,39298,1,1705.555,21.898022,279.46234,-0.0031600592,7.4921255,9.784116,1172.8628,8430.189,41195.62,63889.008,0.2485436,0.07780968,3661,2,11,6
265256.1429465293,3357387.445947005,39310,1,1696.981,29.589237,196.18922,0.00424433,11.365017,9.997913,1140.1593,6816.524,42835.94,62458.562,0.29897496,0.05392024,3661,2,7,5
265194.27731033484,3357561.9279084,39166,1,1673.6368,27.959469,181.97495,0.0017280044,10.301983,9.738274,1141.6976,6781.187,42909.605,62317.336,0.208882,0.121876314,3661,2,11,6
266511.785651172,3357626.7571957437,39299,1,1699.0404,31.92843,257.66092,-0.004322678,11.47656,10.110269,1170.0848,8097.827,41600.434,63403.117,0.31658658,0.024475064,3661,2,11,6
266101.8513244484,3357696.302185188,39300,1,1699.6354,25.37741,263.15723,-0.0029257343,8.58823,9.851562,1162.6029,7700.4224,42014.125,63022.1,0.31126705,0.03212786,3661,2,2,6
258982.6030607753,3357822.3426507013,38393,1,797.20105,32.922947,157.8905,-0.009599401,11.9060135,8.156853,1041.2198,688.8396,44640.688,57000.82,0.37253708,-0.024052234,3661,2,2,6
264864.9739135069,3358041.4887903878,39180,1,1652.4885,24.11082,238.24051,0.0038390981,8.057162,10.533125,1142.7262,6521.02,43280.844,61783.21,0.17328341,0.15220381,3661,2,7,6
258251.286347898,3358130.66368198,38581,1,676.7657,40.369144,328.8407,-0.002010207,15.120546,9.284483,1056.9928,72.8011,44273.633,56225.8,0.33214366,0.0130424695,3661,2,11,6
264165.6285192917,3358309.242433188,39195,1,1632.4242,25.53459,310.10092,0.005743846,9.246941,10.152872,1132.6868,5866.1914,44003.555,61046.336,0.31211543,0.022180991,3661,2,11,6
264497.9675329716,3358340.651309078,39181,1,1636.3171,26.719591,250.0169,-0.007693734,9.594456,7.029861,1139.9884,6197.177,43678.156,61310.62,0.18252966,0.14056022,3661,2,11,6
259931.5423730465,3358765.956714048,38140,1,1154.6931,31.462114,190.61966,0.0040272567,11.073595,10.94619,1052.7164,1861.2361,43799.355,57250.863,0.37422115,-0.05059728,3661,2,11,6
258679.5831722734,3358888.617109144,38394,1,687.3449,30.434965,193.13403,-0.0070126294,13.178877,9.851562,1062.7902,686.8042,43548.227,56135.293,0.4807184,-0.16299741,3661,2,11,7
258260.79284890668,3359029.618210303,38582,1,659.97736,44.551586,29.875977,-0.00041728432,17.326485,7.8775935,1070.5297,332.4154,43376.723,55718.164,0.39930734,-0.05591735,3661,2,11,6
283312.9407824496,3350878.2688382086,38236,1,1213.396,30.266218,226.27304,0.0050688446,10.586335,9.730011,1406.1815,4954.5938,24834.242,81314.79,0.30424204,0.021542097,3661,3,11,5
282173.42649578233,3350969.3076591277,39320,1,1078.7816,23.549612,323.61566,0.012576375,7.6399403,10.829887,1384.1517,4494.4966,25955.125,80277.92,0.3371316,-0.0063807103,3661,2,11,3
282391.2591302618,3351074.972191118,39319,1,1087.3634,31.761005,260.78897,0.0029001378,12.090094,10.211079,1390.3269,4682.3286,25725.117,80419.945,0.3036775,0.026703065,3661,2,11,6
282928.2174138917,3351193.055102109,39914,1,1068.757,29.250359,280.1247,-0.011298893,11.021269,8.671273,1403.222,5031.2026,25185.016,80823.03,0.27777198,0.047737636,3661,3,11,9
283243.41401246825,3351401.990985443,38237,1,1274.3939,41.6784,236.97614,-0.0008281546,15.964098,9.8028345,1413.2627,5366.386,24844.326,81000.44,0.27238753,0.05078857,3661,8,11,5
283213.85941781604,3351446.698748112,38251,1,1289.0927,26.995779,231.07246,0.009920136,9.453824,10.79569,1413.4637,5395.9336,24869.025,80949.96,0.34464714,-0.020022638,3661,8,11,3
283277.01211730106,3351518.961173017,38921,1,1309.7762,35.661907,139.844,0.010778324,12.81296,10.543198,1415.8485,5486.055,24802.297,80968.6,0.37528533,-0.017282395,3661,8,2,3
283281.55791130697,3351541.701625356,38920,1,1301.3774,40.73162,120.17352,0.0066967043,16.013498,10.499303,1416.3826,5508.403,24790.371,80967.69,0.404189,-0.048207287,3661,8,2,5
283407.4564577733,3351559.922289025,38922,1,1324.0433,44.62867,104.32272,0.0024915342,18.774807,10.525562,1419.1849,5584.0938,24668.986,81063.125,0.43361092,-0.075250536,3661,8,2,3
283495.0847663913,3351572.9736959483,38893,1,1328.2869,40.915222,121.60748,-0.0009071862,16.515121,9.933561,1421.2047,5637.597,24578.44,81137.16,0.33107176,0.029540254,3661,8,2,6
283347.3131482452,3351578.053491616,38907,1,1285.3527,44.255573,106.09082,0.0022799086,18.878239,9.99062,1418.2756,5572.2974,24726.748,81000.92,0.38863546,-0.028722707,3661,8,2,6
283275.87031942385,3351582.027980028,38908,1,1265.9944,40.888878,109.57312,0.0005718832,16.432556,10.50383,1416.8322,5538.8447,24796.418,80939.62,0.38886148,-0.028865274,3661,8,2,5
283466.2049901167,3351663.020531786,38906,1,1251.5627,45.111565,124.9025,-0.002000917,18.423378,8.430174,1422.0615,5700.676,24599.645,81067.53,0.34760806,0.021507414,3661,8,2,7
283205.0725391825,3351838.0614758963,38935,1,1062.001,34.212254,83.480194,-0.009011558,13.129596,7.665355,1419.6509,5737.752,24842.344,80753.01,0.39725274,-0.047753315,3661,8,11,9
285180.4270324261,3352020.228586165,39719,1,963.8937,27.611828,355.9144,-0.004853624,9.493192,8.562879,1467.1235,6738.843,22854.201,82410.16,0.28208217,0.0462724,3661,3,11,10
281374.5223086651,3352184.727245856,38892,1,843.9883,32.063713,270.0,0.0030835546,11.1951885,9.66341,1387.4854,5320.244,26640.879,78987.03,0.29043764,0.04984672,3661,2,11,6
280939.09942292306,3352188.432902466,38268,1,772.16125,24.246542,6.3401794,-0.00048911804,8.394655,8.427631,1378.5753,5228.4795,27079.227,78598.17,0.44519994,-0.105733655,3661,2,2,6
286847.457584101,3353113.324583806,39589,1,1265.3345,39.859497,328.13403,-0.0020715257,15.677387,9.295151,1520.2433,7446.1064,21127.92,83383.484,0.3558575,-0.02845104,3661,3,11,6
284594.71556544874,3353135.191146523,39718,1,1046.7703,34.045097,302.4712,0.004012335,12.009672,9.83902,1470.939,7541.1206,23375.459,81371.625,0.30700877,0.016114902,3661,3,11,7
286861.94526957173,3353131.715348089,39590,1,1257.1234,35.7526,328.7816,-0.0076903035,13.522005,9.989882,1520.9623,7455.052,21107.121,83392.336,0.4489632,-0.11281291,3661,3,11,7
284626.85637919203,3353180.589589732,39705,1,1052.3054,33.8626,322.12503,0.003208178,12.380555,9.833299,1472.382,7599.4277,23343.713,81375.2,0.35855204,-0.03383359,3661,3,11,6
286780.35363943106,3353244.1451268643,39606,1,1353.3794,30.87222,336.57132,0.002633394,11.712587,10.7993765,1520.7435,7589.2163,21182.93,83271.414,0.39350453,-0.059412856,3661,3,11,6
286887.2831537098,3353276.330390358,39605,1,1308.1,33.944935,230.90616,-0.017622719,14.49005,7.8745184,1523.3525,7571.3276,21081.957,83347.3,0.37840524,-0.045576733,3661,3,11,9
284659.7545150688,3353386.922913801,39730,1,1107.3882,40.370564,331.1892,-0.0035134046,14.982792,9.242683,1476.3167,7794.6196,23307.469,81305.35,0.31059766,0.011220919,3661,3,11,7
284744.64462271,3353460.7770947823,39731,1,1086.8212,36.729313,316.97495,-0.003901059,13.356532,8.774935,1479.3738,7900.9937,23215.824,81353.32,0.23520619,0.08818076,3661,3,11,7
282522.973810743,3353662.355700253,38252,1,1412.6487,42.72083,289.50244,0.0020813497,16.81898,10.462837,1435.4591,7088.4204,25432.014,79291.97,0.44193152,-0.10579163,3661,3,11,5
282402.7256185234,3353673.802042134,38253,1,1446.4175,39.65931,287.65015,-0.0016879142,16.099867,8.980546,1433.1477,7055.3525,25551.879,79181.19,0.40118515,-0.07563863,3661,3,11,6
284902.63382406137,3354008.734701024,39732,1,1160.0764,41.722534,350.5377,0.0044243387,17.125883,9.70071,1491.3458,8455.685,23050.02,81246.06,0.35920197,-0.028877996,3661,3,11,6
284934.30296961626,3354061.236901887,39733,1,1132.5739,36.955956,13.671295,0.0013718248,14.213894,9.1673,1492.7587,8513.988,23020.139,81250.305,0.35333982,-0.031888723,3661,3,11,6
284741.1829946642,3354366.9473715224,39749,1,1160.2144,27.744194,29.475891,-0.0012780497,10.084613,8.545535,1493.5138,8692.353,23213.277,80941.26,0.40102592,-0.07912232,3661,3,11,7
286480.20612609835,3354489.1101802425,39607,1,1354.256,33.402096,229.57393,-0.006104007,11.664505,9.606623,1531.768,8845.887,21486.055,82438.555,0.39446163,-0.06681985,3661,3,11,7
302470.86634046485,3352513.539260119,40441,1,1187.9316,39.92311,242.10272,-0.008681572,16.359003,7.8493814,1859.44,1870.7217,5673.738,97825.5,0.26491764,0.05957391,3661,3,11,6
303333.58160804707,3352670.87317699,40440,1,1188.179,30.608347,285.64224,-0.006759024,11.476637,8.969886,1878.6448,1726.9916,4802.135,98556.19,0.30424708,0.026249224,3661,3,11,6
300590.118840506,3353581.655707938,40598,1,1214.9297,41.18315,134.16968,0.007862454,14.702021,10.303675,1821.8014,3407.5503,7380.8467,95668.195,0.36554313,-0.014041251,3661,3,2,6
300605.9532895262,3354180.27997831,40619,1,1257.7274,35.992966,299.19748,0.01027177,14.711865,11.138066,1824.4938,3955.3635,7352.72,95455.72,0.19885011,0.11913982,3661,8,11,5
300628.6921736429,3353611.0557254446,40599,1,1219.2076,49.01373,131.63354,0.004060768,20.823442,10.460164,1822.7653,3420.5261,7339.332,95693.445,0.3947232,-0.038838457,3661,3,2,6
300702.5909774151,3353650.473521804,40600,1,1214.1106,40.9944,107.96912,0.002676465,17.215166,9.579245,1824.6136,3426.208,7257.507,95751.734,0.3839456,-0.038335204,3661,3,2,6
300727.2388132327,3354265.328644941,40618,1,1259.7826,34.52383,273.09406,-0.016234066,13.255635,9.851562,1827.2898,3983.2273,7235.42,95536.11,0.34212103,-0.014307055,3661,3,11,9
300773.1611688518,3354271.632922933,40617,1,1284.0944,39.941216,214.99203,-0.008830465,15.709753,9.851562,1828.365,3973.965,7185.854,95578.53,0.24810906,0.06564972,3661,3,11,7
300778.8989363169,3353643.169380834,40601,1,1229.3533,50.29225,84.207214,-0.00037276416,20.876501,10.309059,1826.063,3390.87,7188.046,95820.164,0.36107534,-0.011901314,3661,3,2,6
300849.80632654513,3353636.8690859918,40602,1,1227.04,37.1392,95.314545,-0.006823497,14.629364,9.187475,1827.5492,3364.818,7118.125,95884.734,0.38628265,-0.036681157,3661,3,2,6
300903.84407193173,3353654.665342565,40615,1,1230.9377,34.61502,120.69971,-0.008091558,13.098191,9.851562,1828.8584,3350.9402,7057.719,95936.234,0.3548389,-0.005755036,3661,3,2,9
301031.58270603674,3353766.8432070995,40616,1,1254.1395,26.124588,229.39871,-0.020462511,10.146351,7.971274,1832.0315,3413.1655,6923.1855,96010.01,0.36810791,-0.024705417,3661,6,2,9
301166.48723091074,3355752.093483831,40656,1,1554.829,31.982107,323.47113,-0.0051038377,11.452406,10.556425,1841.483,5234.74,7016.908,95387.74,0.2930826,0.021331433,3661,3,11,7
301452.6113432211,3355870.773657871,40655,1,1558.9783,38.42473,275.44034,-0.004331601,14.815657,9.644564,1847.5662,5067.238,6769.202,95613.95,0.2984863,0.02005878,3661,3,11,6
301657.5519708361,3356671.717973788,39697,1,1599.1248,32.57583,326.7251,-0.0012733485,11.816982,7.9627805,1853.9283,5403.0083,6850.263,95512.66,0.27775902,0.03663362,3661,6,11,6
301753.14587120304,3355833.0168086216,40654,1,1500.7261,24.250183,274.76364,0.01887268,10.366794,11.312023,1853.3136,4798.7705,6470.124,95907.97,0.2223454,0.104547404,3661,3,11,5
301766.6090686215,3355901.877833669,40637,1,1509.7217,40.319016,2.5447998,0.0077926633,15.090097,10.795432,1853.7174,4832.0596,6480.9336,95891.88,0.25204003,0.078600064,3661,3,11,5
301761.9285992386,3355856.5567083405,40653,1,1504.314,32.503727,323.84183,0.015403146,12.488156,9.723335,1853.5985,4808.326,6469.1963,95906.4,0.25693998,0.074616484,3661,3,11,5
301771.0633048159,3356512.6713183145,39696,1,1516.932,20.980953,311.42368,-0.0020859726,6.9539647,8.6156,1855.7261,5206.967,6677.822,95681.8,0.3605379,-0.046399314,3661,6,11,6
301958.8284138538,3352608.434537214,40442,1,1227.1945,37.687447,307.99875,0.0009135788,14.630316,10.330838,1848.2583,2033.937,6154.4214,97307.734,0.27492824,0.03867597,3661,3,11,6
302152.7098626717,3356427.046990342,39695,1,1422.0641,35.10044,50.389313,0.0042358665,12.132897,10.19677,1862.7571,4873.12,6296.2295,96065.34,0.4477231,-0.106118105,3661,3,2,6
302179.67443360685,3356389.96380811,39683,1,1431.2299,32.90959,33.690063,0.0067399205,11.664359,10.740302,1863.0322,4831.035,6262.3076,96098.29,0.38897926,-0.04369756,3661,3,2,5
302189.7098413009,3356361.8108335054,39682,1,1432.6523,31.691277,22.750977,0.008172691,11.248238,10.299858,1863.1437,4803.1343,6241.578,96118.33,0.39357913,-0.057140447,3661,3,2,5
302220.5662195646,3353493.227006748,40463,1,1513.7234,40.694145,271.1017,-0.002996741,16.121754,9.04131,1856.4353,2871.411,5750.913,97216.445,0.3652194,-0.034752745,3661,3,11,5
302296.833577168,3356857.198801896,39698,1,1452.0977,40.39334,279.8658,-0.00281546,16.581501,9.511467,1866.5518,5084.132,6350.591,96044.0,0.40117082,-0.07884947,3661,3,11,6
286972.5354400544,3353128.401172507,39604,1,1262.1667,42.331505,218.85338,-0.004448693,15.594003,9.384308,1523.3812,7405.8623,20997.21,83490.586,0.39732724,-0.07444133,3661,3,11,7
287028.5729752748,3350035.706383652,39666,1,1447.9991,46.06613,1.0050964,-6.135254e-05,18.986994,8.7609,1481.759,4610.39,21299.47,84973.13,0.44087332,-0.11080449,3661,3,11,5
287312.52034312935,3348866.5358665576,39667,1,1137.4076,40.242775,348.95905,0.0021856243,15.811782,9.107842,1473.1343,3444.198,21263.154,85787.0,0.3331202,-0.008867682,3661,3,2,6
287393.30337450886,3349281.079385662,39573,1,1163.3198,36.64072,318.23972,0.00081233,13.130091,8.797966,1480.6534,3851.052,21090.37,85658.06,0.27269518,0.05564138,3661,3,11,6
287478.7879740252,3349382.073998412,39575,1,1176.1036,40.13886,328.3925,0.0072553516,15.503866,11.060267,1483.978,3950.0125,20990.244,85679.89,0.35947847,-0.026624763,3661,3,11,5
287502.4677110233,3349403.455380318,39574,1,1156.812,36.842167,352.09283,0.0052014072,13.911022,10.09392,1484.9878,3967.0896,20956.598,85696.555,0.34813184,-0.014185434,3661,3,11,6
287557.39025836607,3351498.588624816,39588,1,1282.1725,37.732273,290.22485,-0.0056344434,14.6979685,9.026497,1514.2722,5688.699,20550.193,84749.81,0.32455194,0.005061415,3661,3,11,7
287731.3965584183,3355833.9422749206,39642,1,2079.6929,34.302216,251.07535,0.0018117254,12.741354,11.533409,1576.0972,9494.551,20304.455,83001.48,0.062009122,0.2722109,3661,3,11,5
287781.35535432264,3357538.0420470163,39810,1,2145.1274,15.3325,187.59465,-0.0061944476,5.3943396,10.3348255,1599.9486,11023.217,20481.76,82344.31,0.43036214,-0.099575944,3661,3,2,3
287839.17059776536,3355773.846231227,39627,1,2073.6982,34.159344,232.2532,-0.0020738314,11.97736,10.61742,1577.2954,9396.792,20199.469,83117.42,0.054822356,0.2797428,3661,3,11,6
287840.1889726349,3355836.236135906,39626,1,2104.5771,32.107185,226.21889,-0.00081356027,10.957693,10.805637,1578.0935,9450.847,20204.873,83092.26,0.023968268,0.31599483,3661,3,11,5
287875.05229396425,3355790.89170192,39625,1,2100.3047,27.86905,235.30484,0.0054636495,9.833555,10.757445,1578.3611,9397.494,20161.41,83145.34,0.045388423,0.29454157,3661,3,11,5
287893.47066522256,3356739.2386788744,39643,1,2079.7478,25.790596,24.623566,-0.011706768,9.074903,8.511118,1591.3682,10247.439,20248.98,82769.66,0.4569223,-0.12746254,3661,3,2,7
287904.9393707552,3355761.2052239818,39628,1,2094.84,19.26423,232.12503,0.005561464,6.5943913,11.695356,1578.5634,9357.505,20128.857,83185.16,0.08834304,0.25021836,3661,3,11,3
288263.41585651785,3354126.4154960965,39644,1,1637.8251,49.254425,322.2243,-0.0021599978,21.54652,9.912204,1564.6437,7732.3867,19690.57,84206.28,0.37796724,-0.046555396,3661,3,11,6
288694.06608089164,3355126.8036545,39873,1,1891.3925,34.15964,6.709839,0.00863761,13.21079,10.794832,1586.3926,8450.781,19294.3,84166.92,0.39716497,-0.07413524,3661,3,2,5
288686.79997066513,3354602.767269469,40100,1,1890.4745,34.479046,239.53445,0.002187397,12.915725,10.970886,1579.4862,7974.541,19279.973,84382.98,0.2440621,0.08506513,3661,3,11,5
288737.91095359606,3354553.7818761226,39645,1,1875.2135,35.536713,242.02054,-0.0021078947,13.5970745,10.717557,1579.8988,7907.8,19228.45,84449.56,0.29455784,0.038184594,3661,3,11,5
288990.1251030982,3358567.5094515886,39813,1,1947.9276,32.83123,268.36343,0.0025727923,13.166134,10.70094,1635.2521,11591.867,19517.402,83040.93,0.21045536,0.09531468,3661,3,11,5
289026.9686259894,3353520.1091918782,39665,1,1742.4768,31.63377,183.46823,0.0015438263,11.384397,9.178923,1573.2148,6853.765,18935.588,85155.95,0.3865761,-0.0525529,3661,3,11,6
289027.8330325446,3358575.70271702,39812,1,1939.9396,34.06886,263.991,-0.007587503,13.426046,7.7205844,1635.968,11580.994,19478.527,83077.82,0.18850392,0.121936634,3661,3,11,6
289051.0926227752,3358795.4550261595,39814,1,2077.528,30.792728,271.6366,0.00064388046,10.336247,10.753598,1639.2504,11785.028,19502.463,83020.79,0.29006058,0.022489574,3661,3,11,5
289058.9613222967,3354235.1726878462,39872,1,1867.8705,24.657509,34.69516,0.017328732,8.879919,11.138413,1582.6271,7482.3857,18901.652,84875.79,0.35145056,-0.030410623,3661,3,11,3
289148.01290996297,3352094.160801697,40112,1,1546.8668,41.733902,304.01935,-0.0012724464,16.479206,11.384632,1558.3016,5512.7217,18904.713,85896.49,0.39916536,-0.07009598,3661,3,11,6
289145.3478370208,3354055.0064059105,39871,1,1830.7117,18.468891,347.4712,0.0016929319,6.1079154,9.519679,1582.3164,7281.2773,18810.13,85034.44,0.3300247,-0.00035095433,3661,3,11,3
289160.2915376621,3354137.757062366,39870,1,1841.9407,24.906998,310.10092,0.011030936,9.082575,11.36063,1583.8453,7355.1685,18790.682,85013.78,0.3211111,0.005635104,3661,3,11,3
289246.46387551434,3356789.017671659,39887,1,1490.4493,23.258684,39.805573,-0.01135237,8.463088,9.851562,1617.9932,9811.473,18919.836,83982.734,0.35793072,-0.025726851,3661,3,11,9
289278.5730698717,3351734.7195484787,40113,1,1291.7698,30.935291,319.96973,0.0007412496,10.850019,9.493841,1556.888,5131.413,18815.018,86174.7,0.4872219,-0.15966831,3661,3,2,6
289363.06101790967,3358636.964958634,39811,1,1904.7936,39.636906,283.53586,-0.01182157,14.725722,9.851562,1642.9087,11561.682,19165.168,83364.625,0.24013506,0.07475634,3661,3,11,7
290701.8451106753,3357596.883877083,40111,1,1896.6062,30.520224,283.13403,-0.0077708857,11.942641,8.947418,1655.0952,10216.991,17625.746,85002.47,0.27482557,0.04943228,3661,3,11,7
290778.30993478163,3357590.2041459437,40110,1,1892.514,32.060055,244.98312,-0.0060942983,12.223018,8.673113,1656.2834,10180.24,17555.184,85070.85,0.27946642,0.040830187,3661,3,11,7
267401.65726864187,3349995.535272608,38345,1,1085.9774,37.05434,268.63608,-0.0020160393,13.55489,8.207708,1063.6061,4454.8623,40745.83,68411.62,0.45762333,-0.12645791,3661,2,11,7
267590.32373696746,3350150.860735604,38344,1,1184.0537,33.411427,288.9704,-4.905419e-05,12.521558,10.294374,1070.1377,4702.265,40541.32,68469.7,0.43918478,-0.10921609,3661,2,11,6
267749.91998586204,3350632.980859284,38315,1,1190.5898,24.557405,292.24902,-0.0072613307,8.410996,10.456692,1081.0748,5153.3486,40349.305,68308.3,0.52773887,-0.2100609,3661,2,11,7
267885.95559588465,3350671.068568406,38316,1,1212.4856,32.57191,252.64598,-0.0015033765,11.814459,7.6014895,1084.6149,5277.746,40206.48,68398.39,0.40862924,-0.06307254,3661,2,11,7
268410.3388802414,3355517.3415596085,38181,1,1485.8773,29.496355,297.4076,0.0025524464,10.721704,11.005527,1174.8141,9497.584,39569.977,66129.12,0.26771417,0.06380314,3661,2,11,7
268954.5816885226,3355923.84369124,39280,1,1697.095,29.327572,225.0,-0.0018791188,10.115723,7.5626564,1192.494,10126.149,39048.223,66376.96,0.3582026,-0.024168978,3661,2,7,7
268996.8577053805,3348763.8466729424,39482,1,1007.3532,15.564332,265.9144,-0.009645915,5.8285947,6.252826,1078.2911,4904.7427,39308.14,70421.375,0.44038305,-0.10889356,3661,2,11,9
269066.7504604796,3355684.7832653504,39165,1,1712.061,33.17751,172.09283,5.8812157e-06,12.073906,9.872942,1190.8406,9988.419,38927.14,66596.47,0.3493752,-0.0030672797,3661,2,7,6
269166.0729541798,3352761.4462934765,39194,1,1592.6866,36.171055,240.25513,-0.0016413253,13.421586,8.587236,1145.1709,7693.874,38809.18,68258.65,0.36482674,-0.022836484,3661,2,11,6
269187.242026215,3354574.4875087594,38183,1,1444.6858,31.859241,260.78897,0.0020257665,11.630076,9.830512,1175.1718,9156.463,38774.49,67287.38,0.35567096,-0.03149017,3661,2,11,6
269715.6267970102,3354200.3839203725,39237,1,1659.966,38.572037,134.16968,0.0034080832,13.799654,10.235932,1180.0564,9168.037,38240.633,67933.16,0.34178412,0.007846153,3661,2,2,6
269724.9568030532,3355045.2521652,39262,1,1681.6552,26.938671,233.97263,-0.0022774152,9.047383,6.114011,1193.9955,9853.365,38244.69,67494.54,0.36533636,-0.03264099,3661,2,11,7
269775.2928152649,3353059.8707211684,39094,1,1793.1023,34.58001,0.0,-0.0033106029,12.418902,10.423147,1162.6561,8317.908,38191.082,68601.93,0.17478149,0.17332599,3661,2,2,6
269817.5277831638,3354920.6528392863,39261,1,1673.5834,28.275692,227.72632,-0.0032246255,9.505381,9.256421,1193.8904,9808.985,38151.582,67634.34,0.48759678,-0.1565602,3661,2,2,7
269822.6923726821,3354703.160273033,39249,1,1663.3846,31.128231,214.99203,0.0056647225,10.943477,11.104262,1190.5,9636.54,38136.797,67759.33,0.29460624,0.047077566,3661,2,7,6
269869.088421383,3354663.686035632,39248,1,1668.4382,31.943472,218.15724,0.000865438,10.828037,10.030458,1190.6713,9627.721,38096.07,67814.46,0.3321594,0.005937634,3661,2,7,6
270061.22081470647,3351798.1552326167,39193,1,1569.0991,32.50583,223.78113,-0.0024553754,11.343098,10.053483,1148.0359,7633.0137,37952.66,69540.84,0.33893543,-0.0034233893,3661,2,7,6
270168.38380297954,3348862.099482395,38715,1,1229.3193,24.350048,182.38596,-0.014988326,8.629593,7.911295,1102.5272,5970.678,38135.266,71306.47,0.43381602,-0.09119715,3661,2,2,9
270135.89436391724,3354966.1462579453,38182,1,1825.5302,32.882812,223.83087,-0.00032635382,11.221246,9.851562,1201.1462,10029.0625,37832.695,67885.18,0.45630512,-0.1238793,3661,2,11,6
270570.7590872239,3352282.494279202,39095,1,1431.6775,35.46229,37.746796,-0.002287616,12.966585,9.696246,1166.4014,8332.922,37418.637,69698.9,0.37792337,-0.043369245,3661,2,11,6
270606.2105063997,3353965.104760467,39311,1,1897.9924,20.68344,273.0128,0.0020929696,7.288046,10.454661,1194.4912,9541.934,37350.004,68813.47,0.2749552,0.058256153,3661,2,11,5
270766.5936890905,3352099.976425793,39110,1,1399.0165,32.729546,355.10092,0.004921353,11.8232,9.448525,1167.3762,8360.885,37237.49,69956.63,0.3685299,-0.029424932,3661,2,11,6
271348.9812917493,3353331.8990014917,39128,1,1551.3009,26.376375,257.0054,-0.004321144,9.43877,9.851562,1199.4526,8950.067,36615.77,69775.58,0.25791067,0.08459047,3661,2,7,7
272179.487764681,3359345.892986958,39962,1,1444.9467,23.034729,264.5597,0.0040661227,8.403745,9.843906,1314.872,13539.777,36179.25,67487.71,0.31069928,0.023079213,3661,3,11,6
272284.1361664704,3359433.953057187,39963,1,1447.1965,31.360048,331.8214,0.006824202,11.541412,10.397001,1318.615,13576.251,36083.95,67543.51,0.28070682,0.05512018,3661,3,11,6
272309.8118981985,3359686.990956048,39134,1,1419.8351,26.426207,296.56506,-0.010983186,9.178186,9.108656,1323.2803,13805.919,36104.383,67441.45,0.35139683,-0.01836678,3661,3,11,9
272356.367708549,3360551.1264552157,39144,1,1474.8197,22.05617,145.61966,-0.006222435,7.358278,8.736029,1338.3785,14327.599,36201.17,67095.555,0.37573317,-0.03708436,3661,3,11,9
272909.1535390252,3349675.342170541,39111,1,1208.7134,25.867586,353.41806,0.00015905622,8.745803,8.782451,1171.752,5381.793,35314.0,73086.52,0.35024855,-0.016173953,3661,2,11,5
272998.72092563147,3348907.96741582,39434,1,1177.9557,30.116802,291.0375,-0.0013597785,11.285276,10.090309,1161.1731,4932.768,35325.72,73589.555,0.24238172,0.084009856,3661,2,11,5
273046.0935602239,3359240.337153197,39947,1,1348.036,40.822063,284.6764,0.0019300486,16.441914,10.992667,1331.1974,13106.643,35304.047,68305.484,0.37096158,-0.035509855,3661,3,2,6
273075.58433958696,3349316.189324685,39127,1,1207.8823,30.93121,67.52057,0.0026865208,10.722194,9.890047,1169.3663,5049.5347,35191.24,73429.45,0.3778097,-0.030600796,3661,2,2,5
262216.25445240416,3348775.18271352,38710,1,547.30566,29.130531,22.932098,-0.0034832617,10.268186,9.062353,942.68195,576.8882,46035.766,65090.742,0.50419563,-0.17779036,3661,2,11,10
261977.78312232968,3348838.28718686,38852,1,644.942,31.793196,31.827454,0.011273664,11.138162,9.80227,937.67004,519.7114,46266.402,64862.074,0.45007986,-0.12376412,3661,2,11,5
259989.32429203295,3348878.4019262847,38853,1,797.69934,23.622969,4.7636414,0.00063090364,7.9397287,9.479128,897.9041,532.5411,48240.348,63327.535,0.34545258,-0.017502885,3661,2,11,6
262139.16839815516,3348922.734186252,38711,1,561.27924,33.49652,24.44394,0.0016376077,12.29748,10.2387295,940.5841,667.30804,46098.547,64933.008,0.44090798,-0.105039686,3661,2,11,7
260416.5057311252,3349107.9816045803,38065,1,564.78546,30.370358,35.31122,-0.004688525,10.432876,9.851562,905.1957,106.30146,47788.79,63500.58,0.47793412,-0.13623792,3661,2,2,9
261718.82081412151,3349114.34442004,38184,1,564.7184,24.15532,22.932098,-0.0008887458,9.19908,9.510156,931.9445,612.9437,46495.746,64489.26,0.45260796,-0.11013431,3661,2,2,9
261652.62737940805,3349149.073156093,38195,1,578.00714,26.47893,34.286865,-0.00071957405,9.195684,8.605631,931.36084,612.9437,46551.25,64417.6,0.47567382,-0.14090341,3661,2,2,9
260359.10786334283,3349327.3495527976,38066,1,566.39294,26.010202,353.41806,-0.003491465,9.319605,9.851562,907.50336,42.426407,47826.586,63311.375,0.4739665,-0.1405712,3661,2,2,9
260499.3497796369,3349468.727195726,38343,1,639.70703,53.45535,194.93143,0.0049019502,26.48011,10.381835,912.6739,233.23807,47673.805,63326.348,0.13706854,0.18811402,3661,7,11,5
260092.6939440044,3349477.994323343,38069,1,656.77203,27.988144,33.690063,-0.0037878843,9.849489,8.824948,904.59204,22.36068,48071.09,63016.523,0.3590001,-0.009892617,3661,2,11,6
260310.50870403388,3349515.715724516,38067,1,556.53876,28.984888,38.047028,-0.0037229357,9.887005,8.566738,909.6164,170.0,47849.25,63163.668,0.45663732,-0.11819718,3661,2,2,10
261551.3125783288,3349567.919465796,38094,1,627.752,35.460182,318.12213,0.0003960032,12.590102,6.8605227,936.1556,904.26764,46609.098,64071.008,0.43112686,-0.09539116,3661,2,2,7
261806.0250524904,3349625.840505344,38120,1,568.7096,38.324207,263.65982,-0.0030983924,14.6075325,8.968942,942.12506,1086.0018,46355.5,64231.062,0.31418994,0.02022518,3661,2,2,7
260266.0267696661,3349614.5283523137,38068,1,562.44183,25.02689,17.74466,-0.001987931,8.984564,7.9709244,910.2177,224.72205,47889.8,63060.6,0.34138787,0.004706623,3661,2,2,10
260237.72977817128,3349651.7142216302,38093,1,573.57227,30.986042,14.470306,-0.00042866525,11.792279,7.3799715,910.2521,241.86774,47916.047,63011.793,0.523517,-0.1988016,3661,2,11,6
261530.336683864,3349663.663554751,38119,1,680.3452,33.28992,327.17145,0.0028882818,11.854695,8.172874,937.21246,967.9876,46620.582,63997.965,0.39477944,-0.063154005,3661,2,2,7
257305.1687563612,3350471.7914887825,37963,1,750.06995,35.06756,304.5085,0.003045388,12.860073,10.088635,962.49097,1524.5327,50771.477,60267.273,0.41136158,-0.08389085,3661,2,2,7
257757.92982100055,3350516.9798230333,38023,1,683.3143,26.536509,294.44397,-0.0037477221,9.09333,10.173775,951.9523,1072.0074,50319.098,60570.2,0.403075,-0.064975366,3661,2,2,9
259311.09502719383,3350702.764415549,37808,1,720.89636,30.187002,307.69424,0.0050772126,11.835997,9.307155,916.06976,388.97302,48750.47,61630.254,0.12527627,0.2000751,3661,2,11,5
259333.76119433707,3350728.2749794745,38024,1,722.7049,30.940378,328.17255,0.0052948254,11.35815,8.876003,916.0889,424.26407,48728.5,61626.035,0.10918102,0.21907428,3661,2,11,6
259755.19776692623,3350962.3136948785,38311,1,601.042,30.225544,310.03027,-0.0021432596,10.043473,8.636519,921.7338,876.9264,48294.516,61798.54,0.24290831,0.08674652,3661,2,11,9
259793.63166984552,3350996.4883364323,38342,1,602.77106,36.2329,292.83365,-0.0039873044,13.717331,8.117006,923.2112,933.4881,48252.11,61803.523,0.3505812,-0.017038664,3661,2,11,9
259834.02191639863,3351000.018237589,38310,1,593.44257,36.068436,282.6804,-0.0040293178,13.700599,7.608287,924.0359,961.66516,48212.188,61834.21,0.24310558,0.0840635,3661,2,11,7
259938.12841045068,3351021.8645355143,38309,1,591.63196,39.759583,256.7595,-0.007542748,15.721253,7.772777,926.424,1046.5181,48111.14,61898.15,0.18573909,0.14874327,3661,2,11,7
258995.90610569343,3351289.6239629053,37872,1,734.58954,21.091026,186.00902,-0.0029440937,6.633217,9.839243,933.79785,210.0,49033.844,61004.566,0.26864842,0.085151315,3661,2,11,6
260353.7886698492,3351365.6485668127,38308,1,895.52264,28.090635,235.71313,0.00019139115,10.324286,10.356959,940.6319,1570.5095,47672.05,62005.254,0.30230194,0.03477596,3661,2,11,7
266329.0903298026,3351578.4049716787,39236,1,1424.271,37.60339,208.39304,0.00022161372,15.092588,11.130591,1067.3208,5057.9937,41699.12,66600.984,0.43610933,-0.09789739,3661,2,2,6
266217.43124993745,3351692.3456861465,39235,1,1426.1996,30.955263,250.0169,-0.00061483233,11.352776,10.366865,1066.8499,5086.6196,41802.773,66447.375,0.4067069,-0.07284644,3661,2,11,6
265980.4235284043,3351683.409577939,39222,1,1401.7379,24.702936,284.03625,-0.0056505008,8.522143,9.552058,1061.9438,4953.403,42032.973,66267.1,0.39892462,-0.05947441,3661,2,2,7
258229.97529687115,3351706.6406921144,37933,1,707.5261,31.04817,306.1582,-0.0037394061,11.063275,9.606676,958.7657,540.0,49781.78,60145.586,0.2517893,0.08127591,3661,2,11,7
260088.5853030571,3352250.5269573573,38341,1,867.1563,26.00267,135.0,-0.007945236,9.551601,9.838622,949.5881,1339.5896,47901.25,61234.5,0.3886168,-0.037534203,3661,2,2,9
292277.8785396854,3351361.036931385,39700,1,1256.8326,35.921394,335.89777,0.00076644524,13.552383,10.473734,1621.9939,3829.6213,15897.384,89024.18,0.42531213,-0.09569711,3661,3,2,5
293439.0168239411,3354778.744277809,39687,1,1440.1718,23.883673,219.09387,0.00038649834,7.8425603,8.814627,1679.8616,6571.24,14542.021,88627.625,0.31363007,0.013655759,3661,3,11,7
293692.26973244554,3354496.7262295736,40554,1,1352.1561,40.50867,312.51044,0.005638492,14.618077,10.700888,1682.715,6225.8813,14269.478,88978.84,0.29869273,0.031858604,3661,3,11,6
293985.82630267175,3354725.5239873864,39686,1,1422.302,33.081978,261.38434,0.0038884098,13.926348,10.396983,1690.658,6361.8,13989.585,89154.99,0.35771352,-0.029740827,3661,3,11,6
293981.9766162093,3354660.227553252,40540,1,1383.0964,32.72371,321.009,0.0003600577,11.977161,8.541676,1690.1354,6303.531,13986.541,89179.19,0.3046674,0.02646925,3661,3,11,6
294042.71417064924,3355391.682043982,40557,1,1471.722,22.95008,324.4623,0.0008144416,7.460121,9.851562,1697.7073,7001.785,13981.28,88942.09,0.35531747,-0.024441501,3661,3,2,7
294052.8798724147,3354819.756580212,40539,1,1417.7634,43.098648,354.40067,0.0052135484,17.466658,10.812059,1692.967,6442.981,13925.357,89178.82,0.27176225,0.05981759,3661,3,11,6
294057.7012439075,3355129.158729991,39685,1,1428.5485,24.65703,348.69006,-0.001223468,8.789843,8.733438,1695.6533,6745.495,13947.49,89054.69,0.39758766,-0.056115314,3661,3,2,7
294129.62285387533,3354919.7327011214,40556,1,1371.4712,23.862902,336.0375,-0.0070942845,8.559452,8.607395,1695.2659,6525.4346,13861.908,89202.805,0.31111354,0.025862876,3661,3,11,9
294211.0261171284,3355598.1012047087,40555,1,1539.6476,37.96207,264.14398,-0.006063428,13.711354,10.468168,1702.9249,7175.0957,13835.172,89015.25,0.32481727,0.0140989125,3661,3,11,9
294245.9790805685,3355303.159272291,40558,1,1452.0437,33.27999,237.17148,0.0005030479,11.715265,10.694536,1700.9623,6874.5986,13773.398,89161.39,0.39002287,-0.071087435,3661,3,11,6
294493.34094893205,3354845.8883739654,39684,1,1457.9104,50.801575,184.82079,0.00512732,22.571367,11.131709,1702.1691,6378.8716,13487.446,89573.9,0.33283624,-0.003580315,3661,3,2,6
294876.88996235,3354718.272335288,40572,1,1434.6682,45.616604,291.0375,-0.0046923165,18.473553,10.352109,1708.9962,6211.0225,13100.916,89970.19,0.32638,0.004340489,3661,3,11,6
295461.71692784625,3354263.751543352,40537,1,1489.1864,46.80773,289.0577,-0.00022852297,19.370766,10.609704,1717.6422,5716.38,12493.139,90695.01,0.29123604,0.037398048,3661,3,11,6
295638.11962491804,3354374.1318251085,39668,1,1538.0159,35.18554,310.03027,0.0076016732,14.815226,11.26837,1722.0201,5820.859,12326.172,90806.73,0.27118903,0.06240873,3661,3,2,3
295671.9714543745,3354430.1254898645,40538,1,1533.1779,39.67256,313.21008,-0.0017178511,15.894092,10.305523,1723.3002,5880.3066,12288.242,90819.445,0.30026287,0.027732505,3661,3,2,6
296053.5181625607,3350997.954142325,40479,1,881.2444,38.60198,276.6325,-0.002547511,14.4308195,8.497986,1706.7756,2444.0132,12267.452,92584.62,0.32265946,0.0032855808,3661,6,11,7
296223.6964696508,3350992.2290919274,40480,1,899.60315,25.151552,247.38013,-0.0055389567,8.860741,7.6841154,1710.6699,2430.0,12105.082,92742.54,0.33940566,-0.017339397,3661,6,11,7
298838.3163444745,3356899.959872015,40478,1,1729.2338,34.29246,226.46881,-0.0018364963,13.297584,8.863815,1801.5403,7144.404,9576.054,92798.766,0.31830847,0.004758889,3661,3,11,6
299909.8786489327,3356592.096283532,40464,1,1618.9354,37.31231,262.875,-0.00050934736,14.70343,9.711278,1820.3561,6451.1084,8462.541,93908.28,0.2277756,0.092884764,3661,3,11,6
300219.75760032755,3354207.7444685195,40636,1,1223.0052,22.441738,272.72632,0.015490001,8.130414,10.679793,1816.4879,4130.0483,7743.417,95083.94,0.24653989,0.07474973,3661,8,11,6
300379.6431517991,3354274.366915917,40635,1,1239.5188,34.525368,270.0,-0.0058480073,12.584486,7.3355865,1820.057,4125.6514,7585.546,95208.78,0.17979567,0.13955325,3661,8,11,6
300543.3412756079,3353289.098294361,40581,1,1092.9657,47.85497,213.43987,0.0017877427,20.205084,8.969358,1819.845,3153.9817,7442.056,95744.13,0.33042586,-0.009205421,3661,3,11,6
300525.6832089447,3354179.7791568423,40634,1,1236.0529,47.673576,246.6823,0.0035148612,19.653027,10.342412,1822.8268,3985.022,7432.691,95381.8,0.247509,0.063430384,3661,8,11,6
300547.44516238896,3353525.194110096,40583,1,1204.2911,39.230053,187.94348,0.009313268,15.410449,10.346758,1820.7212,3366.6748,7424.2646,95654.6,0.37323964,-0.04165318,3661,3,2,5
300576.3205703644,3353440.0273205447,40582,1,1203.7281,48.217064,208.30077,0.0028543072,20.270277,9.610512,1821.0579,3281.2498,7399.7295,95713.33,0.24076831,0.08216538,3661,3,11,6
286148.7980963445,3348698.4125797227,39831,1,996.7652,40.50124,240.42216,-0.0047752834,17.431107,8.6501465,1441.2673,3313.6084,22440.02,84851.08,0.3029768,0.03249177,3661,3,11,6
286182.64773646503,3348700.793952745,39832,1,1027.0142,49.776215,223.78113,-0.00073321717,19.711412,7.846853,1442.279,3310.2266,22401.145,84885.84,0.23505855,0.08424017,3661,3,11,6
282365.57907397434,3349035.13316794,39098,1,902.6572,35.62376,193.32454,-0.0064614383,13.456772,9.16296,1356.2712,2890.1558,26064.355,81417.8,0.23701398,0.08908628,3661,2,11,7
281570.66339604155,3349118.4311044114,39317,1,787.3312,30.21743,193.13403,-0.001088318,10.861478,9.538596,1341.4625,2574.9756,26823.945,80693.52,0.28637657,0.041596215,3661,2,11,7
283318.3290209406,3349833.382796234,39318,1,930.2112,27.208136,196.50436,-0.0018838582,9.642695,8.066513,1388.9681,4106.215,24987.04,81833.586,0.3423927,-0.02012303,3661,2,2,6
281800.6219006044,3349912.254784132,38212,1,711.043,17.816998,267.39743,-0.009952428,5.486965,9.851562,1359.1508,3380.9468,26464.834,80487.95,0.35431522,-0.026436476,3661,2,11,9
281784.7072665688,3349919.291879674,38198,1,714.0075,21.61483,267.39743,-0.004714958,7.026936,9.851562,1358.9023,3380.9468,26483.062,80465.64,0.34706092,-0.022287235,3661,2,11,9
283618.0678031259,3350076.03690158,38469,1,1067.3993,29.554722,327.38077,0.0044486956,10.665986,10.086301,1399.3733,4482.6445,24652.053,81974.61,0.36430597,-0.030169757,3661,2,11,5
283903.6766168817,3350096.5190922297,38671,1,895.52637,32.894085,351.11935,-0.0026949665,11.959406,8.650951,1406.9255,4693.3354,24360.973,82211.88,0.3978646,-0.05724031,3661,2,11,7
284462.2199858095,3350220.5243603345,39710,1,951.8544,33.574295,249.27444,0.0005624122,12.485606,10.208591,1422.436,5146.747,23789.025,82640.66,0.29835272,0.01976756,3661,3,11,6
283689.0148057262,3350246.647112297,38455,1,1056.2655,23.188814,12.80426,0.0055174143,8.172099,9.79067,1403.9989,4665.673,24554.953,81946.52,0.45848757,-0.124565154,3661,2,2,6
284113.420654092,3350328.108982226,39657,1,899.09735,27.987991,318.57632,-0.0005097712,10.411824,9.851562,1415.6959,5004.6777,24117.795,82281.63,0.16705476,0.15379216,3661,3,11,9
283994.821433685,3350336.6469203783,39693,1,927.1701,30.430752,280.4915,-0.0014649621,11.282064,9.659401,1412.9542,4934.1465,24234.918,82172.15,0.34831476,-0.026040895,3661,2,11,9
284060.9124334797,3350311.197024213,38404,1,910.65466,31.505146,288.9704,0.0060424027,11.096491,10.548642,1414.1682,4956.8643,24170.252,82247.86,0.2766264,0.049462155,3661,3,11,6
284317.8466031749,3350352.754172915,39709,1,958.39417,37.045586,228.01279,-0.0017493379,13.891981,9.115343,1420.8461,5148.8447,23917.074,82446.24,0.19277194,0.12360315,3661,3,11,6
284880.39720111206,3350363.509927255,39712,1,943.39026,36.701717,355.8151,0.014044633,12.658428,10.175294,1434.764,5199.5386,23352.287,82939.07,0.31469545,0.0137782805,3661,3,11,5
284911.8704794446,3350368.399643676,39713,1,925.82385,24.759624,11.309937,0.010831216,9.023266,9.638246,1435.641,5200.1733,23321.102,82960.44,0.21207723,0.101572074,3661,3,11,5
284222.20315331256,3350373.0145085324,38541,1,917.4454,35.998207,222.43623,-0.0041753165,12.542865,8.779712,1418.9882,5106.1235,24003.02,82357.96,0.31430772,0.010258278,3661,3,11,7
284629.061180116,3350380.013498696,39711,1,975.2213,34.50161,299.35776,-0.008831785,12.694404,10.580682,1428.7991,5302.1504,23606.121,82702.19,0.33047858,-0.013695238,3661,3,11,6
283705.4578175287,3350492.078904032,39576,1,1070.4175,29.12418,284.03625,-0.0039037834,10.4664545,10.362185,1408.3733,4864.833,24499.848,81845.86,0.32804275,0.002020787,3661,2,11,7
284020.22067486064,3350443.952973303,39673,1,985.7173,27.42427,317.60257,0.012484585,9.530249,10.456134,1415.0354,5023.0864,24200.314,82140.56,0.17051527,0.14679916,3661,3,11,6
283991.66328868165,3350442.710638528,39674,1,991.38654,21.613827,303.69006,0.013254674,8.370112,10.893184,1414.5533,5010.17,24220.1,82123.125,0.22223291,0.09751242,3661,3,11,6
283927.29889084183,3350451.277880117,39676,1,1009.2761,28.625084,299.4759,0.0055235988,10.25077,9.602715,1413.0267,4973.0474,24287.893,82057.2,0.27017865,0.04755948,3661,3,11,6
283971.78496714286,3350445.861654007,39675,1,994.98065,24.339518,289.0935,0.0100426935,8.88807,10.08466,1414.0713,4997.2993,24239.885,82105.695,0.2253817,0.09581744,3661,3,11,6
283859.3729327967,3350472.1811114745,39677,1,1035.1565,32.01814,286.38956,0.003239969,11.445155,10.92051,1411.6619,4943.541,24354.262,81986.39,0.30584103,0.009586247,3661,3,11,6
284200.9019451275,3350521.1413592454,38619,1,977.53864,40.613426,216.63412,-0.002905731,15.001708,9.545343,1420.8809,5207.4756,24000.71,82267.22,0.34093893,-0.013875774,3661,3,11,6
284939.079321433,3350562.411064849,39729,1,939.33405,27.86998,315.0,0.0058154594,9.8228,10.100127,1439.03,5376.402,23272.66,82885.83,0.41873825,-0.09617194,3661,8,11,6
284011.03299912444,3350580.9461720004,38674,1,1002.25665,27.218897,320.7106,-0.0073197125,9.140641,5.6974235,1417.2726,5130.546,24180.232,82072.11,0.2606403,0.06475627,3661,3,11,7
283716.91886863246,3350590.747272797,39692,1,1132.4698,32.525063,285.9454,0.002329772,12.103326,9.511161,1410.2344,4949.313,24475.9,81805.55,0.24234745,0.07790118,3661,3,11,5
283658.4175149875,3350601.86293324,39690,1,1149.0786,34.266125,285.42218,-0.0011213894,12.762131,10.206911,1408.9569,4920.3657,24533.943,81748.34,0.29477453,0.024845997,3661,3,11,5
283768.30831230583,3350599.420433408,39691,1,1128.8888,34.77614,298.7398,0.007984232,12.900842,10.798332,1411.596,4988.1963,24424.998,81844.24,0.20976382,0.11274551,3661,3,11,3
277223.7199629544,3348696.237423483,38702,1,795.64514,31.51436,215.1342,0.0012189398,10.7043915,9.212287,1244.8939,1759.1475,31181.996,77229.59,0.25730768,0.07652397,3661,2,11,6
273260.4039607342,3348921.4092409806,39448,1,1158.5505,21.637592,296.56506,0.010355753,8.071447,9.801706,1166.9017,4695.956,35057.094,73806.4,0.3219601,0.0036973557,3661,2,11,5
278546.1201695123,3349222.344049543,39164,1,850.1091,22.037992,296.56506,-0.0020821763,7.23247,8.586788,1280.6447,1987.2845,29792.713,78058.29,0.2215515,0.1053491,3661,2,11,7
279818.61913044704,3350048.753524166,38096,1,889.98975,30.726282,5.355835,0.01520396,10.693842,10.596466,1320.4203,2937.8394,28413.105,78705.96,0.29903293,0.02654485,3661,2,11,3
275335.3239783236,3350258.694307499,39140,1,1145.9025,31.86085,207.29958,0.003870538,11.693562,10.088025,1231.5009,4063.213,32831.43,74790.4,0.30105966,0.036894448,3661,2,11,5
275306.0774368164,3350314.1819734187,39152,1,1139.52,28.559898,194.03625,0.0035384786,10.268093,10.014799,1231.7008,4121.456,32855.617,74738.14,0.32237315,0.006098999,3661,2,11,5
276448.0170514533,3350319.2893584142,39153,1,1154.2462,39.06424,244.98312,-0.0021721306,15.0315895,9.764986,1255.3668,3562.3728,31721.848,75694.91,0.272308,0.049599133,3661,2,11,6
277439.92142821965,3350507.127530518,40075,1,1052.4181,20.22655,40.23636,-0.014441146,7.0705886,7.849152,1278.8881,3469.827,30716.629,76434.445,0.31365153,0.044602685,3661,2,2,9
275652.5055224486,3350529.698490456,39139,1,1211.6903,22.207384,159.44397,-0.0008374064,7.126532,10.71023,1242.5176,4112.858,32483.727,74914.914,0.31920958,0.0056098695,3661,2,2,3
277417.7663837936,3350568.7473771386,40062,1,1059.4412,23.206446,323.1301,-0.0028292406,7.582285,9.851562,1279.4583,3532.7185,30729.785,76385.92,0.3400099,-0.008856383,3661,2,2,9
279438.655757271,3350775.164701773,38213,1,983.53284,35.615543,328.7816,0.006860815,14.386851,10.557727,1324.3809,3590.8354,28700.078,78010.086,0.31589973,0.0062010908,3661,2,11,6
280092.4320831108,3350978.8353707115,38998,1,676.3587,28.223093,354.47247,0.0008584842,10.072439,9.715995,1341.4291,3899.6025,28021.057,78471.6,0.16049416,0.16524526,3661,2,11,6
277090.190685569,3351069.844914403,40061,1,1129.8867,26.318659,56.88867,-0.0024359918,9.239793,9.602907,1280.8413,4092.4563,31006.854,75843.02,0.36316237,-0.015556489,3661,2,2,6
275615.6662339829,3351362.0880738483,39138,1,1256.8029,36.332787,162.89728,-0.0038108928,13.519122,7.6801105,1255.2789,4856.8403,32445.955,74439.625,0.3125934,0.025521673,3661,2,2,7
280198.229687022,3351402.3654141426,38999,1,694.72577,26.036615,287.7447,0.0051763398,8.990569,10.578901,1350.372,4330.2773,27879.633,78346.586,0.28820762,0.03565156,3661,2,11,7
280629.8642698936,3351497.554739728,38307,1,746.3788,36.570805,282.6804,0.003619529,13.76618,9.924867,1360.877,4494.719,27442.29,78669.17,0.30428654,0.02348954,3661,2,11,6
279944.6463083375,3352022.054348328,38287,1,732.99915,18.142103,340.0169,-0.026693633,7.5636415,9.851562,1355.3741,4904.0493,28078.492,77820.64,0.40543118,-0.063050464,3661,2,2,9
280306.8874685269,3352037.2993355086,38288,1,727.1004,31.163324,216.15819,-0.0036942498,10.449339,8.069252,1363.1257,4979.4478,27717.973,78123.445,0.32329673,0.001542634,3661,2,11,7
280899.17361617705,3352047.988241057,38286,1,790.1835,27.0985,0.0,-0.00031956198,9.267734,8.890566,1375.4565,5083.4043,27128.74,78631.94,0.43735793,-0.11082189,3661,2,2,5
280489.5245756984,3352508.689908318,39915,1,903.1912,22.264645,177.27368,0.00169492,7.8640475,9.519571,1374.5382,5471.2344,27509.305,78049.16,0.2716852,0.069196954,3661,2,2,3
278924.47625696927,3353099.3559477907,39930,1,790.41345,23.634672,274.96973,0.0036655974,8.333343,9.313591,1352.0292,5862.1836,29043.336,76400.23,0.34004128,-0.010229957,3661,2,11,7
278934.5223649344,3353112.544214693,38950,1,793.6378,25.474836,274.5739,0.002901212,8.904843,9.124548,1352.3992,5872.461,29033.037,76404.016,0.36293927,-0.034238823,3661,2,11,7
278963.9391545384,3353119.734006877,38949,1,795.64307,29.251436,281.30994,-0.0009960235,10.129402,9.283993,1353.1818,5883.4004,29002.754,76425.234,0.39592516,-0.061446033,3661,2,11,7
278645.2683712004,3353202.229692276,38962,1,795.48236,14.947601,221.98723,0.0029283091,5.301241,9.018421,1347.8918,5960.4106,29320.375,76107.26,0.3255446,0.013222439,3661,2,11,6
278661.65360711724,3353225.7032874078,38961,1,802.20966,15.373154,222.2737,0.00055133563,4.8112044,8.974183,1348.632,5980.209,29299.86,76114.83,0.31603035,0.023576139,3661,2,11,6
274688.8135128902,3353358.9708836703,40060,1,1308.1971,22.88835,245.77226,-0.009493087,8.329985,9.851562,1268.8334,7061.5083,33275.777,72603.95,0.3069368,0.034196287,3661,2,11,7
278916.07498363766,3353434.017599389,38936,1,924.4544,20.564018,252.47443,0.0048701004,7.213926,10.70773,1357.2279,6191.817,29045.207,76229.805,0.1914007,0.13997021,3661,2,11,6
274686.29507126403,3353476.3629833846,39129,1,1348.5594,20.484177,237.09477,-0.016532583,7.2314973,9.851562,1270.6335,7160.126,33273.91,72547.51,0.2721897,0.06840209,3661,2,11,7
278999.02636302926,3353485.390343452,38948,1,956.48596,29.08176,260.5377,0.004300797,10.455782,9.825031,1359.697,6244.2373,28964.316,76275.24,0.22117111,0.11246868,3661,2,11,6
280653.2578381435,3353784.221923175,39931,1,999.9293,34.17354,324.63754,0.009643805,12.032218,9.270592,1398.8523,6752.1406,27300.732,77585.836,0.22509654,0.09850072,3661,2,2,6
277707.33077282616,3354079.906087431,39118,1,824.59753,25.97532,262.875,0.0019916275,9.582676,9.851562,1342.9136,6914.167,30250.166,74856.48,0.37654835,-0.038875144,3661,2,11,9
255437.7846394328,3334233.8192844167,38415,1,901.91003,36.65032,73.30075,0.0017811774,14.187628,9.276187,972.59106,8084.164,56110.72,70970.32,0.34482622,0.010821369,3661,3,11,6
255444.5723044475,3338570.738364652,37723,1,1168.8654,30.329054,68.552246,0.021297133,11.824796,10.890383,976.95135,11207.177,54724.477,67577.14,0.34725994,-0.0184718,3661,3,11,3
255446.5952754132,3338352.6442566323,38292,1,1176.574,33.156826,13.240509,-0.0020396393,11.606135,10.027706,976.69257,11307.046,54786.832,67746.87,0.30808875,0.01919945,3661,3,11,2
255451.7545230828,3334438.93576976,38417,1,875.45514,42.07653,212.73523,-0.0020888136,16.75191,9.690758,972.78973,8223.588,56018.402,70815.62,0.25119078,0.070712276,3661,3,11,6
255477.05057425488,3337566.6492772,38282,1,1079.4865,44.719917,225.74408,-0.003506845,17.48558,8.241203,975.6612,10675.322,54985.8,68369.836,0.28685993,0.035210375,3661,3,11,6
255482.82769295244,3337080.5649508066,38666,1,1164.1593,36.857826,228.01279,0.0010392241,13.79965,9.4917965,975.12036,10263.488,55124.5,68757.28,0.2583606,0.06572482,3661,3,11,6
255483.99495618232,3334422.035370144,38416,1,888.00214,40.740574,217.11687,-0.0024762454,15.67836,8.375439,972.8062,8188.559,55997.27,70849.74,0.30400738,0.033653844,3661,3,11,6
255493.06622003045,3337055.086879161,38378,1,1153.0806,35.505795,217.47618,-0.005059074,13.4958725,9.202148,975.05176,10233.133,55124.188,68786.94,0.25860777,0.06941728,3661,3,11,6
255511.19546966488,3336881.6304446924,38377,1,1172.7396,51.50408,159.53772,-0.00085275556,23.487812,10.82431,974.81775,10082.346,55157.625,68932.016,0.35259798,-0.032270778,3661,3,11,6
255534.12837229768,3336494.783336808,38395,1,1258.2277,31.340929,290.55606,0.00730566,11.317128,10.545639,974.4127,9754.3125,55260.805,69249.17,0.24047261,0.08547315,3661,3,11,6
255520.38999234093,3336847.5913055064,38376,1,1196.4597,51.839024,165.17352,-0.0005090515,24.085615,9.2204685,974.7551,10052.069,55157.426,68961.68,0.35055557,-0.018031102,3661,3,11,6
255538.0282412224,3334321.975426535,38437,1,888.80994,40.96121,204.17912,-0.007656518,15.8259,9.851562,972.7949,8081.1514,55985.465,70959.53,0.19114971,0.13836457,3661,3,11,7
255572.2773152587,3337430.661106241,37751,1,1111.8949,63.77269,170.88861,-0.0042457753,35.647076,8.2109995,975.05164,10503.395,54932.383,68541.555,0.2926091,0.034145605,3661,3,11,7
255575.49837629637,3336512.894996237,38396,1,1261.4508,32.740147,291.80142,0.0037244414,11.939632,11.147403,974.3138,9746.764,55216.53,69258.47,0.28223017,0.046911564,3661,3,11,6
255642.57488906503,3336567.399654683,38380,1,1282.1793,35.454563,279.24612,0.0031562853,13.152513,10.339625,974.14886,9754.348,55131.152,69255.26,0.2625657,0.06537076,3661,3,11,5
255725.65843160052,3336577.152495089,38379,1,1285.6965,41.17664,264.9204,-0.0031946003,16.08079,9.506461,973.9122,9716.151,55052.094,69297.44,0.23497237,0.08938692,3661,3,11,6
255753.6339199524,3334975.5221252204,38397,1,1068.7269,41.72544,202.44276,-0.0034030827,16.452686,9.262933,973.2445,8428.671,55553.758,70579.5,0.4559808,-0.12064647,3661,3,11,7
255854.35132683627,3334895.209888941,38398,1,1144.066,36.1648,186.17018,0.0006044185,13.307944,9.46588,973.2385,8303.259,55487.28,70704.06,0.30106857,0.048171453,3661,3,11,6
255891.82909478623,3336244.3665372,38281,1,1319.3271,17.852081,289.29004,0.018029941,7.749952,11.232999,973.3445,9340.498,54999.555,69669.125,0.21798262,0.11217036,3661,3,11,3
255897.46202856465,3336182.159873234,38280,1,1290.7632,37.09022,286.8214,0.010470922,14.079765,11.211095,973.3368,9291.744,55018.94,69716.0,0.21313159,0.11120062,3661,3,11,5
255948.0630042168,3336271.455393556,38279,1,1336.2218,31.93443,248.49857,0.008119399,11.266682,10.787488,973.225,9336.021,54942.555,69676.93,0.18222284,0.13023461,3661,3,11,3
256084.17722562468,3336177.3806690685,37788,1,1267.3519,28.949274,281.68936,-0.0019128078,10.617477,8.994065,972.8992,9182.004,54839.188,69834.7,0.19440193,0.12593634,3661,3,11,5
256153.201230375,3337515.931165449,37721,1,1179.2527,19.97488,0.0,-0.012525555,7.3481503,8.271648,972.3206,10264.624,54355.32,68846.64,0.34303045,-0.009737063,3661,3,11,9
256183.5426716443,3337587.637591592,37722,1,1177.6119,41.580467,352.23483,-0.0025666174,15.819382,10.152229,972.15015,10318.614,54302.535,68803.99,0.32349104,0.0065657333,3661,3,11,7
256220.60333556775,3336562.1151283667,37791,1,1395.9534,39.401855,307.875,-0.0032391152,14.5779295,10.1870775,972.3897,9419.496,54584.332,69626.71,0.39098212,-0.05881198,3661,3,11,6
256221.72913037703,3336542.3755544084,37443,1,1382.5355,40.56128,307.875,-0.0028690859,14.768586,9.69697,972.3992,9402.729,54590.72,69642.25,0.33178204,-0.004862129,3661,3,11,6
256402.05171758693,3335727.670934377,38276,1,1373.1495,23.879398,165.96375,0.010479564,9.4350195,11.272977,972.54395,8629.861,54685.15,70385.97,0.44092506,-0.106753945,3661,3,11,3
256449.3029760383,3336328.436301864,38277,1,1366.6222,46.73718,197.81891,0.0053718896,20.354048,10.795708,971.92395,9106.975,54450.0,69943.914,0.2625821,0.06587907,3661,3,11,5
256452.66878373944,3336270.4807439176,38278,1,1336.831,36.504414,216.11935,0.0032328991,13.923685,10.212722,971.9535,9051.083,54460.023,69996.83,0.22489387,0.08979471,3661,3,11,6
257153.87808391955,3338279.3172368254,37706,1,1189.9631,30.121723,64.29004,0.0015618792,10.906738,8.63109,965.7861,9859.336,53170.76,68899.36,0.31961885,0.016509343,3661,3,2,6
257167.0491599813,3338258.6720792614,38348,1,1201.4662,33.268055,80.53766,0.0023606531,12.16762,8.762066,965.76434,9861.652,53167.117,68921.06,0.39415464,-0.059376173,3661,3,2,6
254508.40298804812,3344167.502908057,37458,1,1290.223,42.068317,290.95578,0.0012729232,16.409071,9.161049,1001.3173,7636.7534,54342.79,62726.168,0.252673,0.07193458,3661,3,11,6
254563.62722365468,3344364.1390864183,37787,1,1267.319,26.716988,6.8427734,-0.010947318,9.154863,9.399171,1000.90955,7459.98,54249.76,62625.863,0.24984325,0.078588635,3661,3,11,9
254575.94213942683,3343383.8104496617,37464,1,1116.7319,33.36848,296.56506,-0.0045234705,12.641907,10.540658,997.50214,8168.537,54422.28,63360.484,0.39032072,-0.058925413,3661,3,11,7
254678.4376793728,3344253.801921828,37456,1,1258.9839,29.48221,57.80426,0.018549621,10.532806,10.665016,998.60913,7460.248,54161.164,62781.258,0.27182585,0.051702514,3661,3,11,5
254682.97378065385,3344227.820418842,37455,1,1261.4222,22.411522,9.462311,0.024018377,9.81573,11.107596,998.37115,7467.53,54154.92,62802.777,0.25074273,0.07660351,3661,3,11,5
254747.66109087883,3344425.798640579,37786,1,1267.3645,40.09429,280.0806,-5.648743e-06,15.632485,8.796415,997.89124,7290.274,54061.984,62702.95,0.32237598,0.004949043,3661,3,11,7
254911.99067489512,3344409.102493589,38076,1,1237.1748,36.13758,285.75116,-0.0033970256,13.968106,9.063551,994.82074,7178.14,53896.44,62825.258,0.31743053,0.013014369,3661,3,11,7
254978.64814048653,3341053.1265396075,37565,1,1154.5112,27.891773,227.86241,0.00586588,10.769305,9.789651,985.56354,9826.993,54534.992,65377.43,0.25478014,0.0778072,3661,3,11,6
254985.41363500123,3341025.3653552737,37534,1,1143.1097,30.025934,242.59244,0.0037031681,10.501708,10.036252,985.3805,9846.685,54532.4,65406.71,0.2565983,0.06865322,3661,3,11,6
254997.4579207665,3344419.383834436,38077,1,1236.6725,37.503754,274.3987,-0.0039964635,13.85724,9.942087,993.4145,7115.518,53815.938,62872.074,0.3226307,0.0022229513,3661,3,11,7
255048.9439031712,3344432.259400382,38078,1,1241.8744,30.127434,279.21103,-0.0080838725,11.13247,8.481651,992.54297,7073.839,53764.957,62898.613,0.3473995,-0.023187308,3661,3,11,7
255187.86429877032,3341030.15301575,37488,1,1209.1709,36.959965,241.60698,-0.0039250427,13.434687,9.195552,983.1106,9729.445,54335.766,65529.54,0.33732736,-0.004104664,3661,3,11,6
255215.86112768087,3342693.433721887,37629,1,1235.8217,26.718407,231.00902,0.0067021116,10.4300995,10.0585785,985.9267,8326.494,53934.883,64301.426,0.2918011,0.035259586,3661,3,11,3
255257.82165915312,3342662.3159631896,37742,1,1233.6023,32.65046,247.89056,0.0044424324,12.204338,10.281645,985.2842,8328.901,53902.066,64350.445,0.079108685,0.24074997,3661,3,11,5
255291.175745898,3341901.341998543,37583,1,1141.2041,36.90388,214.04594,0.00011908742,14.278386,10.434148,983.3425,8941.767,54027.79,64945.727,0.38150895,-0.049130067,3661,3,11,6
255333.94067361197,3343267.7697255104,37765,1,1181.6613,37.656506,243.43497,0.0065600714,14.517716,10.598635,985.1963,7782.988,53698.867,63950.414,0.29423913,0.030595653,3661,3,11,5
255321.3721402309,3342274.8299532705,37562,1,1166.0576,39.734715,204.86371,0.002632191,15.008157,10.244219,983.5822,8615.011,53916.984,64688.305,0.39677948,-0.0618451,3661,3,11,6
255338.3490825283,3342341.922214212,37588,1,1187.4491,22.955666,189.09029,0.021411337,9.264115,11.127685,983.5636,8550.941,53892.062,64642.6,0.4164892,-0.07434173,3661,3,11,5
255342.72827479115,3342624.9909317438,37610,1,1231.4302,41.95358,238.8407,-0.00033255652,16.415913,9.605072,983.9023,8312.189,53822.5,64440.234,0.23571138,0.081442386,3661,3,11,6
255362.7555271077,3341530.276027224,37564,1,1168.3643,32.33721,107.92792,-0.0035276855,12.021181,8.225332,981.8285,9212.106,54043.598,65270.04,0.39001969,-0.041765995,3661,3,2,7
255375.30102019504,3342606.5383839128,37609,1,1239.3402,43.63166,235.1755,0.0005118955,17.34451,9.899963,983.4501,8303.879,53795.293,64467.69,0.15235727,0.16377208,3661,3,11,6
255382.04104012795,3343241.4324798584,38354,1,1167.0,44.35947,246.80142,0.0004840795,18.515568,10.438506,984.3575,7778.13,53655.867,64006.22,0.15600632,0.15462701,3661,3,11,6
255397.9824002584,3341544.8286219314,37539,1,1170.5355,31.528004,113.629364,-0.0018028553,11.802638,8.583835,981.4705,9187.497,54012.105,65282.266,0.47360012,-0.13402626,3661,3,2,7
255414.14535819972,3341701.629548435,37566,1,1144.7285,41.203205,230.7928,-0.0049362974,16.796965,8.822803,981.4616,9042.195,53956.0,65175.164,0.4018131,-0.073899984,3661,3,11,7
255417.56744557485,3342566.267506986,37586,1,1215.9456,42.903164,244.85522,-0.0022613236,17.02238,10.117442,982.7908,8323.28,53766.793,64531.62,0.2812971,0.035520907,3661,3,11,6
255417.1087242264,3341558.3996550613,37532,1,1164.3502,30.573252,113.42868,-0.0036128785,11.694582,9.964449,981.25116,9159.874,53988.04,65280.4,0.42842275,-0.08494831,3661,3,2,7
255437.98136130316,3342551.4990956117,37607,1,1217.1428,41.23534,231.14664,-0.0034313856,16.007933,9.474272,982.4871,8320.559,53749.375,64552.414,0.281625,0.039879907,3661,3,11,6
255449.10918655977,3342529.353632752,37628,1,1209.6688,39.427105,227.91084,-0.004498929,14.847003,9.559276,982.31274,8331.746,53743.863,64573.984,0.28478187,0.046363745,3661,3,11,6
255448.1067615145,3342503.311114385,37608,1,1192.9684,36.28296,218.41808,-0.006409731,13.327382,9.401266,982.26715,8356.824,53750.258,64596.348,0.28082308,0.043457165,3661,3,11,6
255460.077440889,3342492.9792158995,37563,1,1194.2404,36.65306,212.57407,-0.0065380805,13.507564,9.330189,982.10913,8359.719,53742.625,64610.47,0.27066448,0.05080109,3661,3,11,6
255474.26067079903,3342481.0863577817,37587,1,1203.7843,36.989845,212.57407,-0.007022053,13.688296,9.401232,981.80896,8357.188,53725.23,64631.254,0.2798058,0.037888147,3661,3,11,6
257151.4963452946,3339400.6118676644,38296,1,1201.1776,31.344273,268.26428,0.0034122008,11.752779,9.760215,963.49066,9306.52,52850.89,68051.78,0.3088508,0.020416325,3661,3,11,5
257030.7053239045,3339396.2995647327,38297,1,1182.5261,34.948616,252.07208,0.0047803395,13.609193,11.011123,964.5326,9418.328,52968.992,67980.46,0.26372686,0.05655143,3661,3,11,5
253492.2703960442,3339553.5234132665,37741,1,704.1429,25.010473,186.3402,-0.016948141,10.06827,9.851562,994.901,10114.964,56339.297,65585.38,0.24717592,0.09136554,3661,3,2,9
253587.39507473263,3339603.8736593635,37725,1,773.9875,38.265697,207.75854,-0.0025599885,14.568725,9.433654,994.3762,10217.4795,56239.496,65602.9,0.36528233,-0.02766051,3661,3,2,7
256152.52825751263,3340257.7941961787,38359,1,1138.1483,29.15582,261.8699,0.020547196,13.588573,11.009835,971.93445,9826.703,53586.176,66746.516,0.38725287,-0.056376047,3661,3,11,3
256218.2747327701,3340322.1636826894,38229,1,1144.9668,21.368145,291.80142,0.0063568847,7.4714847,9.867066,971.32074,9743.618,53512.832,66740.6,0.39275426,-0.06360797,3661,3,11,5
255486.52620112663,3340331.907343128,37512,1,1151.1144,32.81859,274.76364,0.0021036568,12.688617,8.257357,978.763,10143.082,54216.45,66256.0,0.2996022,0.031834077,3661,3,11,5
255386.1141315849,3340346.865061782,37486,1,1169.0591,38.40569,242.85033,0.00835293,14.917702,11.048651,979.808,10183.168,54308.21,66175.8,0.18703188,0.13166143,3661,3,11,3
255401.6707294206,3340346.726051192,37511,1,1172.8416,36.982258,268.60284,0.00898329,14.225285,10.606082,979.60406,10171.789,54288.85,66188.8,0.27720737,0.049186725,3661,3,11,5
255559.43110675385,3340363.6340298946,37509,1,1168.0585,44.313763,285.5241,0.0033963772,17.41611,10.558554,978.0851,10079.013,54141.152,66278.766,0.37830374,-0.049529567,3661,3,11,6
255374.60515671188,3340373.5455329274,38353,1,1173.8915,34.202393,226.21889,0.0069485535,13.242617,10.376802,979.93933,10172.443,54312.875,66154.09,0.18358773,0.13772413,3661,3,11,5
255248.1586303686,3340456.941542248,37510,1,1177.6672,36.14395,256.3287,0.0005146887,14.480894,9.8061905,981.4237,10170.595,54416.31,66001.234,0.26684222,0.058815636,3661,3,11,6
255196.71440781647,3340490.1040998227,37533,1,1190.1721,39.666737,252.34988,0.0013405185,15.084329,10.134275,981.99786,10173.868,54457.3,65945.95,0.221077,0.09785731,3661,3,11,5
255174.7880060718,3340492.9528859886,37535,1,1184.1945,35.916405,257.4712,-0.00027567058,13.676591,9.585496,982.2067,10185.165,54476.68,65932.98,0.2063875,0.108260475,3661,3,11,5
255141.9965464548,3340523.414716611,37513,1,1196.8435,29.441198,266.30862,0.00065675355,10.988839,8.876138,982.5776,10177.475,54498.324,65890.69,0.2939797,0.034227327,3661,3,11,5
255939.9689605068,3340564.091104082,37485,1,1147.6157,33.47417,299.93152,-0.0053949617,12.275732,9.996302,974.2746,9700.005,53723.15,66375.766,0.3301154,0.00086167536,3661,3,11,6
256382.1349912308,3340557.9350977573,38515,1,1122.2542,40.511127,12.528809,-0.0036626237,16.091812,9.87165,969.47656,9449.709,53287.535,66671.805,0.41514245,-0.08489958,3661,3,11,6
256865.698114346,3340617.638227994,38496,1,1072.2188,38.260643,337.16635,0.0064120865,14.917647,10.080844,964.25793,9095.284,52807.934,66944.625,0.35122702,-0.017853,3661,3,11,6
256674.9689834157,3340613.995619181,38352,1,1064.4841,29.202686,273.9452,-0.0065082735,11.016388,9.851562,966.3256,9251.702,52994.297,66826.05,0.18134293,0.13582174,3661,3,11,7
256541.89490057164,3340642.950867538,38358,1,1111.6656,32.00445,299.74487,0.0025418622,11.754063,10.07179,967.70715,9295.644,53112.56,66717.484,0.25879228,0.064967,3661,3,11,6
256943.91266939288,3340675.006719624,38497,1,1058.3469,30.789648,264.95755,-0.004853138,11.315739,8.169336,963.3157,9002.805,52717.89,66960.45,0.33558497,-0.008653741,3661,3,11,6
257010.27600475925,3340685.823305448,38513,1,1055.0988,33.660393,306.25385,-0.0009889703,12.475634,10.081898,962.53326,8933.762,52647.637,66999.59,0.3151111,0.016446617,3661,3,11,6
257034.92104413235,3340697.2740823994,38514,1,1057.6437,33.263405,289.44003,-0.0023244524,12.420248,8.252197,962.28064,8908.002,52623.234,66997.99,0.31623083,0.012786055,3661,3,11,6
255108.02930611843,3340698.2532506394,37514,1,1193.5336,25.222141,177.61401,0.004564278,9.010788,9.89391,983.3586,10048.532,54492.945,65727.82,0.4047693,-0.077689245,3661,3,11,5
257255.2445421636,3340723.986500548,38517,1,1032.6658,40.31711,331.607,0.0052715414,15.430066,9.654397,959.81537,8694.97,52405.32,67129.9,0.27503845,0.045664832,3661,3,11,6
257226.3978918553,3340725.493274492,38516,1,1053.7952,36.361145,336.19406,0.0100114355,14.819435,10.8729105,960.1473,8723.147,52434.344,67109.85,0.27482307,0.048547234,3661,3,11,5
251744.99313881464,3340793.7427000063,37743,1,978.9051,25.254862,250.821,0.0025790094,8.844179,9.829673,1020.0255,9197.619,57736.816,63525.11,0.32155746,0.004832002,3661,3,11,5
257271.41216435825,3340784.1872475944,38518,1,1045.4594,34.07042,304.11447,-0.0020393068,12.36641,8.677792,959.46704,8655.201,52370.816,67098.65,0.38174087,-0.047545563,3661,3,11,6
255209.1977914989,3340987.2806045124,37536,1,1190.9851,31.932644,241.26022,-0.0072236108,12.294809,8.325429,982.8071,9751.636,54325.895,65572.9,0.33668903,-0.007973667,3661,3,11,6
255038.43133901668,3341008.2970420243,37537,1,1152.1002,28.491621,232.76517,0.0006268834,10.096147,9.608664,984.78687,9827.971,54486.21,65446.867,0.239928,0.081555285,3661,3,11,6
255072.97764735724,3341022.4619929744,38360,1,1167.606,28.453825,240.25513,0.0007068467,10.212901,9.799737,984.35095,9797.984,54444.98,65465.35,0.33846197,-0.0072801104,3661,3,11,6
250778.76426358687,3341032.283152453,37520,1,1055.8823,28.950033,325.7843,0.0071812635,10.190899,9.646366,1032.841,8577.535,58628.105,62738.832,0.3682093,-0.0350616,3661,3,11,6
250908.6123795416,3342497.834890773,38053,1,1513.2736,30.240059,292.9887,0.0007426719,11.578918,10.942526,1046.2627,9683.455,58193.58,61663.65,0.31939566,0.008753228,3661,3,11,5
250939.6327937271,3342489.0031844,38054,1,1498.3469,38.77551,302.96942,0.00045557274,15.179624,10.717364,1045.7446,9696.912,58166.15,61690.2,0.33558968,-0.0058984393,3661,3,11,5
250996.32114479592,3342458.4735888178,38055,1,1451.6876,37.56504,279.46234,-0.0031284045,14.48737,9.514665,1044.6117,9716.893,58113.266,61751.113,0.20690316,0.11248397,3661,3,11,6
251187.64261390016,3342507.451605829,38057,1,1441.6078,32.726315,266.63354,-0.004517993,12.181594,10.141238,1042.4651,9885.515,57917.13,61831.113,0.21859421,0.09948877,3661,3,11,6
251200.33999944708,3342500.841777415,38056,1,1435.6237,36.77332,263.21103,-0.003451009,13.27002,10.030717,1042.0902,9892.487,57899.508,61851.45,0.24432461,0.07384544,3661,3,11,6
251260.3410574284,3343179.983120032,38059,1,1313.1447,33.776802,326.76828,-0.008769669,12.18062,9.370181,1047.7269,10426.451,57709.586,61361.45,0.27870065,0.0512624,3661,3,11,7
251294.82433148855,3344403.00069765,37766,1,1434.566,29.225496,244.44003,0.003441847,10.860231,10.465181,1058.9127,9766.744,57464.18,60441.688,0.3870067,-0.060564946,3661,3,11,9
251327.41928433985,3343305.105755071,38060,1,1350.2472,28.425863,325.7843,-0.0036038146,9.675899,9.851562,1047.946,10480.096,57628.285,61306.723,0.2138821,0.10264437,3661,3,11,7
251349.49477889648,3342396.0190125,38058,1,1404.9707,31.504253,244.17902,0.0044321273,11.665218,11.272981,1039.1139,9914.646,57784.258,62024.957,0.24339814,0.07265933,3661,3,11,5
251423.58217071285,3343276.614917033,38074,1,1313.0604,26.48212,313.45184,0.00058411097,8.54729,10.447193,1046.2148,10422.841,57533.734,61385.707,0.357859,-0.027122134,3661,3,11,6
251471.7873523314,3343272.149050894,38061,1,1292.8931,23.487585,296.56506,-0.0027349908,7.817455,9.316968,1045.3517,10394.471,57486.477,61425.227,0.26106194,0.06340943,3661,3,11,6
251773.8832860957,3344277.381418682,38075,1,1409.6759,32.557274,222.7094,-0.006356026,10.851197,9.68722,1049.4365,9481.461,57011.25,60843.15,0.39858988,-0.06116043,3661,3,11,6
251829.21157556056,3344232.449260632,38349,1,1410.7921,30.193478,243.43497,-0.0011582671,11.304768,9.864101,1048.1395,9477.9795,56970.51,60913.63,0.3012142,0.028869478,3661,3,11,6
251854.20282601583,3344215.1209031264,38350,1,1406.9628,36.10322,236.30994,-0.0024581654,13.738237,9.708059,1047.4509,9469.372,56944.383,60948.29,0.35381263,-0.023748022,3661,3,11,6
252376.9335899448,3344758.9725053296,38351,1,1489.8215,43.045517,6.709839,0.001995138,17.311792,9.571442,1042.6237,8714.477,56339.55,60870.438,0.22831772,0.10468174,3661,3,11,6
253245.75983600583,3344256.054449236,37460,1,1404.1696,43.803364,214.9025,0.0036505759,17.135996,9.624512,1023.6372,8462.21,55568.492,61827.266,0.2957846,0.021879025,3661,3,11,6
253446.4215808281,3342471.4945942904,37489,1,867.3483,42.054016,203.19861,-0.0011186353,17.69699,10.39701,1010.524,9599.042,55711.938,63303.86,0.36707205,-0.02812192,3661,3,2,7
253654.81888167912,3343820.1491624275,38641,1,1583.8041,18.76471,210.96376,0.0031552985,6.9592915,10.404741,1014.3023,8485.281,55242.336,62420.938,0.18342428,0.14267492,3661,3,11,3
253924.4331696049,3344843.03643958,37462,1,1624.5951,17.13422,57.99463,0.008184235,5.5076685,11.441138,1014.46826,7567.569,54797.633,61840.227,0.40187,-0.072284274,3661,3,11,5
253939.0220733604,3344881.298469488,37491,1,1612.649,12.861522,135.0,-0.006477349,5.845503,9.688696,1014.46606,7531.2686,54781.113,61817.31,0.3506654,-0.005871595,3661,3,11,5
254084.22733459072,3344181.6430103625,37482,1,1491.9799,31.28135,348.36636,0.0015220685,10.578984,9.341581,1008.6592,7926.67,54754.15,62437.54,0.22150566,0.11490576,3661,3,11,5
254133.35039119425,3344834.193337946,37483,1,1500.5288,38.683968,9.03949,3.444769e-05,14.815236,10.288818,1010.51306,7431.6953,54592.26,61988.844,0.3226198,0.014344978,3661,3,11,6
254318.8345361155,3343943.361745433,38079,1,1308.9185,42.187717,341.56506,-0.0081804665,16.864006,9.851562,1003.74567,7933.7886,54571.523,62769.773,0.2831904,0.04973381,3661,3,11,9
254313.81919719305,3345222.2757413182,37767,1,1623.6371,36.201855,262.40536,0.0024922038,13.727424,10.245986,1008.6766,7024.13,54350.594,61822.973,0.28014627,0.039063025,3661,3,11,6
254343.47771383764,3344078.520783022,37452,1,1316.5896,25.7351,332.35403,-0.0047760936,8.931189,9.599091,1003.76184,7813.533,54516.44,62685.71,0.27173325,0.058282495,3661,3,11,7
254343.7346341423,3344106.4610917163,37768,1,1322.1663,26.21371,343.07248,-0.0056087514,9.29268,8.4297085,1003.87445,7792.317,54511.0,62663.43,0.38301682,-0.055908833,3661,3,11,7
254377.89565312225,3344108.5238498594,37773,1,1310.3175,24.542871,340.82098,-0.005951788,8.576778,9.851562,1003.3563,7771.1064,54481.492,62683.516,0.30636215,0.01643196,3661,3,11,7
254380.6046326132,3343987.174928495,37457,1,1290.723,25.055574,342.89728,0.0029565117,8.390422,9.566788,1002.7428,7848.9995,54493.53,62779.367,0.27202606,0.049038436,3661,3,11,7
254375.67508782176,3343735.454950314,37481,1,1318.7859,36.673977,354.2894,-0.0042476365,14.976656,9.851562,1001.9574,8042.792,54551.617,62966.227,0.3932819,-0.055216715,3661,3,11,7
254428.4579260649,3344146.9507190087,38080,1,1303.9514,30.370872,294.30457,-0.0036587694,11.387222,10.117394,1002.6368,7707.464,54425.082,62687.33,0.24918711,0.07794575,3661,3,11,7
252936.3211564384,3330544.7951643723,38142,1,455.9578,25.856632,194.03625,-0.0022627818,9.127299,7.968766,948.60486,8103.691,59804.965,72511.42,0.20032674,0.14248888,3661,3,11,6
252857.4552561582,3330774.3402866474,38143,1,441.85727,30.675692,166.86597,0.0014256628,11.509568,8.330891,949.16016,8258.674,59788.91,72276.02,0.10150758,0.23479441,3661,7,11,6
255170.8801286718,3335181.328953537,38419,1,798.3936,28.095797,286.2602,-0.0005809639,9.793961,9.210287,973.51184,8962.511,56028.28,70058.25,0.36820656,-0.0363527,3661,3,11,9
255207.5889574786,3335181.557604606,38435,1,793.9965,28.82344,289.7989,-0.00055501313,9.915043,9.435553,973.502,8942.958,56000.023,70076.58,0.37035158,-0.03504407,3661,3,11,9
255006.7669815932,3335198.5519851446,38418,1,836.7983,25.919184,12.528809,-0.008502126,9.056011,7.986206,973.60095,9089.362,56181.766,69938.72,0.37857443,-0.037148256,3661,3,11,7
255379.217268882,3335264.527372248,38436,1,838.5092,50.591885,151.01117,-0.0018771535,23.42989,8.959581,973.5274,8894.745,55813.03,70117.336,0.29153243,0.06725462,3661,3,11,6
250732.2568142839,3336012.8946162146,38147,1,661.84515,39.936752,35.67639,0.007812935,15.356236,9.397055,982.312,6521.572,59975.406,66757.61,0.39814284,-0.05112647,3661,3,2,5
253734.4417708294,3336447.644825625,38355,1,1011.9979,28.79335,245.22487,0.0039155385,10.975808,9.656913,979.2352,9549.393,56983.414,68174.19,0.29240564,0.034045395,3661,3,11,5
254632.19983261076,3337012.124875526,38356,1,1094.7563,24.046152,123.11133,0.0084714815,8.093036,9.766236,978.28326,10511.941,55955.37,68282.8,0.40045303,-0.044314172,3661,3,2,5
255437.604478468,3337117.216202407,38665,1,1152.9375,35.071735,192.52881,0.009554857,13.245641,10.985761,975.36206,10324.849,55159.86,68694.78,0.29171878,0.045910273,3661,3,11,5
255434.57847199464,3337199.710282885,38664,1,1138.8114,34.95552,156.80139,0.0028955524,12.802529,9.854391,975.44885,10390.654,55135.46,68632.45,0.3059851,0.02479915,3661,3,11,6
255305.5636623733,3338372.0892918967,37724,1,1151.0902,37.319317,206.56505,-0.0010713219,14.617799,9.58133,977.61475,11422.299,54915.344,67642.53,0.34405312,-0.021539982,3661,3,11,6
255249.53633187187,3338448.013637213,38294,1,1138.608,40.31729,197.28151,0.0027866412,15.700288,10.340902,978.12366,11403.553,54950.203,67542.625,0.23413104,0.09341905,3661,3,11,5
255421.58812945167,3338477.344845908,38293,1,1179.5626,38.794003,350.1342,0.004196365,13.987164,9.69184,976.97766,11265.46,54769.066,67633.82,0.31123272,0.011060913,3661,3,11,5
250520.02136479167,3338684.879568412,38361,1,1221.1603,38.286785,219.80559,-0.0025667688,13.623785,9.70228,1010.601,7048.2905,59442.773,64459.72,0.25276336,0.082862,3661,3,11,6
250169.88615038048,3369960.5241003847,38422,1,1379.8691,37.556263,333.43494,0.0002211256,14.087509,9.810605,1225.029,3320.5571,32697.723,43070.438,0.19759424,0.13658993,3661,2,11,7
257019.2745907531,3369961.8857163773,38081,1,1323.7556,24.60515,309.80557,-0.00078082975,8.73104,9.996303,1231.3678,2336.4932,32387.557,49187.742,0.31925625,0.0015487502,3661,2,11,5
257121.9909094537,3370021.520131766,38082,1,1300.2758,47.68737,321.0441,0.0031913687,19.24642,9.5636,1232.2727,2452.04,32334.416,49262.383,0.21134551,0.11489044,3661,2,11,6
252743.00625143567,3370041.1515900777,38170,1,921.8635,35.262054,322.52383,0.00159262,13.168333,9.359323,1227.633,875.95667,32332.625,45313.43,0.31931317,0.010093172,3661,2,11,6
257136.29417285125,3370057.350438271,38083,1,1319.0323,47.34762,331.92752,0.0038967808,20.040472,10.1370735,1232.8047,2489.4175,32295.129,49254.723,0.24458207,0.09005757,3661,2,11,5
252900.84775254352,3370133.577821513,38427,1,859.04034,38.30951,352.50415,0.00216797,14.764367,9.63043,1228.4458,694.6222,32231.787,45415.203,0.35253128,-0.012212189,3661,2,11,6
257189.70212756135,3370195.4463341767,37653,1,1317.186,40.186092,347.19574,-0.0028049613,16.1315,9.016728,1234.5662,2622.308,32168.617,49245.96,0.26865375,0.056739237,3661,2,11,7
254149.33152239237,3370455.3997343834,38446,1,852.03644,37.01284,242.24146,0.006705704,14.053596,10.29213,1232.7339,572.45087,31853.0,46384.336,0.28161132,0.049906943,3661,2,11,5
254203.52808472613,3370686.632480656,38447,1,846.7962,41.133457,129.36932,0.00091287144,15.397634,9.75463,1234.9926,711.6882,31611.43,46334.406,0.23571654,0.13804294,3661,2,2,6
256392.0775029341,3370991.345707285,38154,1,1385.2372,33.08871,151.1134,0.005888228,12.555024,11.257896,1242.9977,2730.0183,31327.402,48196.566,0.35799608,-0.01274518,3661,2,11,5
254460.5810417804,3371081.317805284,38370,1,878.90063,21.152351,177.13757,-0.006909819,7.4483113,7.374085,1239.143,1092.0165,31215.576,46403.246,0.15665866,0.18413803,3661,2,11,7
256417.556367798,3371088.10136483,38163,1,1369.5134,36.19601,150.80249,0.0011101296,14.260925,10.327222,1244.2437,2811.9211,31228.336,48174.117,0.2831801,0.059839614,3661,2,11,6
254407.8931285356,3371164.8833349845,38371,1,862.08716,19.44936,186.3402,0.0009161291,6.777934,7.813246,1239.7328,1064.0488,31136.785,46315.117,0.23858316,0.10575062,3661,2,11,7
254351.41029641265,3371179.327370242,38428,1,838.633,26.959066,167.47119,0.001754315,10.265839,7.1701317,1239.7864,1024.5974,31117.873,46261.344,0.22849119,0.10825534,3661,2,11,7
254366.5812566437,3371217.540267755,38425,1,839.063,30.733103,168.02386,2.5355284e-06,11.001183,9.167994,1240.1799,1047.5209,31077.66,46253.59,0.36863118,-0.029653566,3661,2,11,7
254374.25656716592,3371258.5130876102,38426,1,840.6884,31.333113,178.26428,-0.00097332936,11.438712,8.963666,1240.5745,1071.5409,31037.451,46245.867,0.33233815,0.011537257,3661,2,11,7
256513.99104911851,3371342.693509997,38152,1,1407.5077,27.28113,274.2364,0.0023412846,9.761845,9.596345,1247.528,3055.2249,30983.018,48164.684,0.37798518,-0.045512885,3661,2,11,6
256554.767463719,3371356.265141169,38153,1,1411.335,27.813976,270.0,-0.0027108456,10.009064,9.477288,1247.7682,3091.0354,30974.902,48197.32,0.48653036,-0.15758508,3661,2,11,7
253104.9497180556,3372336.334201021,38369,1,836.9795,34.535755,186.00902,0.004126734,12.408549,8.693293,1245.1246,290.68884,30023.395,44646.31,0.2313829,0.11762569,3661,2,11,5
252619.19763492225,3372464.4931453094,38655,1,892.208,44.54115,335.29758,0.0032969848,18.71658,10.284267,1244.0032,94.33981,29929.627,44146.215,0.033984534,0.29459065,3661,2,11,6
250899.9444716967,3372516.9769373266,38481,1,944.13556,25.21727,296.56506,-0.009670498,9.247238,8.094369,1237.0719,1618.9194,30059.25,42559.484,0.40878975,-0.068561465,3661,2,11,9
250056.9559128986,3372523.646403867,38444,1,1182.3634,43.54909,321.5198,-0.0032446918,17.2278,9.405076,1233.5576,2370.2322,30186.965,41801.137,0.056058537,0.2748172,3661,2,11,6
250112.4657647669,3372552.674016458,38445,1,1179.2048,37.363327,286.55707,-0.0039359606,14.4866,9.272163,1233.9081,2303.15,30147.49,41842.21,0.22536217,0.11158566,3661,2,11,5
253146.4466608462,3372636.3868574565,38368,1,859.8463,36.751186,195.37627,0.0067748423,14.1846075,9.365761,1247.5255,451.7743,29721.436,44560.555,0.13218409,0.22262001,3661,2,11,5
250253.73532130063,3372638.4603155693,38461,1,1189.0388,38.50832,301.86597,-0.0002292847,14.768084,10.29578,1234.8162,2137.6858,30036.02,41929.703,0.289529,0.03357075,3661,2,11,5
253300.4616476965,3372679.0297218706,38672,1,971.56116,37.537434,152.81885,0.009896178,14.19073,10.273462,1248.6296,617.414,29661.67,44686.78,0.31036565,0.03758123,3661,2,11,5
250288.7695967764,3372641.538017322,38463,1,1179.35,35.195507,292.61987,-0.0020644153,13.566331,9.341833,1234.946,2110.853,30031.24,41956.793,0.24960065,0.080242366,3661,2,11,5
250841.29046440948,3372677.6617557723,38464,1,1065.4153,37.008034,299.19748,-0.00051281624,14.243939,9.871021,1237.5565,1592.1056,29907.795,42446.234,0.36482325,-0.03457871,3661,2,11,6
250302.3631518194,3372689.471457014,38480,1,1207.9006,27.732264,282.99463,0.007636818,9.766249,10.881358,1235.2133,2070.6038,29978.701,41953.414,0.35418376,-0.021018926,3661,2,11,3
252581.7169004976,3372810.91817284,38171,1,972.43585,28.944658,92.12109,0.023966527,10.343533,10.420551,1246.2179,22.36068,29583.293,43975.66,0.19102742,0.16567968,3661,2,11,3
253248.62453925624,3373156.1989940885,38673,1,851.4822,37.274067,189.46233,0.0020268278,14.054635,9.08934,1251.9105,763.21686,29196.16,44444.6,0.34416172,0.008432,3661,2,11,6
251920.21366382623,3373815.070762702,38633,1,836.6151,38.857403,263.3675,0.00851442,14.816862,9.404489,1248.8217,130.0,28652.574,42962.227,0.26814306,0.07821345,3661,2,11,5
251416.84699060587,3374020.9248058777,38632,1,858.70166,35.66582,210.37914,0.002827534,13.326454,9.53645,1246.8777,395.9798,28503.377,42419.926,0.3432612,-0.00023570507,3661,2,11,3
250652.6127934372,3374569.627605466,38616,1,962.65894,38.127274,332.81888,-0.007253558,16.859962,9.033369,1244.3215,530.37726,28067.033,41505.61,0.2892205,0.051219687,3661,2,11,6
250848.55701391495,3374687.48477324,38615,1,889.4132,44.012146,10.738892,0.0010681031,17.600107,10.047845,1246.1519,311.12698,27919.242,41634.645,0.34266493,0.00585737,3661,2,11,5
256298.2725743545,3374857.8183605806,38631,1,934.27136,46.72204,293.45905,-0.00280658,19.400383,9.410664,1287.9628,4253.0107,27456.676,46656.723,0.26317084,0.067825764,3661,3,11,6
256187.21997827472,3374869.0340532693,38646,1,993.08057,45.481644,303.69006,0.0027934713,18.738863,9.434772,1287.2289,4159.0864,27442.055,46549.848,0.3786205,-0.057846565,3661,3,11,6
251955.36073970905,3374889.831581844,38634,1,939.3994,52.820988,324.888,0.003018132,23.459877,9.188533,1255.2554,601.08234,27574.807,42587.4,0.27721652,0.058681518,3661,2,11,6
256187.25381339068,3374932.240874183,38645,1,1040.9376,43.50997,308.04706,0.0023315332,17.0354,9.301515,1287.9137,4185.9287,27382.105,46529.527,0.32694736,-0.0049302736,3661,3,11,6
253556.4337542644,3374978.7571308115,38647,1,879.45154,44.430443,293.6294,0.00042004714,18.66158,9.912365,1268.0094,1858.0903,27351.162,44045.523,0.29233447,0.04102875,3661,2,11,6
253597.65712548225,3375007.16707846,38649,1,890.7423,41.07107,289.17902,0.0010334355,16.2804,8.533359,1268.5548,1907.6687,27319.041,44072.242,0.26965463,0.056751836,3661,2,11,6
253651.9437895228,3375040.7735642907,38648,1,893.9827,41.263996,297.5973,-0.00014981422,16.43799,9.775188,1269.2593,1974.6644,27285.94,44117.703,0.32202065,-0.0013904474,3661,2,11,6
253411.1561379624,3375070.0484794867,38654,1,876.63116,40.027916,184.28915,-0.0049950397,16.124596,8.902824,1267.6217,1786.1692,27269.36,43882.664,0.30105442,0.03884885,3661,2,11,9
251838.57568805284,3375088.04362206,37756,1,1136.9225,35.339863,312.8789,0.011396443,14.516028,10.225175,1255.4648,664.003,27389.932,42402.105,0.36283606,-0.026114061,3661,2,11,3
252085.2513584498,3375119.942444564,38651,1,959.8537,33.890465,297.9795,-0.0034353198,12.763065,9.851562,1257.578,855.6284,27331.846,42623.793,0.2808693,0.040288486,3661,2,11,7
253385.4676465888,3375162.0537972045,37775,1,891.9914,29.29739,219.28941,-0.0048727617,10.224504,7.814908,1268.0729,1814.0012,27181.35,43822.71,0.390446,-0.054265656,3661,2,11,9
251305.18819158667,3375197.4445738504,38618,1,887.5635,40.078873,238.3925,-0.0004370527,14.977096,8.982844,1251.8999,374.43292,27348.32,41868.836,0.3628694,-0.029411256,3661,2,11,6
251243.06773285175,3375236.40648668,37777,1,878.7903,33.18906,225.0,-0.0005735869,11.849491,9.284391,1251.6174,360.6938,27317.002,41798.312,0.32826304,0.004482689,3661,2,2,6
253282.54227533503,3375277.36432457,37776,1,896.83527,15.691141,196.38954,-0.004637678,5.2337174,9.953554,1268.1771,1812.8982,27067.932,43686.8,0.3758695,-0.04130616,3661,2,2,9
256129.54883225443,3375323.9110528203,38629,1,1358.2845,42.767265,267.6627,-0.0022850046,17.207235,8.510725,1291.8605,4306.6694,26990.043,46342.516,0.3239026,-0.0041156467,3661,3,11,6
251066.8290942401,3375325.253467581,38617,1,861.40656,36.830135,232.00128,0.0035029121,13.093478,9.29344,1250.5533,290.68884,27263.547,41601.492,0.20338663,0.12674797,3661,2,11,6
255894.46175290825,3375527.363711057,38630,1,1644.2639,34.73693,290.17065,0.0048437105,14.679188,10.053434,1292.2556,4194.866,26772.256,46056.13,0.33129075,-0.012772363,3661,3,11,6
251058.6658974784,3375612.2308483496,38652,1,856.6463,35.17958,152.02051,-0.00027542684,13.120571,10.112474,1251.7637,500.0,26978.184,41486.117,0.19193506,0.13748471,3661,2,11,6
251162.98752434997,3375837.639073367,38614,1,867.42566,43.516926,186.84279,-0.006420672,18.303507,9.851562,1253.7411,742.4958,26734.521,41505.97,0.2861497,0.050630305,3661,2,11,7
253283.85959020432,3376172.1197308865,38598,1,1101.3936,35.42502,34.69516,0.00045240452,15.509652,9.984943,1274.8041,2446.5896,26179.902,43381.477,0.4496989,-0.121122226,3661,3,11,9
251057.454371208,3376213.8744835444,38653,1,845.6048,36.543358,210.25644,0.0018957542,13.627723,8.79569,1254.4166,940.6912,26384.965,41272.246,0.14030783,0.19198799,3661,2,8,6
254012.16306466248,3377084.1228028587,37892,1,1312.761,37.921993,244.79889,0.0009003237,14.433433,9.988241,1288.4486,3606.2446,25231.443,43779.457,0.30273908,0.02834162,3661,3,11,6
254062.68946645703,3377176.2306741583,37891,1,1386.694,38.303947,228.69139,0.004629669,13.970056,9.906163,1288.935,3705.2395,25139.502,43799.188,0.18842612,0.13602726,3661,3,11,6
247324.91529933264,3375374.269284567,38454,1,1048.916,35.07722,322.3524,0.0068186335,12.782651,9.946954,1221.0381,2603.5745,28007.844,38129.9,0.14405562,0.18806608,3661,2,11,5
247337.4715243266,3375416.318601331,37733,1,1062.3962,39.568882,328.81503,0.0036591236,14.3851,10.206616,1221.0935,2574.9756,27966.639,38123.04,0.1814177,0.15200825,3661,2,11,5
247400.8982331168,3375597.940557799,37652,1,1113.6095,40.98625,320.63068,0.0015926937,15.2171955,9.531426,1221.5538,2421.4253,27764.7,38111.727,0.32959613,-0.005396447,3661,2,11,5
247500.7217279873,3375581.783566225,37734,1,1053.5703,33.328957,299.35776,-0.0015302395,12.288207,8.883615,1222.3761,2344.1204,27756.56,38211.496,0.38020334,-0.051256545,3661,2,11,6
247540.00328127772,3375582.656440043,38453,1,1046.7899,32.721336,292.9887,0.0013269146,12.007343,10.004992,1222.62,2317.6711,27748.416,38239.066,0.35667896,-0.028926635,3661,2,11,6
248321.5197187362,3375754.8888566173,38574,1,979.71936,29.570242,226.27304,-0.0030903677,10.0503025,8.42001,1229.1897,1545.4773,27380.002,38900.812,0.17363538,0.15921132,3661,2,11,6
248360.03493484808,3375734.774979827,37735,1,983.99023,29.812553,227.72632,0.0057299724,10.454906,10.109353,1229.4263,1529.7712,27392.035,38936.184,0.14988938,0.18315195,3661,2,11,6
248375.26757514064,3375720.733598839,37736,1,986.13837,28.113197,261.8699,0.012033139,10.317196,10.60976,1229.5858,1517.1685,27396.848,38958.492,0.15735024,0.17256758,3661,2,11,5
248387.514664712,3375463.411458531,38536,1,836.23,28.028332,290.1363,0.002541345,10.061673,10.403865,1229.4526,1648.3931,27646.66,39068.15,0.31123155,0.035643935,3661,2,11,6
248413.64185326555,3375685.7941920166,37737,1,967.23804,28.122583,292.16635,0.015942873,10.19179,10.92004,1229.8861,1502.3315,27425.93,39010.777,0.08642848,0.2435771,3661,2,11,5
248450.59833456995,3375721.6081658783,37753,1,968.50757,36.790524,316.04163,0.0028852038,13.497276,10.0390625,1230.2559,1447.5496,27377.453,39032.387,0.085090816,0.24376518,3661,2,11,6
248511.225038418,3370498.0349911056,38443,1,1241.9271,29.034567,320.19443,-0.0011814336,9.781196,10.131787,1224.6736,4637.122,32455.75,41365.203,0.5334635,-0.21974485,3661,2,11,6
248581.54708701905,3370516.870409094,38442,1,1216.499,30.292551,328.7816,-0.002707627,10.597622,7.228374,1224.7954,4565.085,32422.12,41416.61,0.26103827,0.06735746,3661,2,11,9
248564.34586530065,3375644.844689318,38524,1,882.3197,32.657124,276.58194,-0.0060088667,12.508962,9.851562,1231.0919,1397.8555,27428.865,39164.645,0.33625835,-0.0034530163,3661,2,11,6
248683.03280204805,3375598.6198574197,38273,1,863.8274,34.230473,282.5288,0.0044322764,13.210052,10.727697,1232.036,1324.1223,27439.625,39290.812,0.365597,-0.029017452,3661,2,2,6
248751.89183770225,3375597.686961022,37754,1,847.06445,39.316467,288.0343,-0.00081621297,15.211794,8.825562,1232.6123,1268.227,27423.459,39355.473,0.37895963,-0.044228867,3661,2,2,6
248871.94041916708,3375640.21945716,38274,1,839.2264,41.21424,293.83875,-0.0057382514,16.109142,7.474542,1233.6606,1148.0853,27357.172,39451.117,0.39411,-0.06213412,3661,2,2,7
248899.743341109,3371801.089078391,38272,1,1285.8992,30.492962,349.99203,-0.0016480446,11.0432825,10.76293,1227.5265,3729.772,31106.04,41084.664,0.33742923,-0.012649159,3661,2,11,6
248969.2557053508,3375655.3689025086,38521,1,854.28986,31.728727,240.25513,-0.002935261,12.327117,8.307663,1234.4237,1068.3164,27327.234,39530.555,0.26168543,0.068853304,3661,2,11,7
249016.12282330613,3371305.884223388,38420,1,1178.5492,28.50171,330.5241,0.004428353,10.049578,9.937974,1226.931,3846.037,31573.117,41422.625,0.07258861,0.2514848,3661,2,11,7
249286.83008323595,3376034.89528948,38424,1,1018.4324,30.217028,324.68878,0.008002894,11.046925,10.219054,1237.861,586.0034,26886.438,39685.12,0.02721843,0.2921596,3661,2,11,5
249598.25143737777,3372293.091419828,38460,1,1264.6272,32.94224,286.69925,0.0063280542,11.853138,10.811409,1231.0385,2884.5276,30492.812,41488.516,0.17802805,0.1543791,3661,2,11,5
249646.8492784252,3372503.5242411084,38462,1,1391.3529,26.068472,312.8789,0.015080358,10.246078,11.205122,1231.804,2722.3704,30277.256,41440.9,0.3724432,-0.050853085,3661,2,11,3
246462.36925165704,3352879.7231720355,38499,1,1042.441,39.647594,333.43494,-0.0006902178,14.663019,9.770363,1237.6473,12241.479,50151.133,50873.305,0.33804956,-0.003246154,3661,4,11,6
246639.6575885851,3354841.446553686,38551,1,1299.8352,38.9967,317.72632,0.0035538643,14.215452,9.935128,1233.4937,11968.496,48191.273,49552.496,0.25475577,0.079211816,3661,4,2,6
246659.74986985908,3352955.8781769923,37591,1,935.1474,36.593052,1.3019409,0.002313301,14.561353,8.838488,1233.3605,12048.784,50049.93,50948.91,0.41423455,-0.0726615,3661,3,2,6
246703.3853817904,3352963.333067544,38500,1,905.57764,33.15311,3.17984,-1.2805701e-05,12.105641,8.841519,1232.2386,11998.441,50031.703,50975.152,0.46838176,-0.1340522,3661,3,2,6
246723.51012191104,3352858.5761315315,38498,1,883.1194,24.855701,18.434937,-0.0027467501,9.379178,9.851562,1231.7888,11982.629,50126.977,51062.598,0.5052574,-0.17816715,3661,3,2,7
247296.4404722475,3363111.953504934,37492,1,1790.5135,42.81082,250.11484,0.00074378884,17.254557,10.91754,1223.7252,9297.074,39941.082,44463.61,0.2741178,0.054440893,3661,2,11,7
250924.1826785193,3368472.314765529,38421,1,1506.6106,34.01983,22.520569,0.0016167508,14.389729,10.697383,1218.6399,3168.4067,34071.24,44462.984,0.053226065,0.26711145,3661,2,11,6
250962.79849988257,3368338.556696928,38423,1,1506.5372,36.187595,28.610474,-0.006897807,13.586539,11.074356,1217.9702,3198.4526,34195.477,44562.62,0.3008496,0.041494038,3661,2,11,7
251770.52198126787,3352333.5509013063,37890,1,1672.706,17.861517,341.56506,-0.027889382,6.725241,9.851562,1115.0933,6956.048,50067.555,54954.28,0.36684602,-0.02184826,3661,2,2,9
252468.83541698317,3369103.5364763816,38168,1,1174.3977,24.988333,355.4261,0.015511767,9.059637,11.046805,1221.0463,1526.3354,33290.902,45502.07,0.113657735,0.20345573,3661,2,11,3
252643.33933045785,3369156.6640804964,38169,1,1091.7428,35.787796,6.0090027,0.009963158,13.812344,10.700787,1221.4115,1345.2509,33217.543,45632.363,0.42534217,-0.0962401,3661,2,11,5
252701.8232992165,3369204.997149686,38449,1,1059.2437,26.636143,14.62088,0.0132741695,9.635831,9.849673,1221.6814,1273.1456,33173.344,45666.484,0.4463627,-0.11342437,3661,2,11,3
252881.8629774756,3368539.646184128,38403,1,949.14795,42.825417,135.80695,-0.0034547157,16.088888,10.040528,1216.8179,1510.9268,33819.69,46138.21,0.22143939,0.13134016,3661,2,11,6
252915.7503955065,3368588.9170890185,38402,1,942.2043,28.694242,139.96973,0.003304087,9.797017,8.97169,1217.1561,1455.7815,33767.88,46140.605,0.39428985,-0.05049375,3661,2,2,6
253062.4293043625,3368598.0490391045,38167,1,972.66846,44.139824,130.48602,0.0011353799,16.539616,10.02183,1217.0879,1335.4401,33748.72,46267.617,0.43745652,-0.09250348,3661,2,2,6
254519.2494320465,3368052.339206254,38465,1,866.5803,32.87497,90.0,0.0062210723,12.175143,10.391903,1210.5284,715.89105,34244.258,47804.88,0.33348984,0.03459354,3661,2,2,6
254639.0764813326,3368071.349587847,38467,1,832.64795,32.01149,91.73572,0.0038836864,11.97541,8.999678,1210.5323,624.82,34222.58,47901.207,0.16096531,0.2102429,3661,2,1,6
254688.88807489924,3368045.385646564,38468,1,843.9282,27.40975,60.52411,0.011156098,9.805244,10.061911,1210.1603,617.17096,34252.0,47959.45,0.45382947,-0.108239844,3661,2,2,5
254730.2726135523,3368016.6290399493,38262,1,833.3158,31.935408,29.744873,0.0051196273,11.530667,9.42749,1209.883,601.415,34271.492,48012.97,0.28303477,0.08411167,3661,2,11,5
254847.06032204177,3367920.8203169424,38466,1,831.7892,31.905733,46.12329,0.0047623035,10.530337,10.041347,1208.7025,609.59,34370.64,48157.14,0.2892925,0.081245266,3661,2,11,5
255332.94968074845,3363508.77712687,38165,1,1175.8569,34.57559,333.43494,-0.0063941586,12.446618,9.651138,1160.1124,1840.0,38780.805,50803.207,0.27265146,0.060051322,3661,2,11,6
255327.8231814554,3363228.7384585487,38164,1,1179.6211,29.424202,326.8215,0.003962991,10.247341,9.692476,1157.1218,1840.0271,39060.74,50944.97,0.39765787,-0.06603272,3661,2,11,6
255479.57191873723,3353757.926640722,38507,1,1306.5587,38.76819,271.3972,0.0010216301,14.625145,9.608698,1047.4703,3204.5122,48531.566,56722.977,0.34862903,-0.008507024,3661,2,11,6
256138.51677223205,3350478.903640524,37752,1,925.5289,39.92564,244.0256,0.0006205864,16.130533,9.876708,992.0294,2687.4524,51820.64,59393.77,0.34010717,-0.022508383,3661,2,11,6
256264.10171685123,3368994.3041113727,38448,1,879.67816,34.592663,268.45184,0.0046341503,12.586861,9.069323,1219.0322,1110.4054,33320.902,48930.215,0.35532853,-0.017216442,3661,2,11,6
256254.01545603655,3350434.9211292616,36802,1,922.424,40.346043,254.05461,0.0072324094,15.954498,10.744862,988.3614,2572.178,51821.74,59515.984,0.36775312,-0.041143965,3661,2,11,5
256572.225454098,3350385.8640399114,36871,1,802.084,39.596268,301.6075,-0.0040079905,15.481801,10.100568,979.6233,2260.0,51505.97,59785.875,0.2712373,0.05849107,3661,2,11,7
256737.99317155115,3350382.7490882105,36780,1,793.8276,34.83002,263.991,-0.00027918594,13.297454,8.344235,975.58136,2101.5232,51346.36,59904.21,0.4268817,-0.09036139,3661,2,2,6
256803.35500204252,3354055.4586678348,38542,1,1085.8705,35.279716,317.2026,-0.0018502631,12.488936,9.260342,1023.79724,1865.2614,48270.656,57554.67,0.33701184,-0.01014678,3661,2,11,5
256978.95737897544,3354268.089707936,38527,1,1107.498,32.146072,313.6028,-0.0035776815,11.23231,8.215408,1023.36566,1690.0,48057.18,57546.58,0.40096274,-0.065495506,3661,2,11,6
257190.13051584573,3354358.9720221483,38543,1,1075.1705,27.183681,309.2894,-0.0027698786,9.121697,8.477692,1020.42584,1473.3973,47975.98,57652.7,0.36880985,-0.036690574,3661,2,11,6
245102.3429925356,3339130.0843032533,38105,1,908.15955,31.19248,10.619659,-0.012190193,11.287054,8.366027,1054.3208,3752.253,63938.94,61035.113,0.33312201,0.011767768,3661,4,11,7
244805.37226776345,3339151.221745322,38101,1,1104.322,33.37757,53.47113,-0.0072493944,12.304851,10.032248,1056.8348,3714.0005,63966.57,60857.934,0.11421662,0.21103373,3661,4,11,6
249391.4225005791,3339212.613201649,37548,1,1108.4691,28.841276,298.30075,0.0020898774,11.366787,9.921169,1024.6702,6366.985,60393.926,63372.727,0.408594,-0.07460822,3661,3,11,5
249466.39293085728,3339290.012542966,37549,1,1130.6025,34.719162,288.92465,-0.0009712688,13.234891,9.628422,1025.1565,6470.626,60306.52,63348.73,0.34359512,-0.007339052,3661,3,11,6
244822.50042020789,3339358.2917872816,38103,1,1100.8849,27.567923,3.0127869,0.00082221924,11.053869,10.094606,1061.2053,3924.6018,63756.08,60690.977,0.18933992,0.1327652,3661,4,11,5
249873.02566525625,3339348.5213779686,37550,1,1159.4924,33.368256,237.65256,-0.0044656615,12.07355,8.837367,1022.7242,6840.066,59894.266,63541.06,0.31453052,0.009265725,3661,3,11,7
244806.95725639403,3339400.380876827,38102,1,1110.3804,25.869864,343.7398,-0.0023043419,8.913071,7.833681,1062.2139,3961.2246,63719.812,60646.48,0.3667528,-0.023057653,3661,4,11,5
249742.56138214044,3339472.6000419627,38047,1,1164.8428,39.965458,247.55725,-0.009709472,15.319264,6.9197226,1025.1915,6802.955,59991.203,63367.492,0.3504203,-0.02314268,3661,3,11,6
247139.76692226532,3339495.685802561,38606,1,525.98016,22.4766,204.22775,0.0016646066,8.075451,10.269221,1046.1589,4948.747,62522.258,61848.496,0.4716722,-0.13844712,3661,7,2,9
247195.7896012905,3339598.938734842,38607,1,598.38965,40.98571,216.38437,-0.0023530782,15.597777,8.359649,1047.5579,5073.066,62438.47,61791.29,0.3957688,-0.057178516,3661,3,2,9
243076.6682172389,3339699.531111634,37436,1,1218.2412,25.305864,341.56506,0.00045729763,8.953309,10.969193,1082.4167,4180.0,63726.203,59482.637,0.4897263,-0.16833568,3661,4,2,6
241933.6248484561,3339920.4620084995,38110,1,1268.3754,34.02394,233.74617,0.0012793709,11.86987,10.521563,1097.2734,4501.311,63735.008,58712.516,0.3430941,-0.004153983,3661,4,11,6
241921.1850191425,3339958.2546593845,38109,1,1284.1356,33.249084,232.12503,0.0018677146,11.60836,10.375312,1098.4377,4542.213,63697.926,58672.914,0.3445068,-0.0031509148,3661,4,11,6
241870.29809421996,3339981.2532551466,38108,1,1273.939,30.507196,242.59244,-0.0044487854,10.993277,8.396605,1099.3938,4568.2603,63688.688,58630.477,0.17708234,0.15454073,3661,4,11,7
246919.90749630105,3340065.92534314,38624,1,536.893,46.669567,175.03027,-0.0045326627,20.242775,9.343674,1057.8765,5306.487,62607.09,61253.492,0.41299492,-0.065387145,3661,3,2,9
248548.04697847672,3340081.6766710533,38662,1,921.43884,36.204197,330.80252,0.001721393,13.418015,9.765165,1043.5547,6303.6577,61014.41,62170.4,0.32544005,0.026734976,3661,3,2,6
244988.3652898197,3340417.799889088,38107,1,888.15,28.952269,282.99463,0.0018760783,10.790005,10.42426,1082.5258,4996.609,62684.145,59884.605,0.18493116,0.1571875,3661,3,2,6
248870.51641549935,3340491.893330632,38663,1,932.82715,20.342651,306.25385,0.0055276733,6.9324994,8.138645,1046.2343,6828.594,60600.547,62030.79,0.32631537,0.008791256,3661,3,11,6
246852.7659434566,3340562.80662765,38626,1,558.5918,31.357704,229.96974,-0.0056630815,11.205792,8.182812,1067.2607,5715.8374,62272.246,60807.086,0.2822882,0.07103779,3661,3,2,9
246681.08443438128,3340702.9227199443,38625,1,579.25854,35.48402,263.991,-0.0021170434,13.6975155,8.299593,1071.4596,5766.3594,62156.133,60595.426,0.24096999,0.09602054,3661,3,11,9
249499.26462616035,3340907.3520379583,37540,1,1185.6112,39.122623,217.40536,0.0022573846,14.866928,9.136871,1045.4253,7559.9272,59903.227,62060.234,0.39551315,-0.07662937,3661,3,11,6
250469.19488913807,3341003.6463825447,37519,1,1184.9037,38.5528,297.69946,0.0015242209,14.216769,10.698898,1035.9454,8323.659,58937.09,62573.48,0.33979288,-0.013128885,3661,3,11,6
247519.7928833129,3341051.3994749114,38639,1,936.54114,37.341022,199.23067,-0.008928911,13.41264,9.11109,1068.8267,6464.0,61702.426,60782.945,0.49553597,-0.17818888,3661,3,2,7
250235.2347470383,3341548.5617042347,37541,1,1254.1783,37.609158,15.018372,0.00072234194,14.83535,9.529605,1044.7123,8534.923,59043.234,61997.242,0.27434158,0.06437763,3661,3,11,7
250188.3950457792,3341563.7623206917,37543,1,1284.1688,32.556053,8.130096,-0.00039842576,11.93441,8.499884,1045.4281,8506.991,59090.008,61958.81,0.41642833,-0.089579076,3661,3,11,7
247947.38901466617,3342266.052575575,37592,1,927.0693,45.377846,158.36908,0.0033340047,19.773685,10.096761,1083.2101,7728.6807,60449.59,60053.0,0.2009146,0.14656343,3661,3,2,5
250679.0578148141,3342340.5531181423,38048,1,1477.3767,36.701965,232.52383,0.007017704,13.654368,10.635311,1047.7592,9409.208,58450.734,61645.605,0.26617575,0.059361625,3661,3,11,6
250661.7222377316,3342375.5701635,38051,1,1495.7212,40.222294,238.81503,0.005618486,14.566864,10.652907,1048.2135,9424.277,58454.566,61615.883,0.24162583,0.08133388,3661,3,11,5
250652.923436716,3342391.567336889,38050,1,1504.0785,39.192226,238.81503,0.004571782,14.3025465,10.508764,1048.5625,9432.1,58460.395,61594.0,0.25816134,0.06472812,3661,3,11,5
250752.86690042325,3342405.634324732,38052,1,1519.9298,35.67911,301.6075,0.009031726,13.532001,11.174015,1047.3003,9507.724,58360.4,61648.336,0.3469501,-0.020935332,3661,3,11,3
250598.86197116083,3342470.517103516,38049,1,1523.7588,32.38952,235.8403,-0.001494237,11.585034,9.653043,1050.2429,9450.381,58503.418,61494.03,0.30165124,0.028400162,3661,3,11,6
250508.14988943835,3342498.9442300308,37552,1,1511.3477,25.059118,235.61966,0.0050240415,8.736538,10.660909,1051.8136,9412.401,58585.773,61414.64,0.32483074,0.00070941274,3661,3,11,6
247335.4992159537,3342721.2724825493,37589,1,848.0561,31.142813,147.9946,0.0055462127,11.444246,9.8449335,1099.0408,7875.7607,60068.156,59321.56,0.3604023,-0.008105496,3661,3,2,5
247227.09427921608,3343212.123767126,37568,1,831.683,52.70369,165.81567,0.0056079086,27.216026,10.77153,1109.023,8288.124,59596.605,58861.117,0.332654,0.026194206,3661,3,2,5
247058.71628684548,3343228.40543757,37569,1,657.2534,28.908186,194.4703,-0.01437449,10.406765,8.752211,1111.91,8247.115,59599.36,58744.535,0.33452147,0.02169478,3661,3,2,9
247070.98782754183,3343415.599292148,37518,1,722.3027,23.374794,275.19443,-0.000970532,8.178318,9.851562,1114.7697,8423.212,59418.305,58611.133,0.44547898,-0.11595462,3661,3,2,9
246729.17993645108,3343537.436393683,37590,1,592.0772,36.310135,218.85338,-0.005337091,13.382071,9.550031,1122.4856,8435.858,59337.61,58299.6,0.29226375,0.056547895,3661,3,2,10
246729.80143529293,3343571.2271788013,37542,1,608.9411,38.91766,219.47247,-0.0021881575,13.856589,9.224459,1123.0327,8464.525,59307.9,58275.355,0.3553667,-0.012522389,3661,3,2,10
249438.99281875408,3344762.542676487,37570,1,1283.1396,35.155125,268.45184,-0.0011919003,13.046397,8.629517,1096.1432,10637.594,57803.85,58981.113,0.36411783,-0.03820987,3661,3,11,6
249323.79515536112,3344793.4650987936,37567,1,1318.6587,37.47354,278.74615,0.0002920051,14.178271,9.057729,1098.5323,10610.57,57784.8,58888.727,0.43716693,-0.10988854,3661,3,11,6
249396.64660469085,3344929.82094506,37544,1,1410.1743,38.30196,273.9909,0.003459218,14.225739,9.711077,1099.1199,10766.991,57638.574,58823.746,0.3208796,-0.0010164853,3661,3,11,5
242611.58956209564,3345778.6645896286,37612,1,1514.2406,45.127316,227.93568,-0.0007645839,17.910624,10.013949,1244.0927,10268.188,57863.062,54106.035,0.27570963,0.049690425,3661,5,11,5
242457.1078425205,3345788.603087644,37613,1,1443.5018,36.935074,243.43497,0.0039472827,14.335636,11.1521635,1247.4635,10285.806,57887.91,54008.52,0.30230328,0.034725428,3661,3,11,5
242430.83435309163,3345850.497049497,37614,1,1471.3577,34.206463,216.25385,0.0055949586,12.959247,10.168435,1249.4489,10346.835,57833.71,53947.543,0.41078302,-0.07852625,3661,3,11,5
246870.91018103683,3345939.843277323,37461,1,834.2235,46.135998,209.74489,0.0026655712,20.568975,10.481172,1163.4886,10788.012,56940.625,56469.008,0.2506696,0.099669635,3661,3,11,6
247132.05167922267,3345973.2529351646,37463,1,1014.8844,35.297237,210.69974,0.0042987093,13.427243,10.43214,1158.7904,10883.478,56874.15,56604.45,0.22922018,0.1052172,3661,3,11,5
241980.15639349475,3346005.960585245,37778,1,1316.3384,34.087505,289.98312,-7.663503e-05,13.054076,9.208924,1262.5497,10532.469,57789.707,53567.64,0.3489916,-0.012893248,3661,3,11,6
248840.92485070264,3346057.086409681,38482,1,1240.6875,42.021965,300.57922,-0.003608794,16.99271,8.8876295,1125.4543,10972.42,56571.875,57600.02,0.40247232,-0.0732543,3661,3,11,7
242157.07410217464,3346131.7920756843,37715,1,1446.7626,42.995407,232.02841,-0.002171986,16.067368,10.03202,1262.5209,10645.609,57622.523,53559.11,0.3840867,-0.049223255,3661,3,11,5
248827.71435178147,3346190.658308889,38409,1,1348.6038,32.99676,278.1301,0.0037304007,11.6158085,10.137001,1127.7438,10937.316,56444.867,57486.742,0.30048895,0.028832732,3661,3,11,6
248469.20531020671,3346297.2941529267,38502,1,1342.4573,29.480547,238.3925,-0.0087938225,10.91911,8.961616,1136.8738,11224.615,56376.484,57173.9,0.3126987,0.015758924,3661,3,11,6
241934.8294380837,3346366.945493525,38471,1,1420.28,38.46589,156.97449,0.004457496,14.141077,9.827499,1273.554,10904.614,57438.496,53237.35,0.37609693,-0.022721538,3661,3,2,6
247357.39368018333,3346674.045575425,38501,1,940.63934,29.59712,166.86597,-0.014567351,10.508663,9.851562,1166.444,11616.82,56150.465,56190.047,0.43306535,-0.10035045,3661,3,11,7
247435.64248999595,3346681.873814548,38408,1,977.8502,20.694397,153.43494,-0.01657576,7.319989,9.851562,1164.8926,11648.176,56129.64,56232.035,0.503478,-0.18417166,3661,3,11,7
242311.98925766355,3346852.9745747983,38489,1,1500.6146,32.942806,99.46231,-0.0009950445,12.103571,9.609168,1278.6858,11352.225,56884.98,53052.074,0.479761,-0.13418083,3661,5,2,5
242377.86771181275,3346882.6498799077,38472,1,1496.6273,33.336487,139.76364,-0.011981098,13.033972,7.8437786,1278.2047,11378.58,56842.33,53061.18,0.34532535,0.005981725,3661,4,2,6
242379.92697599143,3346952.7947399854,38473,1,1485.9773,35.109547,181.39719,-0.0040286197,12.887258,8.9530525,1280.0829,11448.467,56774.098,53003.438,0.3550059,-0.015743699,3661,4,2,6
248585.00559456856,3347124.839991309,38127,1,1153.4678,30.715685,181.78992,-0.0038249295,11.680935,9.251312,1146.6345,10821.626,55548.086,56616.676,0.22663358,0.10168143,3661,3,2,6
248543.97583223207,3347180.082162061,38128,1,1144.5681,29.409853,207.4076,0.0032004372,10.558835,9.839366,1148.4393,10840.295,55493.17,56544.965,0.33352795,-0.0071163694,3661,3,2,6
241711.47891884836,3348099.1114158183,38490,1,1307.32,27.075975,357.8789,0.0034204223,9.495724,10.587367,1326.7012,12648.023,55807.812,51681.875,0.35911548,-0.021200826,3661,4,11,7
241715.81534781205,3348251.3043387886,38508,1,1338.5388,25.050724,315.0,-0.001854202,8.331069,9.854793,1330.9316,12797.227,55662.168,51558.418,0.17713225,0.15588239,3661,4,2,7
247193.22970966372,3349484.1200455124,37691,1,757.7692,34.556057,294.56717,-0.0021116298,12.675357,10.165194,1218.6418,11681.798,53391.72,53915.047,0.4378285,-0.1102377,3661,3,2,7
238307.4833539568,3337634.7923406875,37433,1,606.23645,26.21736,252.25534,-0.011100564,9.165385,9.851562,1048.8799,4233.8164,66794.3,59021.258,0.32301393,0.026621299,3671,3,2,7
239668.5593007241,3338291.903411528,38584,1,788.95703,31.877712,283.627,0.005050787,11.772053,10.236971,1064.6194,3830.2087,65824.41,59044.645,0.42449126,-0.087118626,3671,3,2,5
239838.38183892128,3338474.824365357,37695,1,810.5538,25.877682,205.70998,-0.016374156,9.749122,8.576708,1069.351,3875.0613,65609.76,58963.97,0.451431,-0.117858805,3671,3,2,7
239854.54146728275,3336633.671656056,37437,1,482.6355,34.846256,203.80594,0.001563763,12.827121,9.752647,1012.5944,2429.9177,67396.41,60607.695,0.40058553,-0.053413194,3671,3,2,6
239859.36579493465,3338425.8702972354,37696,1,800.8915,34.254723,228.23972,-0.003887008,11.712921,8.999626,1067.7028,3822.5647,65653.766,59017.535,0.41699067,-0.07457806,3671,3,2,7
239957.79053938852,3336940.248746606,37435,1,590.1024,27.632751,239.74356,0.00065912865,9.587649,10.396676,1021.88464,2603.1711,67071.84,60377.08,0.48223844,-0.15519537,3671,3,2,7
239937.0267919093,3338151.6140008983,38585,1,745.15686,35.460545,198.43495,-0.0009064815,14.094233,8.097072,1059.0012,3556.248,65898.055,59293.773,0.34679177,-0.0026981197,3671,3,2,6
244797.9122798576,3338914.160743821,38086,1,1181.4398,25.345594,15.068481,0.01422525,9.175531,10.775942,1051.7413,3475.4136,64205.08,61055.9,0.2369751,0.11833542,3661,4,11,3
244833.228312364,3338883.320872743,38087,1,1167.3615,23.29749,14.62088,0.014261471,8.552411,11.095932,1050.838,3452.5354,64228.316,61102.555,0.33932456,0.013501238,3661,4,11,3
245004.049730788,3338834.2036040104,38106,1,1055.8325,33.055935,4.7636414,-0.010159467,11.889287,8.4144335,1048.6837,3437.3535,64250.867,61235.293,0.47667313,-0.14627497,3661,4,2,6
245070.64980246732,3338608.219175032,38104,1,1162.0919,32.867023,54.637543,0.0062914286,12.135364,10.053012,1043.6273,3240.7563,64457.297,61458.81,0.2975083,0.061503943,3661,4,11,5
247943.43402542887,3338898.042186641,38605,1,674.54877,42.273792,297.69946,0.0048481696,17.785452,8.9032,1030.6305,5045.84,61875.734,62792.516,0.11014816,0.20386691,3661,3,11,9
249290.083461093,3338117.0549515267,38640,1,711.5182,41.477,339.71744,0.0052517243,15.877545,9.734561,1011.4018,5698.4297,60775.89,64197.535,0.36103705,-0.02914886,3661,3,11,6
250098.53629976715,3338976.1251672967,38046,1,1184.6473,31.948975,244.17902,0.00601553,11.430049,10.0114975,1016.663,6820.535,59775.242,63977.7,0.19081074,0.13563918,3661,3,11,5
250154.0524213765,3338962.1536736754,38362,1,1190.9623,35.408627,263.65982,0.005951064,13.207072,10.357867,1016.12415,6867.0806,59719.684,64021.15,0.25676778,0.07662022,3661,3,11,6
236735.8059716291,3357205.583903565,38667,1,1418.8499,14.55822,203.19861,-0.02667071,5.676818,9.851562,1401.3505,20793.184,48248.85,41376.41,0.27799094,0.06508333,3661,3,2,10
237367.8545832008,3359420.3688819385,38588,1,1535.7778,16.551077,353.29016,-0.013807662,5.454536,7.121274,1361.747,19460.742,45941.35,39992.98,0.24956784,0.09586119,3661,3,2,9
237424.03729912604,3359426.5668730247,38571,1,1520.2269,16.290928,309.80557,-0.014711011,5.9232345,9.851562,1360.7594,19404.947,45914.72,40022.664,0.21126857,0.11906288,3661,3,11,9
237644.212941532,3355608.237539143,38668,1,1639.8112,38.75142,341.1753,-0.002632045,13.917099,10.036712,1405.3535,20230.178,49501.016,43197.973,0.36269167,-0.024828624,3661,3,11,7
237654.86915936336,3355399.661571475,38669,1,1565.1501,32.706184,338.49857,-0.0013505433,12.466222,10.154983,1407.7534,20273.543,49699.656,43374.36,0.35919634,-0.022357797,3661,3,11,7
237826.3214268619,3351563.642117684,37662,1,977.4655,39.682133,147.09476,-0.012265732,14.803745,7.7802534,1450.4597,16748.64,53351.04,46642.203,0.1426591,0.19023505,3661,4,2,10
237935.12761533083,3351727.9520208207,37720,1,1037.4858,29.278816,190.88554,0.0032465279,10.704026,8.836042,1445.732,16883.424,53158.383,46560.03,0.31275246,0.036237147,3661,4,2,9
238147.5440485229,3351659.5918657784,37784,1,1186.5989,42.455578,191.30994,0.0022865033,16.155706,10.411807,1441.364,16762.13,53172.312,46733.953,0.19799222,0.14465624,3661,4,2,5
238442.66680907705,3351466.735604769,37785,1,1388.5266,41.876656,181.02304,0.0057584257,17.224514,10.818709,1436.0527,16504.959,53280.996,47058.03,0.40352795,-0.07129892,3661,4,2,3
240500.46667378943,3366053.1494090403,38589,1,2153.7117,25.829527,214.99203,-0.0012489746,9.461331,10.669113,1257.5828,13698.193,38678.95,37360.73,0.26254442,0.060759436,3661,3,11,7
240720.19615502836,3354389.882354868,37820,1,1651.857,37.81375,228.94519,0.004888616,14.076937,9.814603,1356.0344,17665.045,49910.49,46016.684,0.2822578,0.05816717,3661,3,2,6
241875.31059006808,3354176.073601669,37692,1,1858.2662,30.7484,283.24054,-0.006423416,10.943926,8.981582,1333.3191,16668.516,49884.105,46910.453,0.34509286,-0.01633262,3661,3,11,7
245342.3966847956,3352413.8983084466,38027,1,1397.8644,38.251408,245.55606,0.012408418,13.679334,11.034286,1263.7885,13378.613,50816.324,50485.293,0.29936105,0.033689324,3661,3,11,3
245390.58604475943,3352352.1360818534,37950,1,1374.2559,33.773506,271.97495,0.019472588,12.780399,11.168215,1262.7308,13330.941,50865.7,50563.39,0.22182706,0.10743221,3661,3,11,3
245438.44497618053,3352631.1614642623,38041,1,1420.577,30.272627,350.2176,0.006260514,11.717556,11.161347,1261.3239,13280.185,50583.2,50377.797,0.41396937,-0.07960714,3661,3,2,5
245495.89400044957,3352738.6719682696,37797,1,1389.846,53.679607,327.91782,-0.0032059345,22.972061,10.123199,1259.7688,13216.361,50463.81,50334.25,0.40906236,-0.07960513,3661,3,11,5
245581.6695281104,3352560.915041381,37895,1,1259.6235,45.526596,326.30994,-0.0026038683,18.570833,9.997701,1257.9884,13133.26,50623.65,50529.062,0.41385654,-0.08087211,3661,3,11,6
245694.51530876628,3354267.357477648,38532,1,927.9279,27.83873,255.96376,-0.0004219465,10.207433,9.923064,1253.0592,12957.816,48923.715,49326.688,0.39633754,-0.054127302,3661,4,11,9
245768.58369278384,3354259.3547337973,38533,1,929.7429,40.27539,267.39743,-0.0012436098,15.29973,10.096846,1251.6227,12888.212,48920.19,49381.344,0.42791817,-0.08691101,3661,4,11,9
245786.09709122023,3365251.603389004,38383,1,1881.5928,46.011013,302.8557,0.0064103324,18.652132,10.892096,1232.7657,9230.06,38182.387,41959.027,0.20404042,0.120698325,3661,2,11,6
245883.61720935075,3360091.915662272,38595,1,1314.1515,21.340431,281.30994,-0.009769302,7.9950433,7.438433,1241.0822,11360.502,43184.824,45344.293,0.3613548,-0.035697464,3661,5,11,7
245944.1276594537,3354209.411382718,38534,1,959.51764,39.899937,225.0,0.0025313576,15.417523,9.966987,1247.9487,12710.235,48935.453,49539.93,0.4781745,-0.14088814,3661,4,2,6
246126.6442039773,3354152.3442126485,38550,1,930.7296,36.890854,277.12503,-0.0029157568,13.93279,9.851562,1244.2611,12532.969,48961.254,49706.062,0.38550988,-0.051019695,3661,4,2,9
246349.8290917962,3354203.7842391394,38535,1,1004.7715,30.26174,268.1524,0.002208035,11.0586815,9.085039,1239.6464,12310.987,48872.406,49819.016,0.26425472,0.07028814,3661,4,11,7
246458.68497471203,3352832.5282549555,38483,1,1042.1759,34.688015,4.513977,-0.0036541282,13.027604,8.695968,1237.8899,12253.734,50202.11,50903.754,0.45994964,-0.13241218,3661,4,11,6
236564.6705521634,3370363.6188651025,38572,1,2205.2668,37.72959,210.96376,-0.0019289246,14.252828,9.237246,1215.3452,14388.398,35892.4,31563.887,0.26525238,0.060548782,3661,2,11,6
237704.0736488361,3376315.0086587835,37667,1,1956.8168,25.12043,202.61987,0.009731832,9.083318,11.387904,1135.8344,9523.094,29990.5,29094.992,0.39406016,-0.07062285,3661,2,2,5
238042.59564122924,3371613.8728792486,38484,1,2173.7422,32.662846,282.5288,-0.007932753,11.893556,8.395941,1199.9468,12454.365,34178.684,31950.352,0.22187363,0.10792779,3661,2,11,7
239834.94409501625,3375449.1548359934,38557,1,2062.2153,25.259636,271.97495,-0.006633142,8.713328,9.221141,1163.296,8527.678,29952.166,31373.518,0.30765694,0.027988056,3661,2,11,6
242541.61870211855,3374428.547752013,38412,1,1707.8068,39.712517,258.9298,6.195076e-05,15.199998,9.880324,1190.9124,7226.673,30070.012,34240.844,0.30892813,0.016866913,3661,2,11,5
242610.05151685412,3372738.500258548,38410,1,1542.8973,52.439003,335.62354,0.0022596514,23.917631,10.812447,1202.8553,8006.5283,31667.715,35125.07,0.3307155,-0.0030331088,3661,2,11,5
242608.1657162352,3372790.255164072,38411,1,1559.6053,47.900684,353.4537,0.0039738407,20.386332,10.380333,1202.5157,7982.042,31619.797,35099.586,0.36273745,-0.03973498,3661,2,11,5
243094.19479506044,3376963.043340034,38519,1,1319.7781,24.10443,164.35773,-0.008381119,8.473732,9.851562,1178.3799,5110.3228,27493.262,33618.15,0.51154786,-0.18687628,3661,2,2,9
243133.1227447844,3376732.5965699805,38520,1,1436.9662,32.99559,104.036255,0.0020089368,12.38271,10.12104,1180.2262,5239.485,27699.633,33748.96,0.38838536,-0.034123994,3661,2,2,6
243154.59348320565,3376875.2541442188,38522,1,1376.3168,30.542887,133.78113,-0.0036722457,10.720739,9.502962,1179.5311,5127.9336,27560.271,33709.668,0.27186155,0.07442298,3661,2,11,7
243147.11795584552,3373746.102595628,38555,1,1251.108,47.187805,291.6309,-0.001011178,19.929365,9.284669,1198.9213,7045.176,30556.055,35097.703,0.35082263,-0.015461458,3661,2,11,6
244184.84798520416,3374125.854234197,38413,1,1216.5623,46.43973,312.92996,0.003411335,18.03601,10.2883835,1202.7377,5952.4277,29915.088,35835.4,0.35328764,-0.025276959,3661,2,11,6
244254.30389977025,3374175.9122949154,38414,1,1215.082,45.176743,313.06943,0.0011612974,18.566393,9.603888,1202.9214,5866.856,29849.262,35874.5,0.38556013,-0.056587424,3661,2,11,5
244310.611463502,3374237.0702064587,38591,1,1219.912,37.070343,316.0051,-0.0014239231,12.915518,8.763699,1202.9623,5780.1816,29766.617,35895.72,0.3994715,-0.073199645,3661,2,11,5
244405.0031228215,3374110.8471522885,38429,1,1118.6865,39.674477,272.5448,0.0033328328,15.130044,9.4133,1204.0916,5765.5527,29870.688,36035.297,0.3934556,-0.058274012,3661,2,11,6
244427.46890532368,3372513.021183142,38554,1,1362.7776,41.268948,279.8658,-0.006563006,16.598312,8.380496,1211.2017,6586.2056,31420.256,36814.99,0.28296232,0.042864975,3661,2,11,6
244418.28470704265,3374189.0354612176,38430,1,1174.4059,34.673256,274.63547,0.009182212,12.710561,10.551414,1203.7961,5718.0854,29790.652,36007.516,0.368136,-0.04070366,3661,2,11,6
244607.1296412144,3374716.6090299315,38434,1,1176.1448,29.228674,356.30862,-0.0044690003,10.109743,9.851562,1202.7219,5291.578,29230.395,35938.39,0.48043197,-0.1529645,3661,2,2,6
244770.8766775603,3374901.246546769,38451,1,1172.0669,30.04959,201.50143,-0.010014014,10.94509,8.769439,1203.1572,5055.6997,29014.832,36011.69,0.49565694,-0.1705183,3661,2,2,6
244787.102882172,3372505.316713699,38540,1,1371.0901,30.268372,268.09085,0.00860954,12.233143,9.469639,1212.6073,6302.0156,31348.787,37133.51,0.31489795,0.009151881,3661,2,11,6
244785.05623425005,3375031.557146419,37732,1,1207.3619,27.114185,208.44293,-0.0036149195,10.323297,7.805104,1202.709,4982.71,28886.2,35963.996,0.48258224,-0.15730748,3661,2,2,7
245079.62063320557,3373438.2435418377,37731,1,1203.2062,40.87518,14.62088,-0.0030102816,16.776562,8.858761,1210.4487,5522.409,30368.104,36939.285,0.22784492,0.10256679,3661,2,11,6
245046.98435328907,3374267.182868634,38590,1,1049.0684,45.159344,305.78897,-0.003466861,18.568996,9.805039,1207.3357,5130.156,29565.277,36532.926,0.31466028,0.005137432,3661,2,11,6
245119.5148814997,3374416.070081525,38431,1,1144.2938,35.928635,306.8699,0.004954123,12.471082,9.275638,1207.2795,4999.89,29413.156,36533.01,0.39548874,-0.0699632,3661,2,11,6
245238.28824583985,3374360.11392112,38432,1,1041.1462,46.968155,315.70734,-0.002133928,18.75987,9.476319,1208.2146,4920.5894,29435.37,36662.727,0.3503708,-0.021568013,3661,2,11,7
245394.81961993515,3374448.6931200256,38433,1,1039.6158,28.431728,312.27368,0.0039150217,9.709455,8.493626,1208.9476,4737.0137,29312.812,36766.344,0.47862566,-0.15182254,3661,2,2,6
245651.5194812034,3372185.5051620826,38539,1,1354.2103,42.21626,334.9831,-0.00219117,17.082287,9.452219,1216.7808,5790.0347,31482.867,38049.152,0.29408202,0.03973676,3661,2,11,6
245797.14632738288,3375191.634118631,38452,1,1191.7477,33.61444,312.70938,-1.3185087e-05,12.219075,9.658889,1209.6042,4025.0466,28505.16,36808.707,0.3916501,-0.058896795,3661,2,2,6
245768.3956506141,3372512.893922752,38537,1,1374.3798,42.328842,343.7398,0.0034837814,16.376482,11.06125,1216.3325,5505.4883,31137.94,37986.57,0.29275265,0.03488936,3661,2,11,5
245791.9429985448,3372576.3329413706,38538,1,1363.7802,33.354973,342.55283,0.0043525137,12.848385,10.44939,1216.3004,5446.0444,31073.336,37984.312,0.2114118,0.11671345,3661,2,11,5
246517.7041988662,3376640.753509004,38523,1,1266.4042,32.67054,341.07535,-0.0032414643,12.000231,9.252542,1212.5326,2684.7717,26940.723,36888.14,0.41042194,-0.08725379,3661,2,2,6
237620.38152549224,3340122.993483649,37432,1,816.32227,21.883568,221.18593,-0.003553005,7.4924035,8.224245,1138.7787,6538.845,64510.816,56487.56,0.33296317,-0.0009817849,3671,3,2,6
239466.01144228253,3340296.920072026,38126,1,1101.5056,40.26628,130.46222,0.0006720125,15.56886,9.575861,1129.2892,5639.6187,63920.33,57174.42,0.19560039,0.16584672,3671,4,11,6
239454.30656516348,3340431.218592961,38125,1,1045.4086,41.858315,178.89832,-0.0021829326,17.002796,9.769045,1133.5107,5760.113,63796.703,57055.203,0.2176373,0.12973608,3671,4,11,6
235900.6537053966,3340427.1673664995,37434,1,547.2428,28.020622,311.1859,0.004523728,9.502058,9.895011,1164.6781,7905.5674,64606.68,55459.652,0.24316445,0.09969558,3671,4,2,6
236032.54507543065,3340660.787416288,37780,1,577.0687,27.101341,324.4623,0.0028889652,9.611845,9.09625,1172.374,7981.6914,64351.977,55306.867,0.36884156,-0.026578207,3671,3,2,5
239134.36256491483,3341110.12336162,37693,1,882.1287,42.37313,242.90445,0.0038917202,16.918692,8.879334,1158.4331,6511.436,63217.39,56304.797,0.26904353,0.06055702,3671,4,11,6
239534.55328369892,3341188.356410713,37712,1,1005.4556,35.52715,226.04164,-0.004239965,13.698992,9.177909,1156.8823,6404.498,63040.31,56425.707,0.4717189,-0.14034747,3671,4,11,6
239572.99511832208,3341193.955681633,37713,1,1026.4572,32.36479,209.5388,-0.0029728808,12.277733,7.6810393,1156.4667,6387.112,63030.473,56444.957,0.44763848,-0.11120256,3671,4,2,6
241402.1397301624,3342398.0101789394,37714,1,1417.2231,38.66469,285.12402,0.0062307674,14.460429,10.96762,1171.4402,7028.6553,61425.844,56308.15,0.14015983,0.17535917,3661,2,11,5
237653.21742062116,3342430.7790772626,37694,1,684.7571,25.192392,221.63354,0.023259224,10.779219,10.577156,1220.1163,8384.921,62251.61,54444.473,0.16319652,0.16805173,3671,7,11,3
237619.0764644563,3342450.5884991474,38548,1,661.9136,43.464664,177.66272,0.007746129,16.95194,10.038737,1221.3297,8422.903,62241.156,54408.203,0.0933854,0.22885385,3671,7,11,6
237611.04639094928,3342475.2242125478,38549,1,662.3328,42.259613,177.66272,0.0062531857,16.683949,9.645764,1222.0398,8439.935,62221.676,54390.484,0.10178724,0.21534796,3671,7,11,6
237602.229039876,3342492.865114288,38547,1,652.0964,38.827835,185.31456,0.003434138,16.629757,9.247877,1222.8768,8462.21,62204.457,54368.125,0.13730879,0.18099925,3671,7,11,6
237594.1919409572,3342591.122353055,38563,1,664.3017,39.686935,210.06859,0.00081307633,15.472573,8.476859,1226.5586,8552.76,62109.33,54274.902,0.1599859,0.18864068,3671,7,11,6
237582.0147588553,3342678.739337353,38564,1,685.48926,24.684126,143.74615,0.022083348,10.726064,10.578237,1229.8892,8634.958,62023.945,54190.555,0.12028632,0.21733864,3671,7,11,5
237578.86649547308,3342716.066893972,38565,1,668.5612,39.992764,137.56378,0.0125365695,16.40927,9.82128,1231.0878,8665.824,61997.008,54159.344,0.11337805,0.20935896,3671,7,11,5
237591.89672593583,3342760.5103988587,38566,1,640.81006,43.038437,122.125,0.0015402631,18.233557,10.421393,1232.6036,8698.506,61943.77,54124.395,0.15827933,0.17707835,3671,2,11,5
236092.6113535831,3342804.6344381445,37648,1,777.0684,28.664436,270.0,0.0019755699,10.266566,9.5547905,1253.8586,9581.884,62263.043,53406.645,0.3276391,0.010730791,3671,3,2,6
236281.60365964065,3342818.2557959496,37633,1,804.8106,33.35584,242.10272,-0.0073917126,11.478539,8.253818,1252.1189,9482.035,62196.484,53473.336,0.21831086,0.11717426,3671,3,2,7
237604.43705649828,3342936.0703798635,38567,1,614.879,15.239204,201.80142,0.0034866652,5.3072643,10.202288,1238.516,8840.102,61775.957,53978.67,0.2918103,0.048280764,3671,7,2,9
237426.9282939008,3342966.2505451683,38583,1,610.375,36.288776,329.03625,-0.002656427,13.570764,9.646302,1242.0284,8957.371,61788.043,53868.273,0.23901518,0.09515439,3671,2,11,9
237399.0464472101,3342997.688526556,38568,1,648.19604,41.380993,349.38034,5.3971442e-05,16.795668,8.730246,1243.8745,9007.108,61756.055,53818.914,0.30991772,0.028787619,3671,2,11,6
237083.83132455175,3343396.07575802,37650,1,830.1607,29.491861,24.904755,-0.00038936376,10.257986,9.523768,1262.3679,9501.295,61449.625,53329.625,0.39830238,-0.061599795,3661,2,2,6
237811.06683618604,3343535.294580317,37746,1,645.38055,43.401367,325.98065,0.0018624251,17.617706,7.401851,1256.7859,9266.655,61143.926,53548.234,0.19885336,0.13312648,3661,2,11,5
237810.1857541876,3343576.2748276866,37745,1,675.4005,46.34675,322.4314,0.004586554,19.016777,8.055618,1258.3425,9306.825,61107.234,53508.28,0.14942156,0.17251676,3661,2,11,5
237851.3789214294,3343647.325872337,37762,1,654.11334,45.003292,358.72696,-0.004146036,20.833853,8.895156,1260.4156,9355.709,61017.977,53461.684,0.21611409,0.10815644,3661,2,11,6
237845.37239343868,3343734.5645554382,37763,1,735.4538,60.66242,335.0261,0.004496983,34.903503,10.392293,1263.379,9431.739,60942.336,53386.582,0.22308676,0.10647204,3661,2,11,5
237859.7573306989,3343808.333276011,37764,1,720.0438,51.45177,348.3407,-9.2109425e-05,23.782133,8.619742,1266.0413,9498.82,60862.152,53321.05,0.27763832,0.05302369,3661,2,11,7
237038.1330055114,3344663.533360945,37632,1,981.4142,33.273293,300.65067,0.009869489,12.56892,10.014301,1309.7592,10629.412,60228.87,52183.613,0.33950788,-0.0009834837,3661,2,11,5
237280.3919253215,3344799.9253095505,37487,1,974.2852,33.05119,293.6294,0.00034271626,12.628599,8.003482,1310.6477,10639.215,60032.65,52179.03,0.374465,-0.041655153,3661,2,11,7
237682.8526640548,3345051.042184823,37649,1,1048.8492,40.102036,298.30075,0.00023570137,15.752206,9.486986,1312.71,10684.892,59694.9,52152.242,0.29004925,0.039311588,3661,2,11,6
233414.2836849529,3375607.50588587,36022,1,1414.5043,37.233784,281.04095,0.00074252876,14.632476,9.274708,1204.3691,13299.631,32604.094,25852.328,0.35586295,-0.037636902,3661,2,11,6
233521.98315735275,3376943.711977344,35848,1,1494.8838,31.227043,190.30486,-0.007514375,11.506948,8.8792515,1182.1989,12502.801,31409.21,25193.557,0.34651574,-0.02156899,3661,2,11,9
233507.1589576869,3375603.1426724265,35978,1,1393.192,38.14505,280.7843,0.0009948286,14.739738,9.5296755,1202.0331,13231.024,32566.924,25931.365,0.35499802,-0.034929972,3661,2,11,6
233584.17190223752,3375934.749511816,35840,1,1561.9003,32.91887,266.63354,-0.0018145398,12.037197,9.619099,1195.0729,12980.034,32242.137,25806.762,0.2824,0.026459962,3661,2,11,5
233760.3798020646,3375872.472077858,35948,1,1537.3417,32.377075,258.36636,-0.0009629231,11.67319,10.198172,1190.9653,12864.0,32202.44,25988.863,0.2832929,0.027759254,3661,2,11,5
233967.9499310049,3376048.6342906025,35873,1,1488.1979,33.32029,17.927917,-0.0002464387,12.365806,9.87049,1182.8296,12597.465,31946.156,26052.197,0.45648506,-0.13167453,3661,2,11,7
233973.12295350045,3376026.7505451,35872,1,1485.7035,32.98278,17.447174,-0.0022039462,11.967753,8.911364,1182.843,12600.39,31958.418,26071.695,0.48308805,-0.16096784,3661,2,11,7
234000.25560850184,3376545.9893990005,35842,1,1478.4775,29.93192,229.39871,-0.004177611,10.1785145,9.503761,1174.6125,12296.08,31503.26,25814.074,0.5220273,-0.20490925,3661,2,11,7
233992.2594932813,3376031.289854616,35874,1,1473.6583,31.642876,17.354034,-0.0029807335,11.468112,8.338359,1182.2897,12583.839,31948.371,26088.252,0.42383337,-0.09797793,3661,2,11,7
234055.14351995056,3375610.540800929,36760,1,1469.9135,35.842102,307.18472,0.002605398,12.773189,10.470071,1186.7317,12775.86,32282.549,26375.332,0.44877043,-0.13415739,3661,2,11,5
234073.6403533339,3373507.8325961563,36665,1,1506.5046,22.716978,16.92752,-0.0025691364,7.936245,9.480802,1216.7347,14091.93,34113.695,27643.172,0.27463835,0.040844575,3661,2,11,7
234066.4551733644,3375570.012410323,36534,1,1443.9725,35.78608,316.0051,0.0014541467,13.269287,10.10951,1187.0375,12791.268,32312.365,26406.383,0.43294227,-0.11715716,3661,2,11,5
234074.4086513556,3375552.860166984,36761,1,1428.5594,34.380844,329.03625,0.0015290955,14.815344,9.384316,1187.0527,12794.976,32324.814,26426.02,0.4302707,-0.10617224,3661,2,11,6
234116.542816358,3375592.141395246,36070,1,1419.7035,42.200485,326.92932,-0.0008254774,16.813736,9.627089,1185.3689,12739.082,32270.285,26436.023,0.34359547,-0.034300793,3661,2,11,6
234146.5956438569,3375848.081106594,36536,1,1458.5466,32.269627,78.023865,-0.0029739237,13.877532,9.844706,1180.7585,12563.045,32029.49,26313.469,0.50939006,-0.19537367,3661,2,11,7
234212.798335744,3375820.503505885,36535,1,1457.7092,52.670937,25.70996,0.012742784,23.91697,11.084245,1179.2618,12523.358,32020.898,26388.219,0.44345272,-0.1313626,3661,2,11,3
234559.32335541755,3373466.8672729908,35781,1,1445.2639,25.827362,190.49149,0.006012634,8.408061,10.580373,1204.3434,13764.331,33927.37,28045.707,0.24522617,0.08563888,3661,2,11,6
234604.91212842657,3373690.579921121,36094,1,1442.7815,30.475529,218.92755,-0.004600728,10.842636,9.337031,1199.759,13579.193,33708.836,27951.117,0.2693793,0.05759978,3661,2,11,6
234662.98519660448,3373355.7203275044,35799,1,1460.3579,36.261948,219.9869,-0.004371406,12.596822,9.7462015,1203.1353,13763.611,33984.305,28206.188,0.3825539,-0.05496173,3661,2,11,6
234674.3810346484,3373599.7064438164,36095,1,1471.5653,34.786343,184.76366,-0.0077144615,13.073593,6.5602946,1199.1869,13588.16,33756.973,28061.396,0.34271067,-0.014799451,3661,2,11,7
234706.1535534,3373235.498759282,36605,1,1455.7604,31.265707,187.35239,-0.0060232566,11.347937,7.582748,1203.822,13814.865,34073.36,28311.5,0.4515615,-0.122363575,3661,2,11,9
234715.52937416776,3373150.45028813,36606,1,1457.8444,25.297525,194.4703,-0.001928568,8.698682,10.237107,1204.7305,13861.096,34140.336,28368.69,0.26257947,0.06117256,3661,2,11,9
234739.5183854907,3373112.156457376,36643,1,1460.494,25.0566,201.16127,-0.00283286,9.037913,9.667582,1204.7806,13873.254,34167.125,28409.121,0.42244017,-0.1018595,3661,2,11,9
234764.20831187925,3373067.060010356,36644,1,1467.2283,28.205359,211.50427,-0.0033441791,10.114467,9.305156,1204.562,13878.188,34189.48,28457.424,0.39622584,-0.077447034,3661,2,11,6
235140.83523761755,3376684.092010582,35996,1,1458.8942,49.848957,308.21103,-0.0014938087,23.007704,9.193301,1140.8483,11267.831,30816.11,26702.113,0.40141156,-0.079034895,3661,2,11,6
235780.58432909197,3371820.174305864,35960,1,1713.8827,18.30736,223.02507,-0.019352162,6.400997,9.851562,1195.8387,13966.049,34871.266,30033.943,0.56737477,-0.26287007,3661,2,11,7
235864.27931865663,3377081.0732085803,36071,1,1497.0323,40.659695,300.57922,-0.003898891,16.309376,10.179276,1114.8105,10448.54,30121.176,27115.627,0.3155125,-0.0029431647,3661,2,11,6
236004.4404725527,3376398.0708117583,35780,1,1638.8663,28.309717,235.30484,-0.0011584342,9.484769,10.008668,1121.1013,10744.766,30658.578,27582.236,0.34527266,-0.029443061,3661,2,11,7
236161.4848942104,3374041.988085673,38503,1,1974.367,26.606153,251.56506,0.004882708,9.531082,10.655875,1158.3452,12190.176,32702.52,29004.092,0.39222857,-0.069688424,3661,2,11,5
236468.31148858735,3376964.0209611086,37654,1,1597.9949,31.099157,210.65068,-0.0045987936,10.860575,9.667181,1115.3861,10037.091,29950.543,27695.758,0.2838716,0.032782882,3661,2,11,7
236492.0973748727,3376852.049157739,38596,1,1624.9305,32.75177,97.907166,-0.0010990906,11.822304,9.829014,1117.3491,10081.2,30035.107,27776.36,0.37495518,-0.03652435,3661,2,11,6
232307.68163138823,3356900.0829781983,36518,1,1186.2493,45.546715,319.02826,0.0010093936,18.774265,10.36042,1500.8204,23697.295,49968.92,39193.695,0.3526542,-0.014231796,3661,4,11,6
235846.4644432255,3357152.40317459,38569,1,1541.8746,29.43784,334.0577,0.00044953413,10.699244,10.620821,1417.5515,21679.504,48556.938,40900.152,0.3183285,0.016937392,3661,3,2,5
236054.5231037478,3359327.768825589,38382,1,1810.9247,38.699776,329.74356,-9.214373e-05,13.907874,9.842907,1381.8751,20619.363,46416.906,39260.215,0.2817977,0.054065935,3661,2,11,5
236092.1614645972,3356914.2090662164,38553,1,1410.5275,34.194782,316.04163,-0.0046733962,12.332097,9.851562,1416.6803,21472.928,48711.65,41240.18,0.13142934,0.1960429,3661,3,2,9
236107.924758672,3359437.995103817,38670,1,1815.4446,37.323643,330.9454,0.0011993439,14.844406,11.478387,1379.5336,20519.807,46296.83,39202.71,0.2918166,0.041417565,3661,2,11,5
236159.6290770795,3358094.3316931995,38570,1,1576.7848,33.927994,310.6013,-0.0040885545,12.154884,9.795542,1398.503,21204.066,47567.227,40315.54,0.31048217,0.03313076,3661,3,11,7
237736.0405080908,3345802.76267751,37744,1,1304.9087,45.508762,301.67548,0.0018140977,18.209818,9.845451,1338.4885,11344.465,58954.227,51522.184,0.38220447,-0.05330846,3661,2,11,6
241319.68262286377,3346073.2449602173,37538,1,1129.3864,36.709927,278.53076,-0.0005981779,13.29462,9.653073,1277.597,10680.641,57874.656,53147.29,0.45343238,-0.1200758,3661,2,11,6
241385.0185622114,3346081.9177197134,37585,1,1132.1903,28.832895,240.52411,-0.010056686,10.8384075,8.746188,1276.4937,10681.873,57848.363,53177.03,0.37157366,-0.035270173,3661,2,11,7
241234.8483333626,3346097.5179504887,37584,1,1149.292,22.960842,264.80557,0.011303092,7.7067847,10.477139,1280.0529,10720.341,57864.57,53078.613,0.3523357,-0.02182191,3661,4,11,5
241459.29157352468,3346144.163393738,37631,1,1185.5316,31.454031,242.65013,-0.0026669635,11.400314,9.645033,1276.8127,10732.726,57773.547,53164.97,0.34665775,-0.016195567,3661,2,11,6
239331.36760338023,3346193.744404252,37630,1,1175.7998,39.671516,268.83087,-0.00016692538,15.589005,9.258595,1320.6366,11170.39,58215.074,51993.695,0.24025802,0.08718521,3661,2,11,6
239682.13116324643,3347334.1214513653,38546,1,1392.7344,32.796318,284.82648,-0.00021407733,12.139371,9.768635,1350.0839,12191.493,57026.855,51207.742,0.00082592195,0.33104697,3661,2,11,6
240266.89308889423,3347437.3880001763,38545,1,1298.9651,34.45845,333.43494,0.0069110286,13.239162,10.095171,1340.6437,12185.828,56799.88,51426.7,0.32058915,0.00023522506,3661,2,11,5
239879.70139430216,3347498.4349131854,37670,1,1429.1985,38.184677,288.43494,-0.0034410858,14.746756,8.170837,1351.2609,12318.137,56820.88,51165.773,0.06954237,0.27366158,3661,2,11,6
240272.90181258647,3347524.3629323207,38275,1,1319.3672,41.25962,332.4027,0.004846972,16.8352,10.105912,1342.8909,12262.891,56719.5,51364.914,0.27765158,0.064255275,3661,3,11,6
240284.9104956704,3347574.832520683,38512,1,1312.8386,44.84135,355.7636,-0.0016862721,19.187317,8.803119,1344.2094,12310.438,56668.51,51328.355,0.2548814,0.09120625,3661,3,11,6
240268.26987723188,3347811.852854094,38528,1,1365.7336,34.945362,340.14478,-0.0033837333,13.867801,9.826673,1352.0837,12550.351,56437.48,51116.137,0.27821544,0.05082177,3661,3,11,7
241061.0609133585,3347830.743175766,38511,1,1305.6836,22.454378,305.83765,-0.00435464,8.641591,9.716133,1334.1816,12458.058,56228.21,51540.06,0.38301474,-0.049985778,3661,4,11,6
240350.8983959782,3347849.5558667667,38529,1,1324.5261,28.189259,303.11133,-0.00959598,10.05172,7.127853,1351.237,12574.936,56380.156,51131.766,0.24055298,0.12621383,3661,3,11,7
240458.8987084713,3347868.8747059493,38531,1,1318.2595,32.79224,279.21103,0.0015800118,11.784458,10.877647,1349.532,12578.943,56340.547,51169.797,0.27330473,0.092910275,3661,3,11,7
240335.7468446413,3347887.1887350613,38530,1,1343.0588,23.36983,309.80557,-0.012288567,8.315477,9.54346,1352.9326,12617.646,56344.996,51087.344,0.27275094,0.089099206,3661,3,11,9
241181.0076237752,3347926.6818373897,38510,1,1323.0232,40.522835,293.80594,-0.0033170418,15.6725645,9.235777,1334.3174,12542.443,56101.57,51523.945,0.40507326,-0.07689798,3661,4,11,6
241617.00682219944,3348029.350801006,38509,1,1318.2903,33.064686,277.12503,0.002800656,12.3097515,10.359461,1327.0898,12589.21,55899.742,51682.93,0.3098986,0.022758638,3661,4,11,6
241706.3774315973,3348154.1353994347,38491,1,1313.73,19.744051,336.0375,-0.009968432,6.7981358,8.334839,1328.3496,12698.791,55761.656,51635.03,0.40720075,-0.080665894,3661,4,11,7
229985.8647904076,3366731.337422479,36725,1,1311.2239,32.56266,168.36633,0.002743904,12.021862,8.739994,1419.3467,21681.617,42021.75,29699.377,0.3825899,-0.047135957,3661,3,11,5
229341.6376713612,3366753.321335012,36700,1,1324.3816,34.081146,338.83875,-0.008542764,12.30608,8.149932,1435.278,21987.918,42313.402,29308.543,0.33116537,-0.0063580805,3661,3,11,6
229872.04494979227,3361189.465777773,35750,1,1548.4459,19.091429,284.03625,-0.023544729,7.651817,8.877307,1497.6499,25013.525,47009.336,34264.14,0.3200012,0.02355541,3661,4,11,9
229593.6439133065,3361232.4851378454,35749,1,1636.2113,26.87528,280.88553,-0.0064642383,9.152452,9.266374,1503.8063,25215.762,47096.055,34087.61,0.3218273,0.027528973,3661,2,11,7
224750.6588287121,3362666.5297271786,36621,1,1030.2808,47.977882,340.4077,-0.00033081838,20.055996,10.503104,1601.6907,21782.498,48158.68,30597.543,0.39142448,-0.055064097,3661,4,2,6
225908.2859205739,3363380.437219842,35748,1,823.1255,30.089403,347.00537,-0.0035021983,10.863966,9.203892,1564.8292,21913.125,46954.61,30442.05,0.16593751,0.16518795,3661,3,11,10
225927.3413183741,3363428.476065529,35747,1,821.3869,29.683346,319.08563,-0.00970472,11.294354,8.401604,1563.7081,21886.902,46901.44,30406.148,0.1747035,0.15345424,3661,3,11,10
226503.36561305937,3363715.390667435,35746,1,853.0196,30.86112,334.7989,-0.004420382,10.928117,9.267144,1545.9482,22044.549,46364.46,30420.3,0.20229816,0.13151857,3661,3,11,9
227114.20976847227,3364008.0437200186,35745,1,1029.8342,46.633205,137.1211,0.0039272667,18.433233,10.175521,1527.1072,22225.21,45797.914,30445.047,0.28511333,0.07599308,3661,3,11,6
231639.5815341004,3364308.585334369,36506,1,1318.1451,43.1492,238.24051,-0.0014750027,16.924036,8.912614,1411.5609,21769.248,43434.3,32626.678,0.35582483,-0.03251125,3661,3,11,7
227776.8666320029,3364901.040517576,36746,1,989.5824,27.93537,303.17853,-0.0032739171,9.697584,8.578525,1499.2087,22040.773,44697.26,30002.033,0.34551454,-0.017980315,3661,3,11,7
227906.1206833532,3364908.281944697,36747,1,994.30054,33.428905,263.4802,0.0009900283,12.381399,9.000442,1495.8494,22126.32,44623.98,30060.314,0.27405208,0.051709685,3661,3,11,7
226714.0047329801,3364967.106244724,36623,1,1264.145,28.454426,237.99463,-0.00059446116,10.081932,10.622765,1524.625,21249.79,45174.535,29411.535,0.31419387,0.010819048,3661,3,11,5
228500.5373714984,3365171.516197984,36743,1,1202.0729,24.990196,332.4472,-0.0037390182,8.908325,9.16158,1477.494,22380.566,44102.39,30154.14,0.21134678,0.11329238,3661,3,11,6
228372.5476012268,3365200.9288268345,36727,1,1291.9736,34.65877,315.0,0.009952793,13.610116,10.622659,1480.3347,22265.035,44139.86,30059.475,0.39337376,-0.07043481,3661,3,11,3
228487.4121622936,3365338.4318002607,36744,1,1257.956,22.828362,330.9454,0.0005486779,8.183384,9.661851,1475.7367,22250.434,43963.906,29999.842,0.3331204,-0.004189528,3661,3,11,6
228496.26437191688,3365388.084879568,36745,1,1260.3445,20.114397,344.4759,-0.004989016,7.14821,10.155323,1474.8237,22223.969,43915.426,29963.025,0.3710054,-0.039739262,3661,3,11,6
229322.3817723828,3366282.9866491808,36698,1,1286.8518,34.299057,272.86243,0.005076374,12.295126,10.712426,1442.1112,22267.488,42733.69,29681.8,0.2495005,0.07069196,3661,6,11,5
228967.41403220623,3366302.4424969875,36697,1,1293.4521,23.448877,294.44397,-0.009865021,8.70707,10.450701,1450.9137,21977.594,42891.895,29461.406,0.2377871,0.08775167,3661,3,11,9
229782.0980511257,3366404.328655346,36726,1,1219.26,27.777084,261.8699,0.0021056663,10.043412,10.3604965,1428.89,22051.56,42407.19,29848.947,0.36442786,-0.03362937,3661,3,11,6
229301.4030777736,3366553.3403567085,36699,1,1352.5762,33.54498,353.4802,0.0005947412,12.4672985,9.552358,1438.9816,22081.57,42507.47,29448.943,0.42338672,-0.09930171,3661,3,11,6
226538.99807212723,3359476.1076507345,36622,1,1343.1993,29.709679,199.09349,-0.007888336,11.635991,8.54626,1599.5981,25424.79,50050.035,34245.52,0.24760284,0.08944872,3661,4,11,6
227156.45273107092,3357030.9093096703,36521,1,851.8421,46.916878,215.07376,-0.00074975466,19.155052,9.759122,1616.8301,26352.93,51940.527,36726.48,0.27454683,0.06706736,3661,7,11,6
228987.8994164221,3360651.762528888,36478,1,1576.0559,16.945423,337.61987,-0.0071591428,5.395562,10.295174,1526.2052,25981.812,47884.53,34290.35,0.14730927,0.17847826,3661,3,11,9
229255.2963501613,3360911.01307428,36178,1,1728.2793,35.648815,260.13422,0.007075073,13.900786,11.347742,1516.2684,25679.178,47532.36,34195.35,0.3296191,0.0062421835,3661,3,11,3
229739.92082487824,3361087.667376946,35751,1,1575.7903,38.663517,262.23483,0.0040591233,13.512133,10.761324,1502.3633,25185.568,47160.586,34279.156,0.24981622,0.0919798,3661,4,11,6
230181.38698890197,3359836.0840469818,36477,1,1217.068,29.719637,357.9546,-0.0074619595,10.946474,8.012485,1508.9338,25581.246,48104.516,35594.562,0.33016846,0.005489725,3661,3,11,9
230185.60580032185,3359736.277923305,36754,1,1241.6575,40.47739,34.07718,-0.0016964161,16.226515,10.509772,1510.3099,25642.973,48195.234,35681.215,0.43713924,-0.101232275,3661,3,11,6
223292.92009472995,3377244.887108802,35591,1,1144.0665,48.98485,276.3402,0.002503098,21.656912,10.956912,1463.5448,11620.728,37590.477,17288.91,0.3563327,-0.036997985,3661,3,11,5
223482.67401168728,3377280.9130951534,35592,1,1145.7522,40.923763,270.0,-0.0020467683,15.599786,8.854245,1457.7762,11792.955,37427.355,17378.508,0.31840512,0.010900753,3661,3,11,7
223535.52882413956,3377271.439479052,36730,1,1137.8707,38.273243,270.0,-0.0031900676,14.429621,7.0500617,1456.5012,11843.817,37398.957,17418.143,0.3337498,-0.015286624,3661,3,11,7
223891.71204375263,3377272.588713128,35593,1,1172.0789,51.89907,332.31894,0.0071448046,23.728958,10.5947275,1446.4661,12191.309,37144.74,17650.555,0.31403282,-0.001341094,3661,3,11,5
224348.41292305096,3376502.6833764543,36614,1,1342.2604,37.86601,53.673187,-0.0036289133,13.686496,8.899967,1443.2231,12839.82,37385.047,18528.576,0.3066924,0.03533831,3661,5,2,6
225500.0139636176,3376139.1218717867,36615,1,1601.381,31.613829,41.185913,-0.008558325,10.722568,9.618247,1415.8264,14044.832,36872.24,19556.084,0.4023802,-0.08243641,3661,5,11,6
227545.88323193067,3375855.277675538,36632,1,1401.4281,30.557539,31.504272,-0.0017376437,10.924822,9.79214,1362.9279,16089.702,35765.85,21186.285,0.3394185,-0.013840317,3661,3,11,7
227576.33295467665,3376066.968159337,36616,1,1341.6663,37.392212,22.036224,-0.0007676878,14.524634,9.284886,1359.262,16057.621,35576.11,21054.703,0.4109749,-0.08233719,3661,3,11,6
227580.35517271704,3376358.309468741,36633,1,1301.9653,35.021015,1.5074463,0.0013551569,14.159851,6.541845,1355.244,15991.354,35345.332,20862.072,0.40052256,-0.071357615,3661,3,11,6
228329.95365999328,3377129.34855232,35613,1,1267.2383,38.992928,250.25317,0.000566287,15.426504,8.060986,1324.6719,16538.516,34280.68,20900.379,0.32215777,0.0046697715,3661,2,11,6
229070.98057530465,3376688.369791394,35852,1,1201.7585,32.819992,238.49573,-0.0021551305,11.391478,8.76783,1309.5809,16580.836,34157.027,21757.373,0.33396086,-0.013883844,3661,2,11,9
230087.50610564923,3376507.6362621547,36634,1,1236.7275,31.024643,261.8699,-0.0014244852,11.269717,10.258072,1283.9315,15755.336,33691.617,22653.006,0.3608182,-0.033221487,3661,2,11,6
230201.52502752468,3376598.707401799,35614,1,1335.0035,55.282543,246.44774,0.0019236071,26.173048,10.349395,1279.3794,15607.754,33548.062,22690.96,0.22545405,0.092054665,3661,2,11,6
230357.63029763935,3376631.239580138,35615,1,1355.6041,34.248913,295.86636,0.0032597175,14.154786,11.253867,1274.8029,15460.175,33435.36,22790.402,0.48747766,-0.16431496,3661,2,11,6
230400.4446601317,3376990.45583177,35627,1,1415.4321,25.617054,349.2157,-0.0115880985,10.198001,8.896395,1268.5162,15254.458,33115.344,22610.373,0.55497456,-0.24317932,3661,2,11,9
230505.5548190065,3377119.9041414545,35839,1,1440.9408,17.934078,278.1301,-0.016747067,5.941007,9.700457,1263.9559,15106.929,32951.363,22612.027,0.5720486,-0.26474854,3661,2,11,9
230560.30443483972,3377282.08784922,35630,1,1516.6035,28.635063,273.9452,0.004390391,10.574776,10.342737,1260.0985,14982.473,32786.97,22564.867,0.22820838,0.09976213,3661,2,11,7
230588.22263236367,3377304.106554748,35629,1,1525.9482,30.73817,268.1524,0.00534677,11.123453,10.187479,1259.2664,14955.738,32759.002,22569.13,0.09407368,0.22828439,3661,2,11,6
230651.71211549125,3377322.092590108,35628,1,1531.4026,31.253448,285.70865,-0.000894437,11.614481,9.804038,1257.0352,14884.045,32701.377,22613.785,0.28487328,0.041676734,3661,2,11,7
231064.94130966443,3376867.5968532604,35810,1,1519.3502,34.855507,306.57303,0.0027087051,12.791765,10.265953,1251.7568,14717.803,32826.285,23210.623,0.20519793,0.1214682,3661,2,11,6
232682.15123907145,3372876.2990582427,36635,1,1713.953,44.171562,343.90918,-0.005134919,18.050762,8.918272,1263.4036,15556.156,35341.85,26984.592,0.33961523,-0.025981613,3661,2,11,7
232722.4959868027,3372900.552430626,36655,1,1697.4023,39.730076,317.64255,-0.0049879374,15.175394,8.860807,1261.9022,15506.273,35296.086,26994.934,0.3284444,-0.015671525,3661,2,11,6
232833.5999209445,3372980.8907244457,36653,1,1683.2333,36.403763,306.25385,0.0010271211,13.9794,11.166637,1257.806,15370.732,35172.465,27025.469,0.38852778,-0.07766117,3661,2,11,5
233053.65863465768,3376196.085624093,35841,1,1617.585,31.928822,268.26428,-0.001781688,11.360015,9.518201,1206.0072,13287.987,32294.293,25223.332,0.28124833,0.012662631,3661,2,11,6
233119.59975851816,3373322.2283548494,36654,1,1644.6276,26.630728,320.7106,-0.00906446,8.571986,9.586543,1245.4055,14936.753,34739.055,27018.4,0.5239688,-0.2105743,3661,2,11,7
233139.99877762733,3376250.340808824,35845,1,1651.9476,29.59077,257.66092,-0.008494859,10.789199,9.066003,1202.934,13188.457,32201.213,25254.617,0.32013878,-0.015119859,3661,2,11,6
233169.21590073395,3376225.834372423,35804,1,1642.3695,29.063393,225.0,-0.008398188,10.783418,9.377741,1202.5316,13178.467,32211.031,25296.371,0.3638364,-0.061954882,3661,2,11,6
233393.85692158,3377136.166887641,35511,1,1520.9866,28.886887,223.36342,-0.001825058,10.156627,9.761236,1183.0981,12524.416,31316.617,24981.21,0.456257,-0.14235537,3661,2,11,9
273728.7078645531,3387625.394726193,46086,1,1505.5873,31.712757,17.354034,-0.002321247,11.398125,9.851562,1497.3312,17875.852,18087.842,61405.297,0.4721802,-0.14450847,3661,1,2,6
271545.08020171337,3387674.788495768,46035,1,1957.9401,25.517496,192.99463,-0.009194505,9.125128,8.83283,1458.384,16984.375,17104.95,59225.523,0.33991975,-0.0049421964,3661,6,2,7
271488.9887703025,3387715.723311867,46034,1,1960.4122,30.760073,288.43494,-0.0094869435,10.9075,9.100164,1456.8754,16926.695,17045.25,59163.594,0.37732202,-0.046127047,3661,6,2,7
270982.04302921257,3387724.835379281,45958,1,1967.8567,26.738337,209.4759,0.001999981,9.38264,9.476934,1447.9639,16756.912,16853.926,58663.715,0.31014252,0.013390846,3661,6,11,5
270948.8262355745,3387740.828425752,46051,1,1957.2035,24.193295,211.75949,0.0034287304,8.41509,10.804852,1447.0361,16725.29,16821.176,58622.77,0.29636687,0.025847748,3661,6,11,5
273440.18631506816,3387944.076902504,46102,1,1552.0913,34.252422,58.495728,-0.002541809,12.456808,9.591216,1488.4679,17461.422,17668.348,61100.57,0.22077253,0.10289001,3661,1,2,6
270892.8222223841,3388312.595115913,46052,1,1970.0282,25.50019,291.0375,-0.0047249785,9.026903,8.293254,1439.7891,16168.726,16270.372,58547.184,0.27948153,0.04567198,3661,6,11,7
270965.5858517439,3388343.007403974,46053,1,1984.7952,26.238768,236.30994,-0.014756188,9.582749,9.851562,1440.6761,16162.403,16267.625,58615.934,0.41964665,-0.08521817,3661,6,11,9
269455.84566125897,3388581.599029718,46070,1,1970.532,30.044567,36.46924,-0.0024900238,10.772739,10.501352,1411.7014,15461.284,15552.443,57097.9,0.33991155,-0.028605036,3661,6,11,7
270151.5885819612,3388711.7765095485,46054,1,1969.196,29.442728,163.81079,-0.00021132949,10.515693,9.366988,1422.4625,15558.023,15641.362,57792.906,0.30942455,0.029331967,3661,6,11,6
269316.1314011785,3388746.623176223,46069,1,1998.2623,28.95601,27.474426,-0.003266048,10.246929,9.472707,1407.4258,15256.821,15350.082,56952.035,0.39558977,-0.06523609,3661,3,11,7
269914.2135180243,3388777.6922420394,46056,1,1976.2305,30.664433,301.26373,0.0087499805,10.961562,11.468801,1417.5247,15416.112,15498.416,57550.71,0.25658846,0.0678997,3661,6,11,7
270142.79362293344,3388981.149080306,46055,1,1976.4971,29.53364,176.18591,0.00041221222,10.606009,10.098364,1419.3207,15297.492,15383.004,57774.434,0.47734615,-0.15222624,3661,6,11,7
273485.71593403764,3389230.5153792263,46087,1,1638.4144,38.61766,186.17018,-0.0021043066,14.701728,9.851562,1474.1814,16329.758,16568.926,61106.734,0.36737987,-0.039904106,3661,2,11,6
268571.7991076559,3389651.649073316,46071,1,2282.2954,23.276228,270.0,0.00016272005,7.6741185,10.170523,1384.9922,14172.258,14287.848,56189.08,0.23330973,0.09767436,3661,3,11,6
273262.1766251337,3390512.113644443,46072,1,1746.7164,31.882431,177.79736,-0.0030881881,12.48129,10.198813,1455.4246,15097.6875,15361.645,60870.188,0.45925924,-0.13074736,3661,1,2,6
270163.285997808,3394433.630835946,45886,1,2554.339,28.506863,7.3523865,-0.0066862633,10.051489,5.7685995,1359.8839,10196.401,10405.522,57892.883,0.42777523,-0.0969451,3661,3,2,7
271746.72080755,3395865.5529636736,45906,1,2598.35,28.846516,230.7106,-0.0037709349,9.890612,9.769645,1369.1271,9700.768,9954.643,59577.363,0.15552859,0.17653298,3661,2,11,7
271898.6672210936,3395891.228859761,45905,1,2648.3247,20.573225,270.0,-0.0038867772,6.40235,10.438569,1371.1483,9749.18,9985.855,59729.414,0.22143023,0.11531059,3661,2,2,9
272079.5521962334,3396038.471281416,45907,1,2719.0117,19.96493,267.1376,-0.011878071,6.593672,9.851562,1372.2755,9709.459,9921.34,59922.008,0.14453875,0.19092387,3661,2,11,7
271745.48865757586,3396325.8459082,45908,1,2765.979,21.184761,244.79889,-0.013958984,7.9911532,9.851562,1363.9352,9301.511,9531.574,59619.277,0.03557594,0.29101837,3661,2,11,7
269135.93050004885,3397247.539546721,45924,1,3187.6646,25.583126,272.48956,-0.0011027191,9.311395,8.850297,1313.1548,7209.0845,7458.378,57121.41,0.2186348,0.11632412,3661,3,2,6
276860.9542077064,3387220.1169003723,46124,1,1828.8881,30.699965,297.25534,0.00048220757,11.009299,9.447507,1557.5464,19742.615,19945.738,64561.71,0.29658473,0.015773615,3661,6,11,5
280928.1030632293,3387265.052634532,46181,1,1790.4644,24.42814,160.82098,0.003500235,8.514285,11.424776,1628.6117,21863.965,21987.418,68614.29,0.54017645,-0.2287512,3661,2,2,7
280154.0246253492,3387340.757854504,46180,1,1726.9187,42.51645,303.99646,0.00052378274,16.27276,10.612519,1613.9884,21374.979,21489.084,67841.28,0.40093765,-0.08015994,3661,2,11,6
277371.303600343,3387361.4072448686,46121,1,1712.7676,32.087543,239.85861,-0.004974758,11.621709,9.315235,1564.7787,19875.652,20052.717,65063.742,0.266086,0.054062117,3661,2,11,7
279826.0011674718,3387475.6644846564,46179,1,1802.7386,33.256687,273.36646,-0.00072128087,12.689857,8.107467,1606.464,21084.26,21198.836,67505.414,0.35938233,-0.02963585,3661,2,11,6
276905.6920931947,3387500.6728113247,46123,1,1882.891,37.641003,24.227753,0.005307594,14.336814,9.948541,1554.7406,19519.973,19713.236,64587.348,0.44408798,-0.11564025,3661,2,11,5
277099.97938378534,3387534.4170083813,46140,1,1751.4148,24.999218,14.036255,-0.012620844,8.77354,9.985379,1557.7053,19588.84,19772.68,64775.664,0.15648767,0.15683204,3661,2,11,9
277188.46098538936,3387545.8663623803,46141,1,1757.9489,41.693256,236.97614,-0.004354109,15.268709,9.407965,1559.1617,19624.812,19805.164,64865.08,0.33162645,0.0016558113,3661,2,11,7
289989.43090889725,3388195.297447622,46118,1,2977.9893,45.969177,262.875,0.0007837848,18.997042,10.304962,1720.6735,26798.398,27013.85,77629.305,0.25189972,0.061798498,3717,6,11,5
278142.920104136,3388351.282270812,46117,1,1867.919,27.326662,216.02737,-0.0043099383,9.814748,9.851562,1565.6505,19427.66,19565.402,65790.56,0.5313054,-0.22358654,3661,2,2,9
282917.8678507227,3391070.98221508,45847,1,2315.4888,35.15445,286.38956,-0.0057791183,13.335662,10.390871,1610.7007,19898.246,20177.934,70521.19,0.55011237,-0.24207814,3717,2,11,7
294659.60928991047,3392046.7341363197,45865,1,2417.6646,37.687946,207.25534,-0.0020905072,14.954732,8.876295,1717.3076,27882.285,27986.648,82271.734,0.17976677,0.15616131,3717,6,2,7
294305.0879217082,3392179.7700668755,45864,1,2408.105,29.613718,9.462311,0.00236776,11.156483,9.851562,1712.5997,27519.484,27626.598,81924.1,0.33338347,-0.0047599156,3717,6,11,7
293566.9858261663,3392825.07570265,45867,1,2723.9475,34.683342,334.7989,0.0047611063,13.744904,11.89111,1698.4963,26548.102,26652.139,81198.734,0.13650732,0.19387221,3717,2,11,5
293364.13910114474,3392951.7769795014,45868,1,2813.9163,20.019028,342.64597,-0.010609038,6.8519583,9.233538,1695.1132,26309.59,26413.852,81002.375,0.42276666,-0.09234717,3717,2,11,5
280482.10512315965,3395580.550213776,45888,1,3156.47,33.19185,246.37064,0.017587446,13.972125,11.966974,1510.0463,14907.196,15210.684,68267.516,0.26563874,0.05970543,3717,2,2,3
280436.638388098,3399263.375008805,45971,1,2971.7742,38.01167,287.2815,-0.0046522887,14.751318,11.380572,1460.4904,12217.925,12425.123,68581.35,0.39778355,-0.071725376,3717,2,11,6
235805.14966638325,3386135.69892473,35953,1,1474.0663,33.96864,348.11133,0.002194269,12.530578,9.681028,1329.4823,7396.391,22578.613,23844.266,0.21499352,0.09619876,3661,2,11,7
235579.99170355272,3386188.822436601,35952,1,1612.907,45.078934,268.80652,0.0055155023,18.767511,10.510148,1333.6669,7607.812,22678.018,23607.06,0.02484885,0.2970313,3661,2,11,6
235824.17347989307,3386229.937047484,35955,1,1471.9113,32.78394,343.1416,-0.0019356166,12.395471,10.352424,1331.7133,7355.1685,22488.42,23845.121,0.14175221,0.17928693,3661,2,11,7
235081.8203827563,3386227.8441460067,35994,1,1731.5542,20.97961,265.23636,0.005463697,7.0924406,9.705755,1340.3813,8076.3423,22963.174,23118.414,0.2944063,0.022229828,3661,2,11,5
235754.39537256988,3386275.543846948,35954,1,1526.3988,36.39624,335.43283,-0.0016201178,13.828095,9.841549,1333.5134,7414.648,22501.79,23768.924,0.1652642,0.15634215,3661,2,11,7
235884.6686875739,3386294.19825425,35970,1,1447.1998,35.971832,340.641,-0.0024928416,13.428595,6.649435,1332.4991,7283.44,22404.004,23893.031,0.18620381,0.13569118,3661,2,11,7
235663.2645770336,3386311.0941022527,36677,1,1605.3977,44.488815,329.98163,-0.0013881499,18.735237,9.738894,1335.5352,7493.0703,22528.191,23673.094,0.20699091,0.12591086,3661,2,11,6
235908.53728832497,3386333.270927225,35971,1,1447.7538,38.448975,327.0306,-0.0021028817,14.512381,9.639564,1333.2601,7254.826,22360.361,23905.418,0.15992396,0.16330712,3661,2,11,6
235668.0709821683,3386325.3285552138,36678,1,1611.0024,45.721004,329.98163,-0.00084679574,19.358732,9.972301,1335.779,7490.821,22520.49,23671.26,0.21512528,0.11466026,3661,2,11,6
226541.43783397583,3391391.1109538693,35697,1,1929.8615,32.478455,255.52972,0.00015166502,11.666521,10.353799,1485.9934,16195.34,26501.564,14168.818,0.1394148,0.17758696,3661,2,11,6
225437.4968775313,3391658.344392713,35625,1,1828.746,31.268084,222.7094,-0.008059681,10.907048,10.394298,1491.4825,17110.572,27370.785,13078.287,0.14331385,0.179397,3661,2,11,7
225327.62980199547,3391689.5897985534,35717,1,1843.7683,30.624313,344.29135,-0.004893362,10.897017,9.843904,1491.9941,17199.852,27456.602,12970.959,0.2730153,0.039177638,3661,2,11,6
225390.33072636076,3391734.864696593,35696,1,1842.5228,35.247055,257.0054,-0.01502997,12.768268,9.851562,1492.0216,17119.771,27376.168,13043.96,0.28295052,0.028559458,3661,2,11,7
291042.9507104427,3385107.759639016,45849,1,2024.7501,44.780674,351.72412,-0.0008498426,18.12068,9.659134,1765.7781,29767.969,30008.414,78845.58,0.35631186,-0.029481139,3717,1,2,6
291074.13535011566,3385170.5691404534,45851,1,2015.1084,40.685566,328.3925,0.0022066464,16.938835,10.894527,1765.2833,29744.959,29982.775,78871.305,0.2826054,0.037221234,3717,1,2,6
291042.98399074393,3385334.016397624,45871,1,2014.4247,18.95175,33.690063,-0.007983498,6.5897775,9.328229,1763.1757,29607.812,29842.488,78830.4,0.37391493,-0.035696562,3717,1,2,7
291013.5514403513,3385366.557321135,45869,1,2020.0345,22.851603,348.11133,-0.00917581,8.483647,7.751792,1762.4855,29558.113,29792.629,78797.766,0.3589729,-0.027129896,3717,1,2,7
291034.13700793026,3385373.4847862357,45870,1,2012.8218,21.15034,12.528809,-0.0091504585,7.721648,9.851562,1762.6301,29571.797,29805.805,78817.73,0.3619035,-0.025367018,3717,1,2,7
291065.37691017176,3385524.788066774,45872,1,2028.9023,42.363655,331.8584,-0.001797254,17.284035,10.476486,1761.0732,29482.973,29712.99,78837.734,0.45179576,-0.1326203,3717,1,2,6
291277.5538147528,3385701.0903740143,45873,1,2023.5342,38.53704,279.68878,0.00018038503,14.920629,10.095853,1760.4854,29495.662,29718.387,79035.79,0.31829005,0.0024021647,3717,1,11,7
291328.4213208209,3385721.113244005,45874,1,2023.1825,34.005127,300.1414,0.0012925878,12.906416,10.713407,1760.6174,29515.256,29737.012,79084.44,0.27895617,0.043295454,3717,1,11,6
291465.3100624111,3385826.547550896,45889,1,2025.3999,30.02437,347.66092,0.0051634703,10.696644,11.0547,1760.3589,29530.764,29749.73,79217.38,0.34213433,-0.01655507,3717,1,11,6
291467.53433394985,3385848.5042209234,45890,1,2026.7773,30.164814,351.11935,0.0036547387,10.521887,10.413667,1760.1248,29516.164,29734.97,79216.164,0.31321636,0.014713692,3717,1,11,7
291516.70773917175,3385948.5931896544,45891,1,2019.8824,13.67631,344.74487,0.0032375336,4.6772995,10.66521,1759.3256,29477.559,29695.117,79260.07,0.21536966,0.10041217,3717,1,11,9
291349.19540280674,3386127.6000245023,45892,1,2074.5925,21.243492,22.380127,0.0028228688,7.3641386,11.440741,1755.9502,29229.97,29447.549,79079.85,0.44018033,-0.114348255,3717,1,11,6
291282.25787681097,3386254.7173520634,45893,1,2112.5447,43.70214,344.4759,0.0018350155,17.136524,10.502337,1754.0898,29101.37,29318.656,79013.164,0.3625813,-0.03006907,3717,1,11,6
277379.9078859806,3386289.0193256885,46108,1,1532.5038,30.534075,80.83765,4.366443e-05,10.890792,9.940243,1578.3193,20803.137,21005.623,65126.777,0.50780094,-0.19666557,3661,2,11,7
277616.3336070502,3386558.451588576,46063,1,1584.853,32.008816,271.6366,5.7481036e-05,11.270874,9.005635,1579.1735,20688.994,20873.127,65348.746,0.23954982,0.07662069,3661,2,5,7
277665.20801249385,3386576.9693461205,46064,1,1596.3425,30.360506,277.3524,0.0046725264,10.970927,8.813772,1579.809,20696.447,20878.344,65397.4,0.33342,-0.013320691,3661,2,5,6
277149.30478914845,3386582.475334059,46107,1,1541.1812,26.026209,323.84183,-0.0065571456,9.742232,9.561815,1570.5549,20437.205,20643.46,64878.418,0.24273236,0.07605709,3661,2,11,6
277543.626135062,3386763.2111829645,46154,1,1668.6466,28.302837,279.16235,-0.0006525131,10.070978,9.732187,1575.3885,20480.646,20663.312,65266.625,0.25487444,0.065769196,3661,2,11,5
278492.5154824485,3386861.6909655714,46159,1,1591.5747,25.352612,315.0,0.0046001943,8.769538,10.261887,1590.9595,20875.54,21030.098,66209.14,0.18128061,0.14083333,3661,2,11,7
278072.0002252936,3386906.894228304,45974,1,1632.3414,28.442314,204.77515,0.0052460525,10.097757,10.119116,1582.8746,20616.463,20780.781,65786.97,0.33563355,-0.008874227,3661,6,11,6
278061.5736988234,3386940.582543644,46157,1,1633.8165,30.03686,201.16127,0.0013129722,10.922784,9.890667,1582.3132,20585.543,20749.684,65775.28,0.27998734,0.04067584,3661,6,11,7
278824.89706374286,3386941.074958065,46161,1,1614.7157,31.64147,142.125,0.00018962877,11.05369,8.998793,1595.7686,20981.93,21125.967,66534.08,0.24067755,0.0996389,3661,2,11,7
278838.2339697833,3386949.301333986,46160,1,1615.0952,30.374678,129.55966,0.00018378807,10.477051,8.796788,1595.8157,20978.83,21122.332,66543.5,0.38117123,-0.042724643,3661,2,11,9
278037.26650384086,3386984.329846183,45960,1,1626.8971,31.149359,208.8866,-0.0022077395,11.395672,9.942026,1581.2698,20535.848,20700.168,65743.08,0.29184526,0.024673428,3661,6,11,9
277831.0448119498,3386994.9068593145,46155,1,1643.9462,30.1719,33.178497,-0.002579796,10.623344,10.044168,1577.6022,20426.338,20595.594,65542.83,0.27847365,0.04790294,3661,6,11,6
277997.6572813477,3387044.973707505,46156,1,1622.4126,30.374472,208.8866,-0.003411988,10.85248,10.444834,1579.7942,20463.846,20628.316,65699.805,0.2901826,0.028446903,3661,2,11,9
278362.2866055808,3387046.573157765,46158,1,1684.8242,30.461546,291.44775,0.0010706297,11.041197,10.655864,1586.2086,20645.629,20800.625,66068.7,0.3350558,-0.013075731,3661,2,11,5
277015.1357405677,3387083.620389,46137,1,1760.1719,33.740868,282.20047,0.0027070204,12.232784,10.232369,1561.9545,19938.63,20138.03,64719.094,0.3218471,-0.009130922,3661,2,11,6
276896.0868178748,3387110.214245285,46138,1,1781.0026,27.285965,265.9144,-0.003930807,9.203484,9.479575,1559.4558,19853.03,20057.58,64597.62,0.2312033,0.083074875,3661,2,11,7
277471.8387899067,3387130.68548077,46120,1,1713.1107,30.67841,181.84763,-0.0025079793,11.149845,9.929,1569.4554,20124.822,20302.84,65175.664,0.4710683,-0.14353444,3661,6,11,6
277150.9762029305,3387158.913431795,46139,1,1751.3119,23.86309,0.0,0.014728334,9.23329,11.16898,1563.4224,19939.633,20129.445,64854.51,0.29633522,0.023387691,3661,6,11,5
243277.29622809344,3384498.850041844,37914,1,955.47284,43.848305,355.9144,8.742561e-05,17.51121,9.153163,1287.8606,515.46094,20270.434,31488.41,0.4295543,-0.10697525,3661,2,11,7
236770.5997518594,3385949.221988128,37973,1,1493.8779,37.504208,43.87671,0.0012331842,14.334848,9.807603,1318.8658,6490.9785,22124.006,24830.799,0.5701482,-0.25069332,3661,2,2,6
236099.2672787243,3386394.516553553,35972,1,1366.4498,39.601147,301.6075,-0.0025200334,15.683034,8.557117,1332.5847,7056.1323,22194.064,24081.59,0.19705816,0.1304821,3661,2,11,7
236203.55602151243,3386410.0526174167,35973,1,1339.0818,42.626816,296.07538,-0.0013590174,17.29654,8.975872,1331.8398,6944.4727,22109.531,24186.33,0.3357153,-0.006171228,3661,2,11,6
237206.52346734385,3386715.52258991,36576,1,1324.2483,41.678562,305.5377,0.00531598,17.566029,10.655978,1336.5541,5902.6855,21258.207,25122.473,0.37464818,-0.04695357,3661,2,11,5
288759.0183294676,3381052.7341888864,46237,1,1815.426,39.724728,276.4831,-0.00058072485,15.279675,10.698019,1800.3373,31396.04,31650.04,76962.336,0.2585361,0.06512241,3717,6,11,6
288892.6834407989,3380031.423221858,46239,1,1646.8065,6.383791,213.69008,0.0096395835,2.0417967,11.361815,1813.8607,31729.855,32278.26,77235.01,0.15676345,0.16884248,3717,2,7,9
288927.90209712373,3381127.109000762,46183,1,1811.4185,43.571198,347.00537,0.0077474155,18.415468,10.562866,1800.3303,31432.48,31688.865,77121.086,0.29959115,0.022218265,3717,6,11,6
289171.2748587636,3381550.8986928225,45953,1,1740.8127,18.149466,321.84277,-0.0032775656,6.107133,7.6475897,1796.5931,31247.236,31509.469,77318.56,0.18674119,0.13345566,3717,6,7,9
289193.8007288464,3381946.3130516536,46300,1,1765.0383,22.962809,313.36343,-0.0103892395,7.8087583,9.851562,1791.8853,30950.504,31216.035,77293.45,0.21912627,0.09607991,3717,1,11,7
289423.1823393358,3382281.206644326,45954,1,1776.1665,28.793438,334.359,0.0022322668,10.687017,8.742098,1789.1058,30825.613,31096.2,77484.484,0.25419256,0.066448525,3717,1,11,6
289456.3760227513,3382415.2096201177,45813,1,1786.7146,35.311386,326.68936,-0.0025187766,13.6527195,10.364346,1787.6931,30742.86,31014.8,77500.36,0.40919134,-0.08956131,3717,1,11,6
289471.3102452792,3382472.275690602,45814,1,1797.4517,39.019855,336.16125,-0.003096949,15.0087,10.212062,1787.0806,30708.648,30981.273,77513.89,0.18129738,0.13718937,3717,1,11,6
289655.0481610325,3382708.1000116216,45992,1,1857.4321,44.730618,290.32315,0.0029568514,17.790857,11.210296,1785.2738,30636.113,30912.484,77667.95,0.23941769,0.080811635,3717,1,11,5
289661.3436652085,3382691.543685764,45754,1,1834.9741,44.05912,295.51385,0.0014544954,17.286985,10.358207,1785.5822,30657.914,30934.22,77679.945,0.18818064,0.12611279,3717,1,11,6
289766.07722205453,3382777.4160091397,45773,1,1831.8075,51.5852,326.97614,0.001919725,23.384209,10.066608,1785.1191,30652.139,30930.166,77770.25,0.31189936,0.015230437,3717,1,11,6
289770.4084999965,3382788.845369694,45993,1,1827.0068,53.34146,326.97614,0.0012778734,24.757343,10.659897,1785.0609,30650.822,30929.031,77779.19,0.27959839,0.044802077,3717,1,11,6
289799.4113914796,3382864.8632457936,45994,1,1841.7849,44.31738,336.64444,0.0005315859,19.44244,10.844731,1784.3347,30609.777,30888.758,77792.03,0.30229884,0.021309165,3717,1,11,6
289828.12400453514,3382926.5984093063,45774,1,1841.8198,44.060646,332.92792,0.0013846696,18.594246,9.484537,1783.6737,30575.266,30855.115,77814.89,0.24546735,0.08093691,3717,1,11,6
289840.45241106243,3382961.2890191786,45995,1,1838.1587,50.39066,340.46335,0.0016401858,22.727562,11.25924,1783.4369,30565.11,30845.4,77831.82,0.27382198,0.049199816,3717,1,11,6
289856.5324710465,3383098.1103966543,45996,1,1866.6652,46.76325,332.24146,-0.003207592,20.83295,7.4323187,1781.7957,30464.422,30745.967,77828.05,0.23125783,0.0747798,3717,1,11,6
289883.5867685597,3380019.6220283927,46258,1,1802.1475,34.25343,235.00798,0.00082141935,11.810472,9.747799,1819.428,31189.756,31695.527,78217.06,0.3369049,-0.011769437,3717,1,11,7
290072.4893513026,3383669.986338513,45794,1,1890.6929,29.043127,37.568604,-0.007413617,10.403993,10.612165,1776.317,30175.504,30463.936,77993.86,0.49028125,-0.17650835,3717,1,2,7
290102.35409623745,3383719.1645363653,45795,1,1873.5924,24.813667,341.56506,-0.024646634,11.879064,9.851562,1775.9116,30157.678,30446.818,78019.28,0.36258787,-0.032666948,3717,1,11,9
290670.3373390194,3379879.240126615,46259,1,1988.8489,47.973988,262.52844,0.0030391468,19.883652,10.797926,1825.4431,30661.117,31135.324,79018.77,0.32790896,0.0032422775,3717,1,2,5
290711.438059104,3384119.49146549,45956,1,1859.8074,41.687733,315.0,0.00022740338,16.088516,10.565974,1775.228,30266.99,30552.256,78592.586,0.31611726,0.0095617175,3717,1,11,6
290778.4493637973,3384220.4503778266,45955,1,1856.124,48.20475,324.09027,-0.0066970345,21.497908,9.851562,1774.4474,30233.81,30513.768,78644.125,0.3079777,0.019405082,3717,1,11,9
291059.43214601785,3385081.709100383,45850,1,2012.0039,40.733917,351.25385,-7.528214e-05,16.121105,9.890866,1766.2042,29796.66,30037.639,78857.67,0.29127803,0.031601984,3717,1,2,6
291060.92659894447,3385025.496139123,45835,1,1997.3116,37.071632,345.6186,0.0010346473,14.221324,9.406319,1766.9849,29847.21,30089.562,78871.914,0.3263092,-0.0017386581,3717,1,2,6
291062.51154455857,3384818.792998401,45834,1,1981.8789,35.746517,351.25385,0.0010844677,13.300753,9.851562,1769.3486,29993.266,30241.193,78886.47,0.28351805,0.04426833,3717,1,2,6
291095.8373758917,3384615.242273652,45833,1,1946.4758,32.531807,337.0113,0.0032831952,12.269509,10.854026,1772.0398,30166.818,30420.428,78932.2,0.41973218,-0.100171186,3717,1,2,7
291525.3230508344,3379865.9554635715,46260,1,2147.8945,15.606467,211.60751,-0.0024199714,5.1290984,8.070347,1830.3275,30219.77,30654.842,79863.61,0.34076574,-0.008819161,3717,1,11,7
292825.0227652185,3380754.3661588216,46261,1,2960.2625,22.233137,216.38437,0.0026973858,7.5195575,10.7481165,1827.4847,30401.77,30749.793,81038.22,0.32525605,-0.012353654,3717,1,2,3
293644.1864113005,3381234.501765521,46262,1,3009.3457,28.450363,125.31122,-0.0015879577,9.620821,11.347456,1826.9689,30482.469,30778.867,81795.4,0.28587162,0.030005798,3717,1,11,6
294125.1303537684,3381543.72626094,46264,1,3131.5913,15.943274,172.875,-0.004323443,6.0705004,9.851562,1826.4729,30569.934,30835.41,82237.266,0.21556364,0.11535446,3717,1,11,5
294153.33040930954,3381695.2412848305,46263,1,3149.0864,16.122942,205.01689,-0.001821763,5.476916,9.412631,1825.0359,30695.623,30956.137,82250.586,0.3557712,-0.026697844,3717,1,11,5
283255.87791811785,3380428.619901547,46275,1,1922.2028,32.527515,206.56505,-0.012115009,13.044658,8.511591,1765.355,28853.078,28985.246,71594.64,0.35295293,-0.009752732,3661,1,2,7
284233.34388206154,3380031.7101735114,46211,1,1880.818,18.72434,356.63354,0.0051855594,6.195309,10.93368,1788.4303,29723.691,29841.852,72622.195,0.24606025,0.06983695,3661,1,7,5
284526.3046782784,3380006.088034972,46212,1,1801.6913,19.079357,69.77515,-0.005102401,6.5103526,9.9148445,1790.4132,29908.162,30023.533,72913.45,0.4472409,-0.11963873,3661,1,5,6
284642.70793298155,3379847.1227535503,46213,1,1800.4182,20.962103,351.8699,-0.0006861371,6.9998612,9.6787815,1793.1328,30099.363,30214.648,73054.22,0.32687783,-0.0053192084,3661,6,7,5
284880.5312472867,3379049.025282502,46221,1,1568.399,26.403881,296.56506,-0.017426454,9.482116,5.3609896,1805.4006,30650.3,31017.598,73413.84,0.37148097,-0.03979301,3661,6,11,9
285256.28340988595,3380693.3659623666,46298,1,1806.5632,31.302563,205.27773,-0.0027607165,11.30147,8.588159,1784.9576,29732.496,29854.014,73538.98,0.44652256,-0.12530054,3661,1,11,7
285386.2870243851,3379772.2758520343,46214,1,1617.3267,12.5667095,138.01276,0.018430978,4.493655,11.436655,1798.182,30572.754,30688.79,73797.914,0.38179854,-0.07059025,3661,1,11,3
285651.840292571,3380256.457547324,46247,1,1787.847,39.905067,300.25644,0.0055665276,14.578897,10.395015,1793.016,30311.72,30435.04,73994.516,0.32784876,-0.018910883,3661,1,11,5
285707.61253088305,3379240.1448436333,46230,1,1547.4362,27.60899,265.9144,0.0074753477,9.501979,10.698384,1807.0323,31191.396,31307.283,74194.16,0.29364464,0.015423485,3661,1,11,6
285849.0779009459,3379309.374586145,46231,1,1560.1661,35.310165,294.10223,-0.0074818595,13.140073,8.642897,1806.8218,31210.23,31326.988,74321.766,0.33488747,-0.005255227,3661,1,2,6
286396.82707020623,3379172.9661378693,46232,1,1517.501,20.093193,270.0,-0.0010158421,7.022633,8.012734,1811.5532,31629.102,31752.457,74886.71,0.2391578,0.08808544,3661,2,11,7
286816.8826087113,3379660.367905748,46223,1,1728.3445,35.781704,299.74487,0.0016638864,13.925523,11.417964,1807.3097,31450.86,31594.006,75228.56,0.37893417,-0.065599926,3717,1,5,6
286851.7740351835,3380602.1654280834,46210,1,2038.062,22.484528,326.30994,0.0020794338,7.662991,9.017137,1795.203,30687.17,30860.008,75136.51,0.37894648,-0.04530412,3717,1,11,6
287144.6523581461,3380485.348203261,46209,1,1892.3501,26.344767,316.4688,-0.0076940428,9.422076,9.851562,1798.4053,30946.86,31130.314,75440.01,0.23497549,0.09720599,3717,1,7,6
287322.0287224571,3379217.7452874966,46233,1,1508.288,22.692533,235.49149,-0.003027574,8.125712,9.936377,1815.7379,31749.195,32249.453,75798.27,0.25014973,0.06972242,3717,2,11,9
287370.3180155828,3380656.917151652,46208,1,1871.7106,33.99688,321.84277,-0.008772488,12.9676695,8.440127,1797.3676,30924.541,31126.996,75643.91,0.3254497,-0.004738753,3717,1,11,9
287563.60501755064,3379216.12070856,46234,1,1525.9594,24.314005,272.38596,-0.0015182504,8.573576,9.262768,1817.119,31678.602,32399.262,76037.04,0.3376114,-0.010126328,3717,2,11,9
287729.6748818178,3379220.1072077486,45975,1,1521.0015,21.507189,273.17984,-0.0028559123,7.397914,9.4486685,1817.8257,31648.623,32346.723,76193.72,0.20799722,0.117784396,3717,2,11,10
287922.9165258561,3379104.881447633,46268,1,1531.302,27.595495,95.90613,-0.0034835888,9.450902,10.216949,1820.4006,31483.623,32128.107,76409.516,0.35218418,-0.035785098,3717,2,11,6
288001.18708670005,3380636.9198811417,46207,1,1870.8595,31.672665,276.70984,-0.0024852587,11.083886,9.482716,1801.2024,31295.168,31531.541,76271.05,0.31557068,0.009895609,3717,6,11,6
288058.009475329,3380614.6474857507,46206,1,1850.0283,27.224104,264.09387,-0.0055189836,9.820309,8.818164,1801.8683,31348.291,31586.17,76324.555,0.45594418,-0.12622513,3717,6,7,6
288061.58511018683,3379995.9641340543,46235,1,1573.8519,26.91881,313.6028,-0.008556518,9.77004,8.572551,1809.8126,31865.525,32079.28,76418.57,0.24103898,0.07994432,3717,1,5,9
288311.07010748936,3380828.941613004,46205,1,1868.0326,31.763025,337.24902,-0.0013918928,11.708642,8.339332,1800.5607,31317.322,31564.982,76553.74,0.27838957,0.037606187,3717,6,11,6
288346.7214710325,3380875.825982968,46204,1,1870.0845,31.518894,315.0,-0.003462159,10.682926,9.416452,1800.2274,31302.072,31550.361,76578.37,0.27035472,0.054895807,3717,1,11,7
288398.64501309505,3380289.9122354174,46248,1,1657.351,40.542976,293.0513,-0.0040873606,17.192375,9.046059,1807.8348,31805.098,32048.428,76704.22,0.26483238,0.06038703,3717,1,5,6
288453.8267107392,3380899.877089159,46186,1,1845.5441,35.665905,292.0679,0.0006450604,13.743668,10.373068,1800.4827,31341.553,31591.24,76683.64,0.21274093,0.10740187,3717,6,11,6
288527.4697904285,3380947.292906204,46185,1,1849.7301,33.141094,321.84277,0.0027878867,11.811299,10.076184,1800.2573,31341.781,31592.596,76746.734,0.20474933,0.11649164,3717,6,11,5
288565.7918141085,3380977.5003579347,46184,1,1842.2976,27.507345,304.5085,-0.0017094616,10.116298,10.077616,1800.1117,31340.861,31592.328,76782.625,0.26896873,0.055860337,3717,6,11,6
288666.3871561315,3380522.5946119097,46236,1,1638.1458,33.844723,325.4077,0.0023978283,12.543376,10.226827,1806.4576,31772.805,32021.805,76941.1,0.2409983,0.07500405,3717,1,5,6
288732.5253456927,3380496.115870084,46238,1,1597.0626,29.28735,348.31064,-0.0032358258,10.391469,9.819668,1807.2284,31837.918,32087.422,77014.445,0.23755394,0.08113997,3717,1,5,7
288737.8263506817,3380496.551759118,46278,1,1598.5779,30.251764,344.29135,-0.0037494006,10.696951,10.356533,1807.1033,31829.785,32079.365,77013.125,0.20059854,0.12093499,3717,1,5,7
223245.3785658834,3379327.703831573,36037,1,1504.688,32.73129,345.96375,-0.012082401,12.181175,7.668573,1464.4951,11182.276,36189.13,15687.301,0.25555286,0.061595175,3661,2,11,7
223326.80544262263,3380117.812590279,36035,1,1427.9462,36.03899,222.51045,-0.0062732087,13.029315,7.3990602,1465.2012,11213.75,35602.75,15184.087,0.27952066,0.039662316,3661,2,11,7
223345.592895122,3379805.773293678,36038,1,1403.005,32.562664,40.76361,0.00027800823,11.603012,10.684241,1463.6388,11246.555,35800.22,15422.13,0.25859386,0.066694655,3661,2,11,6
223369.53088312567,3379360.413972467,36015,1,1442.7094,29.839087,332.65012,-0.0071122088,11.029351,5.7484207,1461.6248,11298.895,36080.17,15748.996,0.20200789,0.108401485,3661,2,11,7
223392.8208218848,3379374.6384267933,36016,1,1431.2338,27.174637,329.03625,-0.0026637586,9.649387,10.850647,1460.9182,11327.842,36051.266,15762.744,0.31019267,-0.007303022,3661,2,11,7
223491.9616694427,3381171.471044396,36036,1,1591.3844,11.975229,270.0,-0.016845442,3.7649035,9.250668,1465.0223,11405.35,34787.523,14603.77,0.31567693,0.006501558,3661,2,11,9
223532.19051691925,3381212.7395532154,36039,1,1598.321,14.678775,289.44003,-0.013407306,5.0231714,9.851562,1464.3053,11447.987,34731.145,14608.289,0.332104,-0.0012006245,3661,2,11,9
223561.0619551279,3379712.245848745,36017,1,1376.047,35.817337,209.74489,-0.003703251,13.222072,10.677798,1458.023,11471.377,35696.83,15641.975,0.41438574,-0.08733994,3661,2,11,5
223794.1430348731,3381961.9066540464,36055,1,1860.2538,35.703335,275.31454,-0.005191733,13.04333,10.341874,1461.7648,11782.397,34050.367,14340.502,0.32037994,0.010432216,3661,2,11,6
223981.0984393494,3381977.1417006315,36056,1,1823.3406,28.85752,293.9625,-0.019438297,9.679875,9.769093,1458.023,11973.379,33891.37,14480.004,0.35702917,-0.035326228,3661,2,11,9
224240.82348816295,3382366.3473891774,36057,1,2061.4656,38.10477,228.57635,-0.002334043,13.982628,10.111377,1454.6194,12285.74,33448.68,14467.637,0.25239262,0.057015438,3661,2,11,5
224576.50419585864,3378825.1702276478,35876,1,1394.4038,31.809378,309.40067,-0.005264732,10.683891,9.791871,1428.7087,12561.039,35570.17,16986.406,0.33090636,-0.010784477,3661,2,11,6
224612.5342450376,3378857.7397773056,35877,1,1402.0507,31.493132,297.25534,-0.0060626534,10.439969,9.4714575,1427.9154,12595.733,35513.61,16987.3,0.33322814,-0.009987618,3661,2,11,7
226293.73659736288,3379765.723294615,36081,1,1947.3806,28.198347,305.31122,-0.0075263563,9.936929,9.713023,1392.97,14194.891,33686.758,17664.088,0.40437078,-0.07669542,3661,2,11,6
226308.74657112855,3378771.1096819784,36105,1,1626.5735,17.004272,311.9872,-0.01969595,5.879596,9.119148,1384.1705,14284.457,34389.316,18299.186,0.34686074,-0.015114471,3661,2,11,7
226833.64989507868,3379208.915243451,35975,1,1703.4285,36.53646,319.844,-0.002658441,12.811568,9.903114,1374.8901,14768.832,33705.23,18428.676,0.25905296,0.06698274,3661,2,11,5
226888.17011528465,3379177.9109417214,35976,1,1665.7578,30.176,322.76517,-0.0045807967,11.135347,9.673014,1373.366,14821.127,33692.625,18486.496,0.34836683,-0.016359229,3661,2,11,6
226934.81995442612,3379193.293248424,35977,1,1646.8823,33.9228,311.63354,-0.0041042296,11.80524,9.729257,1372.2269,14870.131,33651.016,18519.516,0.2683178,0.05272389,3661,2,11,5
226990.2419697301,3379223.7312495997,35997,1,1638.4702,29.366947,299.24884,-0.0034000685,10.760638,9.076284,1371.0402,14927.509,33588.023,18548.143,0.2410861,0.07589629,3661,2,11,6
227200.0099777385,3379896.8278845623,35816,1,1656.6633,26.589771,322.76517,-0.007151232,9.367356,9.768738,1373.0309,15088.622,32957.598,18298.021,0.16866349,0.15958752,3661,2,11,6
227245.6347288385,3379821.807071077,35832,1,1602.9825,37.271763,309.98688,-0.0029164227,13.463834,9.076941,1371.0397,15141.499,32980.746,18385.541,0.42583892,-0.09965819,3661,2,11,6
227363.16996653297,3381603.919359822,35785,1,1562.0925,37.22456,244.05771,0.0025389006,14.365998,10.428019,1386.6719,15296.358,31631.826,17498.129,0.3352284,-0.020782158,3661,2,11,6
227414.5768015929,3378874.684153144,35512,1,1428.783,23.71293,46.735718,-0.0059594717,8.742208,10.973907,1356.9818,15377.309,33559.03,19094.62,0.32620835,0.024924925,3661,2,2,9
227432.0945453755,3381546.5058928262,35784,1,1542.9062,40.48815,254.05461,0.0013496157,16.466854,10.493086,1384.7186,15362.357,31616.643,17583.904,0.34551412,-0.029030213,3661,2,11,6
227503.03120871424,3381416.824139544,35782,1,1485.8065,37.212097,221.87787,-0.0029881233,13.432503,9.954621,1381.9095,15423.105,31657.834,17711.287,0.47519672,-0.15708974,3661,2,11,6
227512.29864757147,3381316.033902653,35783,1,1422.0552,33.94685,235.56102,-0.011746753,12.520689,8.850437,1380.5385,15426.277,31728.107,17777.426,0.20501685,0.11830946,3661,2,11,9
227629.4622507542,3379905.210579368,35833,1,1508.6478,35.013966,347.79953,0.0035064016,13.975255,9.816282,1362.9565,15518.383,32661.074,18647.533,0.12765567,0.18598005,3661,2,11,6
227815.69974009067,3379314.32453986,35835,1,1264.949,39.031815,337.10944,-0.0033823587,15.300538,10.463341,1351.8704,15738.487,32964.387,19146.773,0.51984656,-0.20124501,3661,2,11,6
227829.77510574157,3381840.4117449243,36089,1,1738.5969,33.124554,301.50427,-0.0037701607,11.782168,9.642691,1379.9286,15774.949,31135.133,17772.938,0.33183643,-0.00037069764,3661,2,11,7
227855.6991894016,3379991.035953632,35834,1,1356.7166,53.887,348.54126,-0.0019939747,26.102701,8.860289,1358.5914,15745.604,32437.96,18784.582,0.42049673,-0.095964305,3661,2,11,6
227907.01212760736,3381704.07855718,36088,1,1696.2004,37.218246,210.34326,-0.005543349,16.23848,9.77483,1376.7577,15842.607,31176.57,17912.055,0.38080558,-0.067424715,3661,2,11,7
227919.99574194243,3381047.432983079,36066,1,1496.7357,30.531445,237.80428,0.0018853665,11.020658,9.749608,1369.2274,15812.957,31630.783,18254.383,0.37569112,-0.054125007,3661,2,11,5
228158.8983067496,3380925.4184175543,36085,1,1410.6256,30.036451,299.0546,0.0059912694,10.957156,10.184492,1362.5756,16025.445,31556.965,18526.877,0.41463625,-0.092684455,3661,2,11,6
228296.0799020088,3381079.095961484,36086,1,1425.8689,47.62498,323.90173,0.00061007513,19.884438,9.84021,1361.4706,15849.849,31344.6,18563.04,0.24497302,0.05973918,3661,2,11,6
228306.60549083396,3378969.230930131,36062,1,1371.414,25.232948,225.0,0.0006657094,8.650741,9.899868,1335.7833,16253.914,32890.562,19742.953,0.41817302,-0.08606576,3661,2,11,6
228390.6880340053,3379156.5101019978,36021,1,1473.7319,31.995392,193.13403,0.0012795613,12.283044,9.000459,1335.876,16317.353,32688.523,19704.06,0.22319019,0.10746105,3661,2,11,6
228420.6002800651,3378951.2786741783,36063,1,1409.7886,38.089935,240.70865,-0.0015803372,14.272693,10.2262,1332.5399,16355.305,32826.453,19851.574,0.28348216,0.036389094,3661,2,11,6
228537.7236663005,3381473.449174249,36087,1,1450.4341,54.16398,332.41797,-0.0010670054,26.660444,10.453336,1361.1866,15522.8125,30897.348,18572.984,0.33320677,-0.018739033,3661,2,11,6
228587.6610051982,3380765.901519648,35836,1,1383.4353,28.54491,236.88867,-0.003595456,9.993185,10.012927,1351.3062,15652.406,31376.943,18976.988,0.39114574,-0.07102094,3661,2,11,9
228621.77564357367,3379063.1824695817,36018,1,1510.112,32.121292,252.64598,-0.0020889447,11.601432,9.647109,1328.942,16130.781,32612.086,19949.258,0.17354687,0.15112707,3661,2,11,6
228691.8827149725,3379618.53052033,36040,1,1575.3439,29.171917,229.18492,0.0007919945,10.317036,10.320332,1334.3833,15889.721,32145.252,19686.838,0.09296178,0.22146039,3661,2,11,6
228739.53764180696,3379080.9438115843,36019,1,1536.2185,34.07724,264.95755,0.0004641783,12.493609,9.64932,1326.4745,16020.1,32524.86,20027.281,0.27946374,0.045726564,3661,2,11,6
228780.39860292975,3379043.9176252084,36020,1,1516.0024,30.272194,261.11935,-0.0021494448,10.465685,9.415033,1324.7178,15985.321,32522.406,20091.205,0.23844044,0.090573065,3661,2,11,7
229038.4051588879,3380744.380325228,35854,1,1474.5991,33.797115,237.99463,-0.0052936785,12.37642,9.705981,1341.2307,15225.206,31085.791,19372.557,0.20131154,0.101647034,3661,2,11,7
229053.26464525683,3380739.065527483,35853,1,1484.1842,39.413162,226.6847,-0.0032460093,14.382934,10.470741,1340.7944,15206.002,31072.283,19389.74,0.20133212,0.118879825,3661,2,11,7
229078.59913337408,3380762.9807665194,35837,1,1510.9849,39.107155,226.6847,0.0031174312,14.491621,10.803221,1340.6254,15181.216,31044.025,19396.71,0.21276367,0.10813006,3661,2,11,6
229213.24305345915,3380675.2823998467,35855,1,1519.0331,33.65151,242.02054,-0.004016118,12.441666,9.710706,1336.3535,15072.358,31016.326,19563.04,0.21786667,0.09903624,3661,2,11,7
229492.15237255028,3381953.821808197,35786,1,1673.5651,39.344757,123.69006,0.0032350929,14.1668215,9.381178,1348.1893,14479.037,29886.715,19190.469,0.49241823,-0.19878346,3661,2,2,5
229895.25969257695,3381006.52493226,35856,1,1820.8988,34.803333,281.63364,-0.004850628,13.68684,8.803883,1326.4938,14324.035,30309.11,19984.307,0.32265872,0.0023528861,3661,2,11,7
230291.0580687935,3378756.40840052,36001,1,1859.3712,28.59033,245.09525,-0.015871784,10.941308,9.851562,1282.9851,14649.027,31775.426,21494.65,0.43970397,-0.11228575,3661,2,11,7
231089.35602595785,3378737.0962280235,36044,1,2020.119,30.204636,305.7539,0.0022339493,10.543295,10.074215,1262.7992,13918.064,31306.691,22167.6,0.28950593,0.030103905,3661,2,11,6
232918.36524956248,3379707.426317407,35892,1,1905.6724,32.142914,271.6847,0.0029149149,11.899836,10.476831,1236.5111,11862.179,29439.717,23258.824,0.34356815,-0.014653549,3661,2,11,6
233101.2287213436,3379106.6414875905,35871,1,1782.4614,23.064882,316.54816,-0.0050202366,7.4247036,10.14288,1219.7769,11909.568,29821.592,23713.006,0.48699477,-0.17311287,3661,2,11,9
233167.21236583244,3379962.7825257177,35894,1,1943.883,30.916475,212.34746,-0.00044853103,10.852945,10.836251,1235.8281,11541.72,29091.012,23364.139,0.38379255,-0.054717578,3661,2,11,7
233264.73093009443,3379774.415878888,35893,1,1926.3765,22.855799,233.1301,0.005770826,7.561743,11.19161,1229.6,11513.375,29188.44,23540.37,0.26813477,0.055659052,3661,2,11,7
233409.7106344628,3379417.29439732,35895,1,1908.321,22.016357,196.69925,0.0055930433,7.743626,11.506702,1218.999,11512.311,29396.164,23827.666,0.33339813,-0.007135434,3661,2,11,6
233886.9243776371,3379409.0998716378,35896,1,2168.4116,25.272552,198.43495,0.016708659,8.936382,11.445114,1207.3728,11074.629,29135.633,24256.6,0.37488714,-0.04032024,3661,2,2,5
235493.74831018085,3380011.693792296,35913,1,2087.0989,40.00531,283.7608,0.0035651708,15.481326,10.381579,1184.015,9359.514,27762.098,25436.834,0.30085114,0.03173843,3661,2,11,6
235669.91673004936,3378967.9459362933,35915,1,1777.5001,28.276316,323.97263,-0.009956827,11.205698,10.112555,1154.2048,9664.29,28567.342,26041.293,0.26148537,0.053054214,3661,2,11,9
235672.69116984276,3378913.293967311,35918,1,1761.1383,20.914078,329.03625,-0.013740889,6.8679543,9.851562,1152.4587,9682.174,28614.195,26077.209,0.26033932,0.07048484,3661,2,11,9
235707.08714247285,3378994.941104902,35917,1,1769.3154,19.299147,318.57632,-0.017037084,6.9402943,9.851562,1153.7312,9619.568,28529.945,26068.084,0.26225019,0.06662222,3661,2,11,9
235732.6764561767,3379935.6433308003,35914,1,2068.2297,40.645123,235.00798,0.0073824013,16.097654,11.310214,1176.5933,9174.862,27705.646,25688.297,0.21779531,0.12121195,3661,2,11,6
243191.1216718233,3383357.885345107,36888,1,876.9313,25.507874,303.02386,-0.0010660866,8.84278,7.6531515,1270.2732,966.0228,21367.557,31653.28,0.09305263,0.23167035,3661,2,11,7
243217.69932921493,3383307.8192336485,36889,1,850.70874,29.530876,296.56506,-0.0030128448,9.705613,6.944267,1269.5481,970.4638,21407.834,31684.299,0.31128812,0.01241573,3661,2,11,9
243239.56791675347,3381443.655892742,37805,1,1361.787,43.126907,6.2034607,-0.005124825,18.943352,9.988567,1241.1006,1980.7069,23170.336,32188.727,0.23264976,0.09123719,3661,2,11,6
243322.1804659434,3383497.611762197,36887,1,879.0151,38.34669,337.16635,-0.0027977503,14.622231,8.3781,1272.6664,787.2102,21191.885,31747.922,0.10612457,0.21872139,3661,2,11,6
243409.64427555792,3383521.446709203,37930,1,841.7308,31.204554,310.23636,-0.0067587295,10.914629,7.7542458,1273.1166,706.61163,21146.281,31821.371,0.2708115,0.05800234,3661,2,11,10
243414.9304715624,3383617.339177734,36892,1,905.2649,30.937965,316.3322,0.0019619674,10.893633,9.2512665,1274.6411,657.87537,21048.67,31808.836,0.23543987,0.09523711,3661,2,11,6
243795.32341952773,3378155.7912202403,37824,1,1166.4579,45.26782,334.9831,-0.003427273,17.621237,11.043824,1196.7545,3784.5078,26146.246,33800.297,0.43152463,-0.10217648,3661,2,11,7
244176.4796578237,3378752.396981987,37823,1,1155.7625,33.246372,304.1597,-0.0033268111,12.034275,9.851562,1208.4808,3097.9348,25460.488,33938.42,0.36358574,-0.027902449,3661,2,11,7
244231.2896780782,3378658.029510759,37822,1,1084.7642,32.05571,311.34778,-0.0076587535,11.129402,8.635768,1207.7631,3115.1565,25529.062,34026.246,0.28914666,0.035644434,3661,2,11,7
244330.7040935749,3378929.754042128,37806,1,1205.8135,31.979563,287.8787,0.0018182645,11.880315,8.732069,1212.2535,2857.9712,25241.664,34025.82,0.28305513,0.04872945,3661,2,11,6
244385.3963813591,3378745.329981629,37821,1,1091.8811,31.437908,302.73523,-0.0031415988,11.335428,7.3607264,1210.1167,2950.5422,25409.254,34138.637,0.36303282,-0.03640242,3661,2,11,6
244335.9573352006,3378893.762179064,37807,1,1180.8376,33.118824,282.72437,-0.0009011362,12.062204,8.433783,1211.7146,2885.5503,25279.953,34039.633,0.42550886,-0.083910115,3661,2,11,6
244694.900791335,3377984.3995529558,37852,1,1500.0309,22.003788,29.357758,0.015716733,8.7087555,11.045841,1202.8989,3245.9976,26054.07,34699.746,0.3566192,-0.019234566,3661,2,2,3
244711.27288571288,3381349.158516953,37901,1,934.14246,40.64695,34.38034,-0.0003642461,15.434939,9.431849,1246.8685,947.52313,22817.81,33634.188,0.21563627,0.11953105,3661,2,11,6
244929.166857378,3378274.2393065854,37825,1,1285.9897,43.81347,75.963745,-0.0018461605,17.903385,9.566218,1208.7292,2879.3923,25713.63,34809.668,0.3401652,0.01556214,3661,2,11,6
245014.6180634797,3378650.4875346646,37837,1,1045.4551,28.297052,80.53766,0.00015676198,10.859357,9.119625,1214.2914,2553.4487,25323.32,34760.67,0.43932277,-0.09578648,3661,2,2,7
245618.43069338216,3379309.8027760102,37838,1,950.4731,44.87842,107.47476,-0.0005166526,18.540403,9.26493,1227.1063,1665.0825,24532.617,35105.426,0.21663462,0.14011453,3661,2,2,6
245843.69426439705,3379484.850757948,37839,1,956.97253,36.218693,131.98721,0.00030049877,12.23914,9.594629,1230.7805,1380.326,24311.84,35268.895,0.30024293,0.05958821,3661,2,2,6
259320.2214953432,3378644.632097742,37893,1,1185.8888,31.006773,340.46335,-0.0010999817,11.788716,10.906067,1329.4684,8680.397,24025.309,48435.18,0.42367658,-0.10194727,3661,3,11,6
259556.6455925014,3379280.9042017558,37894,1,1199.0121,41.76696,321.34018,-0.0033452988,17.535728,9.266547,1326.3282,9230.846,23440.158,48513.61,0.28033072,0.055101,3661,3,11,6
259693.86652096003,3380414.907682915,37909,1,1302.1581,40.544865,326.30994,0.0046603465,16.681698,10.097648,1318.3398,10020.639,22360.379,48397.855,0.14174706,0.18465608,3661,3,11,6
259701.6566707368,3380484.1412257776,37921,1,1298.8988,41.68552,12.011475,0.006999898,16.691381,10.329865,1317.8396,10072.785,22293.957,48392.855,0.3396168,-0.007765256,3661,3,2,5
259739.10840351283,3380419.203977015,37920,1,1268.9464,43.679268,358.0585,0.0031662872,16.773245,10.023155,1318.4655,10057.957,22358.877,48434.836,0.35887387,-0.02841933,3661,3,11,5
259816.78297024488,3380284.34913464,37908,1,1178.3441,32.755737,345.42578,-0.0072415234,13.074262,9.851562,1319.9987,10032.871,22512.508,48542.773,0.3703435,-0.042801425,3661,3,11,10
259930.56058407304,3379412.9204091555,37907,1,1265.0371,39.73909,174.92041,0.004645522,15.506953,9.51039,1327.798,9618.503,23388.395,48852.984,0.41251448,-0.07028887,3661,3,2,5
260328.04364546607,3378070.560154821,46116,1,1508.9637,39.360558,187.43141,-0.005037837,14.902312,10.544067,1344.9176,9293.1,24780.354,49555.957,0.22020054,0.11188125,3661,3,2,7
262243.6255195126,3378598.4315812704,46195,1,1623.6775,36.54228,280.1755,-0.004647331,13.444888,8.4348135,1378.1653,11247.422,24380.02,51288.07,0.1919894,0.11288064,3661,8,11,6
262323.74424993864,3378478.916554949,46194,1,1618.332,44.27316,169.11444,-0.0028449476,17.900957,9.559649,1380.8636,11265.313,24500.246,51394.137,0.2324251,0.095244884,3661,8,11,6
262340.3535859069,3378382.258574052,46193,1,1632.6812,31.993202,203.19861,0.0077434727,11.78017,10.788116,1382.1915,11238.479,24600.344,51437.348,0.25733685,0.053122636,3661,8,11,6
265113.49536890176,3379161.130837362,46229,1,2123.5142,9.025967,128.65979,-0.0011262924,3.0901897,11.541789,1429.2509,14064.868,23995.883,53959.69,0.23136228,0.10652413,3661,3,2,5
265329.5307535129,3377599.767067697,46171,1,2232.003,31.73059,195.52412,-0.0019013813,11.317162,10.689241,1448.9651,13551.421,25569.836,54517.418,0.18011989,0.15231994,3661,3,2,6
267508.49601464416,3385678.657689671,46030,1,2257.9534,33.883682,254.876,-0.0039733136,13.072266,9.523145,1407.9028,17756.852,17986.271,55334.55,0.32527304,0.00913158,3661,3,11,7
267642.40092393954,3380854.122790273,46277,1,1772.4357,23.585598,232.12503,-0.0010832434,8.803846,9.02375,1461.0459,17083.559,22779.924,56114.156,0.38797253,-0.060424495,3661,3,11,7
267849.806194266,3384672.7658299683,46010,1,1909.7268,24.628117,56.976135,0.0033133072,8.828575,10.658469,1424.6652,18817.006,19034.11,55772.598,0.2794325,0.07274219,3661,3,2,6
267882.93152638385,3385968.8309186404,46048,1,2369.1338,31.473087,255.57922,-0.0047256146,12.408871,9.548701,1411.7314,17558.598,17755.373,55687.848,0.35071734,-0.024447257,3661,3,11,6
268248.615007191,3387464.4318625,46067,1,2634.3032,25.694519,28.178589,-0.0061286367,9.304922,9.200857,1402.4546,16191.68,16352.187,55941.598,0.35394576,-0.005187975,3661,3,2,6
268303.7384729713,3387622.290681337,46085,1,2588.4714,35.107788,344.24884,-0.00626478,13.212308,8.038465,1401.8218,16051.259,16207.159,55992.586,0.308786,0.037488982,3661,3,2,7
269008.2123066621,3378838.8727659043,46249,1,1427.4745,41.35356,208.70596,0.0011012071,16.101704,9.548998,1508.8859,17073.492,24972.77,57830.824,0.3537461,-0.022390448,3661,3,11,6
270125.9587549362,3379116.213441148,46250,1,1706.8466,37.90683,7.594635,0.003768878,14.534989,10.848188,1527.8785,18087.414,24909.352,58874.062,0.26787814,0.064022966,3661,3,11,5
270160.31451211503,3379453.242840707,46251,1,1671.1709,36.073044,1.468811,0.005019231,12.870218,10.731642,1524.891,18343.83,24584.803,58847.574,0.28347182,0.04147352,3661,3,11,5
271032.2699314376,3387625.3296208903,46037,1,1959.9735,27.40753,248.9625,0.0048746914,9.650511,10.897217,1449.9644,16867.59,16965.12,58718.746,0.2712085,0.048454694,3661,6,11,5
271083.6850212697,3387158.2303059744,46017,1,1761.4153,30.391874,244.23068,-0.006865972,10.5086355,11.509851,1456.0067,17319.795,17413.674,58794.266,0.49998492,-0.18138991,3661,6,11,7
271173.1692661426,3380646.7527537188,46276,1,1682.0957,40.41609,270.0,0.0032879494,16.427885,10.074603,1530.9937,19897.242,23652.793,59626.242,0.12940992,0.18197583,3661,3,11,6
271181.44551921875,3387011.62988884,46016,1,1795.6387,26.50257,198.43495,0.014288464,9.106031,11.2647,1459.4661,17493.725,17589.045,58903.2,0.42520493,-0.094002,3661,6,11,5
271215.18148360256,3387083.0302869794,46019,1,1808.1396,28.446087,158.96246,0.0043465225,10.651532,10.965436,1459.211,17436.8,17533.936,58928.848,0.43070385,-0.110628925,3661,6,11,6
271250.21901029645,3387046.399702792,46018,1,1826.2354,22.556215,185.7106,0.0142569365,8.454635,11.359749,1460.081,17474.748,17572.56,58960.62,0.3857818,-0.05871399,3661,6,11,5
271256.3413112606,3387554.4246556577,46036,1,1963.9617,25.750343,270.0,0.0071770903,9.313399,9.9445715,1454.6289,17003.566,17109.021,58942.105,0.2679363,0.05761569,3661,6,11,6
271302.26181108545,3387116.251234864,46033,1,1853.7625,21.292273,176.98718,0.013053757,7.478185,11.236565,1460.4696,17436.8,17537.664,59016.867,0.37175578,-0.039614893,3661,6,11,3
271424.6025054628,3386569.2167550297,46050,1,1671.6326,33.331623,235.30484,0.0026413708,12.029645,10.695936,1468.701,17987.04,18085.201,59171.523,0.38952234,-0.057966754,3661,6,11,6
271608.32444431586,3386439.463369795,46049,1,1635.5338,26.206112,237.99463,-0.009690723,9.084164,8.394219,1473.3901,18167.293,18270.61,59360.195,0.44571334,-0.11868614,3661,3,11,9
271731.8847332241,3386655.124888436,46015,1,1762.4548,18.202658,282.09476,-0.00057402614,6.6028967,9.505793,1473.326,18010.012,18122.125,59475.336,0.38321677,-0.05646974,3661,3,7,7
271819.6289559007,3386633.3181979936,46014,1,1757.1008,24.887981,261.57303,-0.004986849,8.253587,10.375252,1474.9807,18055.086,18170.29,59556.504,0.23922409,0.08614299,3661,3,11,7
271885.3015597637,3386648.796809151,46000,1,1767.8583,24.079254,231.3402,-0.013118734,8.629383,9.851562,1476.0012,18059.373,18177.87,59624.996,0.3969697,-0.06367109,3661,3,11,9
271900.64725105325,3386529.979533209,45999,1,1757.225,29.002457,223.60283,0.0052632056,10.432744,10.86806,1477.7275,18179.203,18296.625,59653.14,0.2585207,0.061060328,3661,3,11,6
271939.5058345588,3380915.21136935,46297,1,1960.7946,34.672554,232.8153,0.008159627,13.069686,11.005553,1542.6016,20636.129,23611.543,60333.027,0.2103468,0.097336285,3661,3,11,5
272128.03190756246,3386258.277140759,45998,1,1750.9982,13.844451,210.25644,0.0025600656,4.7420297,11.228901,1484.7524,18507.266,18629.578,59891.844,0.4125992,-0.08634591,3661,3,11,5
272317.0349474225,3380505.928893202,46246,1,1993.2434,31.676685,245.43283,-0.0013500315,11.375359,10.913219,1554.6136,20652.87,24115.607,60775.258,0.1394461,0.16307148,3661,3,11,5
272322.40131789295,3385931.56287397,45997,1,1726.6824,32.930153,231.07246,0.0023959246,11.991637,10.27219,1492.136,18885.576,19010.852,60116.367,0.37001014,-0.031260703,3661,3,2,5
272362.4054231804,3380473.1824839776,46245,1,1996.6304,13.485658,233.1301,0.004910338,4.402768,11.200665,1555.9222,20671.422,24159.281,60829.574,0.17831154,0.13771386,3661,3,11,3
272508.7917546192,3377576.024690576,46252,1,1049.7948,36.6803,211.70143,-0.006475338,13.988718,9.363863,1592.3186,19037.447,26976.258,61518.78,0.19183935,0.14456363,3661,6,11,9
272612.79555109225,3385573.384572654,46306,1,1643.8948,29.336557,245.09525,0.00047667866,10.529016,9.391761,1501.5234,19323.553,19454.752,60434.73,0.29664713,0.0389307,3661,3,2,6
272648.21713066124,3381414.5848175143,46299,1,2156.5083,30.506847,268.21008,-0.0029950598,11.181551,10.168136,1550.3695,21498.82,23354.326,60955.93,0.31919074,0.0076343133,3661,3,11,3
272995.28351201897,3385034.0839062096,46011,1,1411.008,25.458265,296.56506,-0.006167309,9.269673,9.068004,1514.694,19962.889,20100.393,60860.96,0.46643075,-0.13899146,3661,1,11,9
273086.1580193209,3387382.720376498,46084,1,1891.4229,32.497192,14.470306,0.00042202853,11.809177,10.235117,1488.8698,17823.414,18004.855,60778.57,0.46174496,-0.1395943,3661,1,2,6
273085.5622135353,3387555.219127179,46068,1,1843.1088,31.373325,49.398712,0.0051971455,10.881596,7.2603865,1486.8851,17668.078,17852.812,60769.633,0.44322067,-0.11557062,3661,1,2,6
273095.0593439802,3385439.5140542896,46305,1,1597.8729,31.311014,251.0296,-0.0027906797,11.307885,8.343753,1511.7173,19616.982,19764.729,60924.04,0.3950243,-0.056565348,3661,1,2,7
273152.5163733646,3385228.354675168,46012,1,1516.4794,27.401953,264.09387,0.004166454,9.441764,9.011674,1515.2621,19834.336,19981.016,61002.152,0.35782132,-0.030843366,3661,1,11,6
273630.1880346696,3379836.7578273825,46302,1,1437.0944,19.814165,290.77228,-0.0021513908,7.588608,9.869022,1587.6229,21262.008,25160.867,62178.656,0.43591174,-0.109437466,3661,3,2,7
273830.28530650865,3377896.798179285,46254,1,1206.2751,40.436596,212.73523,0.0020797257,15.609583,9.468623,1614.824,20334.035,27060.543,62751.023,0.5498521,-0.22815576,3661,1,11,6
273844.87667430553,3377670.5666074734,46253,1,1211.4945,43.66225,71.89624,-0.0007375765,17.621603,10.658293,1617.7676,20220.988,27281.445,62807.984,0.4020141,-0.06261347,3661,1,11,6
273962.666019832,3387845.080958538,45959,1,1580.5114,32.37494,180.0,-0.0032030689,11.936582,9.851562,1498.942,17785.795,18012.373,61634.547,0.5279986,-0.21579888,3661,6,2,6
273966.7051285828,3384803.7879341766,46304,1,1349.4442,42.39552,116.56503,-0.0010477595,16.929512,7.691331,1535.0713,20540.266,20709.9,61848.24,0.35351098,-0.004692275,3661,1,2,6
273972.1733675461,3378280.756303887,46256,1,1252.3188,38.134365,194.6764,-0.0029245233,14.551882,8.884344,1613.0496,20656.395,26747.645,62812.11,0.3125103,0.0031365587,3661,1,11,6
274000.6422716046,3389383.105297287,46074,1,1847.6996,27.998487,206.56505,-0.008441721,10.388166,9.851562,1481.3608,16445.002,16712.21,61623.297,0.4947758,-0.17448138,3661,2,2,7
274027.9437554441,3389281.919370439,46073,1,1846.9163,31.979805,172.40533,0.0011012478,11.435078,9.673876,1482.8916,16542.023,16807.44,61645.45,0.4172849,-0.083576284,3661,2,2,6
274003.0679124977,3378223.7878023447,46255,1,1279.0952,34.88361,167.31958,-0.0033261671,13.2704115,7.876887,1614.3593,20649.139,26814.215,62853.363,0.41936466,-0.091723695,3661,1,11,6
274105.6117118286,3378104.0715545523,46280,1,1361.9221,24.711262,167.73523,0.0067481273,8.526168,10.046497,1617.7711,20669.09,26960.742,62975.215,0.365306,-0.038132872,3661,1,11,6
274118.0290474906,3378255.289571549,46257,1,1344.0192,34.082054,166.32867,0.0017142701,12.253285,9.795371,1616.1693,20757.95,26822.844,62955.273,0.30151615,0.0074224533,3661,1,11,6
274128.1691669007,3378212.5756520694,46279,1,1355.6869,29.15154,157.83362,-0.00057916116,10.467157,7.9273458,1616.8464,20744.867,26863.875,62972.973,0.27959672,0.0554861,3661,1,11,6
274242.8808240017,3386997.837398938,46089,1,1453.3353,29.234861,231.3402,-0.004041343,10.542581,8.949137,1513.8816,18662.225,18881.8,61958.2,0.3266513,0.010594889,3661,1,2,9
274353.0495984532,3386570.0148479613,46091,1,1431.8859,36.607067,152.78387,-0.0009913759,14.1364975,10.30117,1520.9785,19096.139,19311.37,62094.844,0.2948527,0.05710009,3661,1,2,7
274413.7065443184,3386345.960075514,46092,1,1413.3494,33.787693,193.32454,-0.0058878097,13.711219,8.492212,1524.8049,19328.922,19541.957,62170.273,0.26836714,0.06886639,3661,1,11,7
274423.252661065,3386691.0945468037,46090,1,1450.2115,38.893337,159.90479,-0.00462309,14.941595,9.851562,1520.7881,19019.996,19240.21,62156.914,0.36811417,-0.026647259,3661,2,2,9
274580.34283473727,3386882.4078074736,46065,1,1526.6731,34.646286,198.92465,-0.014696989,13.439387,9.851562,1521.352,18922.54,19153.455,62304.77,0.37845924,-0.047945723,3661,2,2,9
274868.6849304432,3377572.232747958,46281,1,1440.5187,33.948658,211.21841,-0.0008344447,11.59188,11.0707445,1639.2305,21046.32,27720.117,63826.71,0.42997724,-0.10106713,3661,1,11,6
274886.22158016154,3378672.555884064,46220,1,1411.7633,35.76687,216.25385,-0.0014741409,13.472406,9.81499,1626.2402,21633.02,26701.336,63629.867,0.37263924,-0.05022695,3661,1,11,6
274888.82827862096,3385569.3012248417,46093,1,1422.2477,35.50822,293.80594,0.0007619762,13.343904,10.177624,1542.522,20227.512,20443.025,62696.953,0.27395085,0.04912998,3661,2,11,6
274981.2799462619,3386871.703509605,46088,1,1771.0836,34.535904,160.0169,0.0014464124,12.605437,10.724632,1528.5745,19117.098,19363.969,62704.645,0.5687605,-0.25814772,3661,2,2,6
274936.24969505955,3385587.9892163463,46094,1,1419.264,36.594288,292.0679,-0.0034701184,13.575704,8.388661,1543.1823,20231.945,20449.572,62745.17,0.32160056,0.0074917353,3661,2,11,6
274982.9063613784,3386865.53085236,46066,1,1772.1769,35.570183,177.06433,0.0009520562,12.841489,10.097413,1528.6956,19125.912,19372.557,62705.25,0.5769504,-0.26835367,3661,2,2,6
275172.1282872748,3378178.467732917,46283,1,1646.311,38.248066,126.8699,0.0024010532,14.367209,10.61571,1637.9231,21622.549,27263.793,64008.43,0.43712145,-0.11204869,3661,1,11,5
275279.7317161326,3381202.987992599,46303,1,1531.5028,13.427334,303.69006,0.02345697,4.76528,11.382129,1602.9176,23398.28,24526.191,63587.625,0.43617246,-0.1141743,3661,1,11,3
275374.21152842726,3377664.310990664,46282,1,1659.8217,26.317522,225.0,-0.00034275022,10.256785,9.29063,1648.2554,21533.941,27820.887,64307.7,0.46076682,-0.13644513,3661,1,11,6
275487.5739923283,3385617.2206205223,46104,1,1452.603,36.523376,258.11136,0.0018381767,13.077392,10.134894,1552.7385,20455.584,20694.705,63290.992,0.33651692,-0.012582872,3661,2,11,6
275492.3810563498,3385614.169095222,46031,1,1447.0714,37.476868,265.9144,0.0018623252,13.700324,9.6308775,1553.0411,20469.092,20708.379,63301.758,0.34088495,-0.012419204,3661,2,11,6
275689.6591830785,3378067.6185919726,46301,1,1679.3628,29.45579,80.21759,0.002467844,10.077077,10.312776,1649.3403,22006.445,27558.473,64530.086,0.34308338,-0.0005509357,3661,2,11,6
275867.59129245306,3385773.2581039886,46105,1,1471.1847,21.236948,303.69006,-0.0018551443,7.0799313,9.851562,1557.742,20503.916,20760.37,63658.094,0.37287736,-0.043327935,3661,2,11,7
276620.9991594771,3387315.780148016,46136,1,1967.4562,30.401205,306.1582,-4.597413e-05,10.992021,9.878487,1552.1855,19545.174,19758.877,64317.305,0.26161188,0.053276345,3661,6,11,5
276690.46214889723,3385431.4714163323,46106,1,1627.4099,24.901983,142.30576,-0.0072612083,8.396435,7.95801,1576.9286,21209.379,21489.11,64512.348,0.42114323,-0.088717766,3661,2,2,7
276703.14205271273,3387976.1902702907,46122,1,1929.4976,25.505102,2.3859558,-0.0015581994,8.822758,9.053467,1545.3499,19013.27,19203.52,64366.234,0.47540942,-0.15986407,3661,6,11,7
276789.3098256154,3387047.0075074458,46178,1,1799.092,30.88628,10.30484,-0.0076686004,10.727066,9.851562,1558.262,19850.387,20062.723,64491.117,0.49127635,-0.17764007,3661,2,11,6
223980.24937511963,3378268.6954572564,35995,1,1254.3785,45.496048,3.1221313,8.941203e-06,18.992474,9.152427,1441.248,12061.363,36376.566,16965.855,0.08181521,0.2382674,3661,2,11,7
223980.14678891253,3377436.8194642384,36102,1,1183.6663,33.93718,300.96375,-0.00838941,12.039234,7.4940324,1442.1986,12226.222,36967.715,17574.549,0.5282157,-0.21257275,3661,5,11,7
224147.8001017048,3377387.398672217,35594,1,1155.2012,37.152428,320.90613,0.0065831956,14.736006,10.019694,1438.0531,12403.277,36883.668,17724.43,0.45255896,-0.12955667,3661,5,11,6
224497.6517147521,3378692.2847993546,35875,1,1358.5122,29.909029,292.47943,-0.0027717873,10.361923,11.072096,1430.0354,12498.912,35718.24,17020.309,0.32146865,0.003667523,3661,2,11,6
224893.5657158992,3378237.569390277,35818,1,1423.6681,40.429523,290.28256,0.0014328063,15.811346,10.576587,1416.9043,12962.92,35751.867,17621.191,0.3608586,-0.043447874,3661,2,11,5
224961.64003355047,3378267.531547463,35798,1,1430.8718,42.171482,280.20398,-0.0035093555,16.745642,9.261386,1415.2375,13026.977,35681.324,17649.844,0.42673722,-0.0944244,3661,2,11,6
224961.9133216281,3378222.2035305803,35797,1,1387.957,34.97946,284.6764,-0.005400866,13.465392,9.013418,1414.9176,13035.283,35716.92,17684.979,0.39900765,-0.062294915,3661,2,11,6
224972.22687391235,3378179.346638185,35817,1,1366.198,27.988808,256.50427,-0.0039206953,10.543548,8.817364,1414.3949,13051.915,35738.41,17720.236,0.12641384,0.19405253,3661,2,11,6
225132.05958688183,3378430.5413244027,36545,1,1515.5698,42.34506,308.29016,-0.00037089945,16.337307,10.478724,1411.8043,13169.692,35448.03,17660.139,0.2772726,0.051377963,3661,2,11,6
225132.05958688183,3378430.5413244027,35796,1,1515.5698,42.34506,308.29016,-0.00037089945,16.337307,10.478724,1411.8043,13169.692,35448.03,17660.139,0.2772726,0.051377963,3661,2,11,6
225244.5894759505,3377798.99419938,35858,1,1155.302,27.804895,261.57303,-0.002220587,10.352798,9.344805,1404.5759,13386.896,35822.95,18179.717,0.30263463,0.030724322,3661,2,11,7
225244.03611796704,3378511.194549831,36084,1,1531.4126,37.334316,271.4688,-0.010669287,14.412723,9.1126995,1409.472,13266.759,35313.832,17684.598,0.29862228,0.031423327,3661,2,11,7
225324.3097784716,3377819.496985126,35859,1,1166.177,32.908882,274.8991,0.0007987151,11.840956,8.335075,1402.5342,13461.508,35753.176,18222.254,0.34589276,-0.014673489,3661,2,11,6
225330.8382315933,3378405.823651796,36103,1,1521.5714,46.873898,243.83844,0.0073225074,19.303211,11.306061,1406.3547,13371.93,35329.273,17825.578,0.26111495,0.06432451,3661,2,11,6
225417.60311698823,3377834.0771687347,35860,1,1166.3739,32.369156,287.92792,0.0011250523,11.968449,10.232813,1400.1543,13547.93,35683.797,18279.203,0.33690783,-0.007088348,3661,2,11,6
225611.5467058289,3378138.222078386,35940,1,1342.6152,36.697685,285.9454,0.0024206894,14.0081415,10.02266,1397.0541,13689.518,35321.477,18207.658,0.25158152,0.07419995,3661,2,11,6
225618.958538171,3378473.3780417684,36083,1,1566.1709,31.889109,302.73523,0.00046669913,11.888913,10.521914,1399.5385,13638.681,35083.793,17982.34,0.1714596,0.14250511,3661,2,11,6
225684.36503944616,3378503.038447828,36104,1,1563.0059,36.53377,288.43494,-0.0014381846,13.709234,10.3311615,1397.9415,13703.759,35013.543,18013.598,0.20058502,0.118834026,3661,2,11,6
225830.61092050635,3378537.732832968,36082,1,1557.4785,33.259552,293.6294,0.0054227323,11.7801285,10.332884,1394.3538,13846.852,34880.574,18097.734,0.30031964,0.025857043,3661,2,11,6
225928.84050035875,3378497.278333988,35974,1,1508.8422,28.261635,284.53445,-0.005478355,10.614064,9.851562,1391.697,13941.456,34847.062,18191.385,0.32393283,-0.0052596023,3661,2,11,7
226166.91602335876,3378375.7699291133,35898,1,1467.3676,31.46072,268.1524,-0.006912929,11.511473,9.390343,1384.3557,14197.326,34775.867,18456.896,0.23868658,0.092578456,3661,2,11,6
226259.9191865197,3377854.7393639544,35777,1,1194.345,39.678234,248.19861,-0.0019215932,14.8493595,10.900532,1377.4922,14369.872,35094.793,18873.148,0.2861338,0.054070607,3661,2,11,6
226271.38543067733,3377976.0435074563,35941,1,1261.4517,32.409515,252.64598,-0.00901229,12.3021145,9.851562,1377.9958,14368.6875,34993.05,18806.662,0.28234193,0.035500478,3661,2,11,6
226412.11490101356,3377602.313542434,35776,1,1137.8789,33.920208,238.81503,-0.0036333757,12.363666,9.562755,1372.0173,14573.473,35171.41,19160.48,0.21735832,0.10854793,3661,2,11,6
226490.9783362298,3377562.057352248,36107,1,1151.596,39.513435,235.98065,-0.00095769827,14.541938,9.467466,1370.2823,14659.703,35147.426,19246.299,0.32765195,0.0013946241,3661,2,11,7
226486.56405785095,3377784.411947953,35942,1,1275.397,36.456142,225.0,0.0031921836,13.227312,9.890818,1370.6224,14608.689,34991.098,19089.854,0.26885313,0.052608766,3661,2,11,6
226508.94082691704,3378001.7013511816,35897,1,1396.5282,37.03396,243.9465,0.0052168975,14.274182,9.980236,1372.0842,14590.415,34815.176,18956.996,0.3149842,0.01371842,3661,2,11,6
226571.2493140548,3377538.2989088856,36106,1,1169.4712,39.052464,251.96573,0.00047039174,15.214102,9.851562,1368.2963,14742.065,35108.773,19318.56,0.21053614,0.11700798,3661,7,7,6
226769.48485607927,3377972.4651825,35956,1,1390.0557,29.860622,222.2737,-0.0032883808,10.547189,9.943647,1364.8252,14851.805,34662.21,19171.15,0.29597086,0.03493353,3661,2,11,6
226757.93098116043,3378190.105337177,35958,1,1496.2223,34.0733,264.4278,-0.009588566,12.761415,8.475522,1367.1921,14807.363,34506.22,19018.688,0.3211372,0.0038614327,3661,2,11,6
226806.11937213544,3377484.231497487,35778,1,1159.8054,28.040157,274.3987,-0.003789953,10.17077,9.382588,1362.622,14979.354,35000.36,19528.453,0.30574638,0.019007927,3661,7,5,7
236090.0925761897,3377356.9209075104,38597,1,1536.993,17.76048,241.69925,-0.012984774,6.1158338,8.759117,1105.5071,10107.918,29770.664,27168.107,0.5608417,-0.25180477,3661,2,2,9
236122.6567303886,3377557.105657426,36786,1,1612.5403,20.445667,248.74951,-0.0018371188,6.972204,9.851562,1108.8597,9962.43,29575.295,27105.771,0.52670324,-0.21257547,3661,2,11,7
236149.35293467445,3377589.7299401304,36787,1,1625.4275,20.096016,235.49149,-0.003587308,6.680648,9.851562,1109.8164,9929.134,29539.414,27108.807,0.47467428,-0.15721531,3661,2,11,9
236167.8870030707,3377587.3306682617,36790,1,1628.5674,19.171003,235.49149,-0.005277979,6.483514,9.851562,1110.028,9912.502,29530.016,27126.33,0.48123538,-0.15699561,3661,2,11,9
236179.934067625,3377410.2389756856,36788,1,1582.4148,22.556131,249.14555,0.0001466155,7.636634,11.106978,1105.6775,10005.448,29684.375,27222.25,0.31700656,-0.008971084,3661,2,11,7
236358.88597525965,3377798.255849888,36789,1,1723.3386,28.98051,218.04706,-0.01284645,10.958146,8.750221,1117.1857,9638.075,29255.46,27193.035,0.20490915,0.11647915,3661,2,11,7
236982.6416389109,3377560.691204159,36803,1,1739.7698,40.166054,273.73138,0.0065264697,16.608168,11.1590605,1117.971,9260.021,29180.686,27861.768,0.27706197,0.034732897,3661,2,11,5
236991.31921197535,3377522.891637505,36804,1,1698.2344,46.493618,295.70996,-0.00013070769,19.11902,11.084747,1117.132,9276.018,29211.992,27889.416,0.3958563,-0.07876741,3661,2,11,6
237054.70017805664,3377565.1472043474,36805,1,1721.3369,46.512177,280.1247,-0.00094727904,19.985113,9.355543,1118.7104,9204.026,29149.387,27923.566,0.27806294,0.041846294,3661,2,11,7
237060.5793342122,3377509.3914868645,36817,1,1680.6841,37.43397,256.6075,-0.0025696408,14.220668,9.255602,1117.6401,9226.251,29189.672,27955.883,0.28876948,0.02040612,3661,2,11,7
237196.40437978413,3377571.088632414,36818,1,1719.9587,44.336903,288.77805,0.00041893576,18.515097,10.839683,1120.4219,9086.528,29078.16,28042.613,0.27575237,0.046474427,3661,2,11,6
237211.6450157296,3377525.2867325293,36819,1,1665.952,40.53449,285.15408,-0.0043314192,15.84489,10.6725025,1119.467,9101.236,29114.156,28083.66,0.28191185,0.038900234,3661,2,11,7
237373.2662690646,3377582.75722629,36820,1,1688.7091,38.032272,300.73547,-0.0021722564,14.024418,10.85818,1122.5486,8938.193,28989.887,28197.283,0.26938474,0.05498118,3661,2,11,6
238315.81455617712,3383016.9212145577,37962,1,1605.1902,29.748672,267.7094,0.007945577,10.69805,10.388464,1251.8745,5688.9453,23735.373,27022.51,0.1764197,0.14132345,3661,2,11,6
238385.0372222904,3383253.507263629,37960,1,1638.3372,35.986015,295.9065,-0.0001833746,12.962433,11.36893,1257.1476,5549.82,23500.863,27025.695,0.16560952,0.15681542,3661,2,11,7
238407.21430085847,3383207.795596305,37961,1,1603.0884,35.3697,302.90524,-0.009631125,12.645117,10.296753,1256.3169,5543.4736,23525.719,27055.916,0.3444016,-0.021389522,3661,2,11,7
239222.2201993244,3380170.451607761,36821,1,1991.9105,36.018208,344.98163,-0.0031909463,13.611585,9.755225,1195.2299,5951.243,25851.74,28807.793,0.3441158,-0.013766576,3661,2,2,6
239495.2595383557,3379836.1540000746,36822,1,2005.102,33.009613,3.2704773,-0.002265762,12.491925,8.435481,1190.1572,5899.2373,26043.799,29183.883,0.40936434,-0.07673152,3661,2,2,6
239455.0877398788,3379922.4026807803,36835,1,2035.0449,33.292877,351.67435,0.005854297,11.580499,10.662041,1191.6986,5883.443,25979.062,29113.42,0.28033468,0.053611875,3661,2,11,6
239543.3692733283,3379943.9831365547,36823,1,1978.4366,29.370396,323.1301,0.0016795597,11.222189,10.299509,1192.7429,5796.9995,25922.97,29189.738,0.26630878,0.066333085,3661,2,2,5
239579.1048304732,3379441.486398224,36853,1,2012.3926,38.60392,340.641,-0.0042479523,15.534593,8.512388,1182.8737,6060.074,26365.078,29404.775,0.4414613,-0.110258095,3661,2,2,7
239663.16585668735,3379467.740276966,36836,1,1933.7568,51.394127,326.97614,-0.0052188216,21.855104,9.658526,1184.1737,5970.302,26300.732,29476.584,0.2911432,0.030520793,3661,2,2,6
240771.81346772812,3380056.9866967886,36854,1,1863.4886,26.155378,10.885529,0.012323273,8.939676,11.243947,1203.621,4734.818,25319.338,30294.957,0.24694076,0.08509335,3661,2,11,3
240838.1023046276,3380016.9276577174,36855,1,1826.9961,31.822515,348.69006,0.0021303121,11.704685,10.321908,1203.2935,4715.008,25333.488,30365.164,0.45093176,-0.12469134,3661,2,11,5
241532.5693832067,3384073.1997838435,38037,1,959.6972,40.103878,232.59464,-0.007075355,14.86144,8.56393,1279.3186,2302.1729,21339.17,29875.871,0.43983006,-0.10732042,3661,2,11,10
241622.22258956812,3384123.9780217377,38036,1,1049.0735,40.672474,214.77783,0.00014676966,15.905686,9.902775,1280.3047,2200.9543,21256.246,29952.705,0.39201096,-0.049695775,3661,2,11,6
242593.80583677287,3383105.590210491,36891,1,961.4809,32.0869,273.0128,-0.0031230527,11.547556,8.626991,1264.8136,1618.9194,21820.91,31131.875,0.29900637,0.03060824,3661,2,11,6
242480.46615221543,3379812.8026599623,36870,1,1589.9423,21.508266,291.80142,0.022073604,9.084309,11.366411,1211.1746,3632.4785,24953.64,31986.414,0.19175074,0.1354309,3661,2,7,3
242492.20312255964,3380230.891476985,36869,1,1622.7295,32.37211,318.50354,-0.0034447853,11.195831,8.987226,1218.0121,3341.8557,24552.707,31855.844,0.20692785,0.11285479,3661,2,11,6
242942.19210234957,3383096.80706416,36890,1,876.7718,42.231693,300.01837,-0.0017071222,16.042582,8.092831,1265.6735,1305.8715,21697.457,31471.514,0.104383215,0.22511174,3661,2,11,7
243151.2329645008,3383285.4308985244,36893,1,852.2124,28.07334,297.47443,-0.00544854,10.28669,7.6967444,1268.9578,1037.5452,21456.387,31632.926,0.18008648,0.15159811,3661,2,11,10
226863.93694087103,3377530.0080010938,35779,1,1202.8787,40.48462,253.8866,-0.0014842282,16.193344,8.12147,1360.3086,15028.536,34923.14,19539.135,0.33043513,-0.01314874,3661,2,5,6
226874.89964470488,3377949.6047592885,35957,1,1409.4121,30.751936,270.0,-0.001051559,10.66701,9.538109,1361.6764,14963.596,34603.32,19266.928,0.23983687,0.08707736,3661,2,11,6
226885.8399198137,3377533.5582618285,35819,1,1208.658,40.300156,250.0169,-0.0010936303,16.083735,7.927658,1359.7489,15048.166,34909.875,19553.951,0.40002507,-0.07471262,3661,2,5,6
226962.62885233577,3378126.055040639,35899,1,1513.661,31.151382,275.35583,-0.0038681114,10.845882,9.146198,1360.9418,15025.531,34416.805,19223.332,0.22669908,0.09993287,3661,2,11,5
227025.6196888712,3378117.07842836,35920,1,1514.3146,24.532858,242.35403,-0.011184905,9.560759,8.02848,1359.3474,15084.834,34376.617,19268.848,0.35253802,-0.029445443,3661,2,11,6
227048.0440320383,3377393.83658738,35820,1,1159.2986,38.876274,224.09064,-0.008541052,15.249675,9.547852,1357.0569,15232.377,34909.21,19766.521,0.39125246,-0.05890721,3661,7,11,7
227091.63199836775,3378135.9274179093,35919,1,1554.8253,31.70581,201.80142,-0.0025363825,11.138204,10.509368,1357.5889,15152.519,34322.36,19315.562,0.29909116,0.028065063,3661,2,11,6
227775.73226896217,3377672.460618817,35921,1,1232.5289,42.71589,318.36646,-0.0007802413,15.9874325,9.301953,1334.344,15897.899,34219.695,20131.678,0.29029104,0.033918023,3661,2,11,7
227784.01029491264,3378375.6381275146,35998,1,1289.7324,35.126366,9.211029,0.00012427995,13.812149,8.34301,1342.01,15802.231,33684.516,19695.08,0.5322474,-0.21983926,3661,2,11,7
228034.117101449,3378290.535905008,36729,1,1253.6344,25.717255,177.39746,-0.0008810226,9.250533,9.9655485,1334.5564,16060.536,33580.305,19940.574,0.44120315,-0.11825997,3661,2,11,9
228169.32389783644,3378021.246615474,36065,1,1261.6694,27.918385,180.0,-0.0031523327,10.041001,8.679149,1327.9154,16226.972,33700.242,20210.455,0.42332038,-0.098507896,3661,2,11,7
228184.44700500503,3378130.5247937352,36064,1,1297.4878,28.33656,223.45184,-0.0009890514,9.855266,8.175042,1328.7064,16230.937,33603.625,20157.504,0.39004877,-0.06123866,3661,2,11,7
229226.0671642801,3378498.6683235867,36002,1,1662.8752,37.385426,288.43494,0.00039392832,14.373507,9.543934,1306.3662,15743.307,32650.906,20763.297,0.35176504,-0.01698794,3661,2,11,6
229677.08701767947,3378564.3051737444,36061,1,1657.6893,27.278175,267.9546,-0.005407486,9.587354,9.222184,1295.6827,15299.934,32319.338,21095.223,0.24080455,0.08613487,3661,2,11,6
229709.1757848709,3377473.6540890685,35838,1,1526.1051,35.98463,272.86243,-0.0049768337,13.4790325,9.750175,1281.5951,15682.021,33154.562,21762.635,0.20763007,0.11775388,3661,2,11,6
230104.7861420397,3378630.63084598,35999,1,1777.1973,33.923943,251.56506,-0.008641897,12.381747,10.954768,1285.7733,14872.424,31995.402,21409.46,0.43331084,-0.10102709,3661,2,11,7
230218.50482131404,3378678.7178268344,36000,1,1814.8301,25.04182,272.0454,-0.013131191,9.011708,9.851562,1283.7561,14751.881,31887.814,21472.605,0.39191198,-0.07003423,3661,2,11,7
230801.75990406543,3377340.228557733,35631,1,1530.2205,13.478257,228.81409,-0.01578794,4.93357,9.851562,1252.5645,14740.519,32596.553,22723.348,0.310244,0.016442275,3661,2,11,9
230822.745873846,3378388.8862129347,36043,1,1945.4402,30.751986,305.90973,0.00395754,11.010122,10.342218,1263.5232,14290.088,31742.668,22140.861,0.34181213,-0.011243965,3661,2,11,6
230932.2433446705,3377730.3402176606,36042,1,1640.3262,30.13494,240.75117,-0.00034972408,10.948132,10.405048,1249.5791,14454.829,32205.2,22603.46,0.23858523,0.07929015,3661,2,11,6
230961.85276668487,3377717.268756671,36041,1,1639.7859,33.5175,258.99646,0.0024378113,12.203217,10.654201,1248.603,14431.885,32195.473,22633.791,0.24116963,0.08493462,3661,2,11,7
231574.8551706696,3377476.380077269,36049,1,1697.7576,32.15924,317.38596,-0.0028688582,12.110157,9.94505,1229.2073,13993.316,32041.969,23277.639,0.12584555,0.18654524,3661,2,11,6
231695.0742156725,3377715.991671884,35857,1,1757.2986,44.86912,324.46234,-0.0071209897,17.801582,10.636937,1228.8004,13778.697,31776.691,23242.041,0.23404367,0.09860292,3661,2,11,6
231734.9471142713,3377795.354109482,35869,1,1771.1917,25.912413,272.29062,-0.024613654,10.862822,8.190143,1229.1868,13707.389,31688.277,23230.852,0.21687336,0.11471432,3661,2,11,7
231886.3741703168,3377415.5314323627,36549,1,1659.3058,29.884808,246.50143,-0.0081721125,11.053083,8.152833,1221.3567,13742.875,31913.71,23567.404,0.2263571,0.09250638,3661,2,11,9
232791.84240069773,3378379.270403989,35870,1,1725.2509,36.246437,343.1416,-0.0013212103,13.74469,8.928663,1212.712,12495.967,30598.955,23810.889,0.49893087,-0.18652637,3661,2,11,7
233057.5229471695,3377797.0696444632,35809,1,1608.557,32.73239,183.7314,-0.005531859,11.457585,10.294011,1194.135,12521.981,30936.387,24335.47,0.5486132,-0.23410921,3661,2,11,6
234106.2895306248,3377501.592201577,35935,1,1732.488,26.883257,296.56506,-0.012079156,9.538903,6.368669,1159.4828,11723.907,30628.59,25387.195,0.19938408,0.12556607,3661,2,11,7
234349.8311946409,3377826.7935963995,35936,1,1899.0944,33.22772,311.87787,-0.007267381,12.095995,9.851562,1160.5177,11356.782,30221.93,25424.621,0.35787356,-0.042550456,3661,2,11,7
235020.69579976695,3377537.333507732,35937,1,1898.0239,26.851542,297.55283,-0.012475403,9.948966,9.302072,1135.5641,10904.035,30125.645,26158.2,0.29030257,0.035692286,3661,2,11,6
235048.8129253432,3377497.5189056844,35938,1,1874.3309,26.035498,318.17984,-0.01365715,10.097585,9.457343,1134.0631,10907.318,30150.387,26195.574,0.40222636,-0.08770737,3661,2,11,7
214167.1530458587,3381667.3084056904,36045,1,1535.4098,39.671284,199.65384,-0.0042027556,14.418383,8.069008,1663.8435,2406.2627,42073.945,9162.587,0.20827818,0.121415436,3661,2,11,7
214204.1723302956,3381842.6677830825,36023,1,1629.7301,32.742645,234.63754,-0.0048182583,11.861104,9.424659,1660.8224,2532.3901,41951.176,9003.805,0.22181602,0.106097564,3661,2,11,6
214198.35870736343,3380854.205648352,35588,1,1227.8326,26.325842,299.98163,-0.015081264,9.292012,9.851562,1673.5897,2126.0293,42482.96,9973.7705,0.361826,-0.043809064,3661,2,11,7
214169.97357133563,3380347.3252530056,35752,1,1179.7054,28.85038,241.69925,0.0037368718,9.684629,10.406061,1680.6116,2050.878,42778.652,10460.831,0.1286891,0.18651551,3661,2,11,5
214167.0625404147,3380333.7273939536,35753,1,1170.182,28.034279,240.75117,0.0035511896,9.609946,9.668366,1680.8645,2051.5603,42789.55,10480.545,0.18681361,0.13299716,3661,2,11,5
214213.49885847783,3381518.244717048,36005,1,1521.2506,40.99491,202.01129,0.0010704603,16.000772,10.528243,1664.6669,2375.3105,42110.0,9319.442,0.304732,0.029021546,3661,2,11,6
214202.8578513236,3380325.262807767,35754,1,1179.2208,28.05096,230.19443,0.004522382,9.661268,10.692149,1680.0349,2091.937,42761.484,10497.223,0.1974271,0.1219839,3661,2,11,5
214214.39776287696,3380887.0233089407,35572,1,1245.1443,29.746683,279.7824,-0.014100574,10.586709,9.345149,1672.6261,2154.1587,42444.613,9938.073,0.21976726,0.09864146,3661,2,11,7
214251.05949911216,3380270.860973115,35771,1,1164.8645,28.371996,258.69006,0.0055152257,10.000428,9.232895,1679.4641,2144.5747,42746.934,10555.175,0.3228019,0.0028620376,3661,2,11,5
214255.7492912319,3380295.8147233166,35755,1,1175.7318,26.896479,259.5085,0.006830444,9.448554,9.362344,1679.2145,2143.3618,42735.996,10535.487,0.24098784,0.07615592,3661,2,11,5
214275.8274991023,3380914.0389999044,35571,1,1259.3531,33.103275,254.876,-0.011212424,11.941656,9.851562,1671.0022,2217.1152,42383.25,9929.598,0.1884891,0.11651431,3661,2,11,6
214333.41783362167,3381771.64500854,36024,1,1679.4313,33.061996,189.92625,0.0029772546,12.154828,10.558606,1658.935,2603.4592,41876.75,9099.215,0.2568965,0.07691801,3661,2,11,5
214307.32495175212,3380946.1048756205,35587,1,1284.0396,34.365654,274.3987,-0.005047899,12.434328,9.851562,1669.9429,2253.22,42341.84,9905.882,0.30488846,0.011124662,3661,2,11,6
214534.30648684027,3381765.391032892,36025,1,1694.1854,29.695927,286.1892,-0.008017245,10.549155,8.998234,1654.7872,2771.0828,41711.633,9153.666,0.1398179,0.18922064,3661,2,11,6
214500.2586518241,3381431.436867417,35623,1,1488.8092,28.335789,288.9704,-0.013840592,10.205293,9.851562,1659.4418,2598.5574,41911.258,9468.1045,0.3581962,-0.03215766,3661,2,11,7
214616.17502497017,3381315.0440782188,35609,1,1461.9333,39.907288,250.42688,0.00040576767,15.228493,10.770917,1658.4639,2657.066,41881.96,9609.9375,0.32312176,0.017555341,3661,2,11,6
214697.0151986145,3381231.138560944,35608,1,1429.9196,32.88379,234.09027,-0.005745332,11.939376,9.364217,1657.6377,2707.1755,41857.145,9706.437,0.1274665,0.19730888,3661,2,11,6
214863.31554569615,3381243.6955070887,36628,1,1483.9095,28.818039,291.44775,0.0067145256,10.464442,11.071185,1653.739,2872.525,41708.336,9738.444,0.16394481,0.16079935,3661,2,11,5
214938.93624669567,3381455.1171160326,36650,1,1581.2256,31.956978,284.03625,-0.0065328293,12.164355,8.189393,1649.7911,3005.6614,41536.66,9553.832,0.2539682,0.07619224,3661,2,11,7
214945.0150882884,3381633.592646145,36626,1,1700.3834,36.18505,275.85602,-0.0013204525,13.306181,9.506916,1647.5223,3081.769,41432.223,9383.145,0.22687645,0.103762634,3661,2,11,6
214983.69827235237,3381616.2183443466,36627,1,1685.5938,35.448658,260.78897,-0.004262261,13.594537,9.57275,1646.8872,3110.7715,41409.0,9413.32,0.31188524,0.022714375,3661,2,11,6
215047.97054209895,3381243.2850348293,36649,1,1422.074,36.361416,304.77783,-0.00660539,13.569993,9.851562,1649.7388,3045.2915,41556.664,9785.647,0.27717236,0.053884145,3661,2,11,7
215145.10220066475,3381546.979046803,35549,1,1623.7092,37.139534,306.25385,-0.0028038213,14.85092,9.734711,1644.0991,3237.3599,41305.742,9516.018,0.4034755,-0.07655372,3661,2,11,7
215180.1351705415,3381609.2956065675,36629,1,1662.2255,41.17546,290.95578,-0.0034327684,16.73261,9.119716,1642.7897,3286.8828,41248.297,9467.359,0.40159518,-0.06540801,3661,2,11,7
215188.70498033665,3381323.554133904,36630,1,1462.8467,33.33354,296.56506,-0.004462154,12.703042,10.5413885,1645.7538,3202.0308,41395.63,9747.805,0.34839594,-0.0075645903,3661,2,11,7
215197.6854049652,3380392.467631789,35560,1,1265.3442,27.734999,265.60132,0.012203001,10.670159,10.764812,1655.6615,3080.065,41896.523,10644.854,0.2888092,0.03173133,3661,2,11,3
215201.8772354677,3381361.975620315,35550,1,1480.9761,32.124252,293.6294,-0.009164556,12.112946,7.014028,1644.8757,3232.7388,41357.21,9715.251,0.34277722,-0.006247213,3661,2,11,7
215318.3592709305,3380302.2199345008,35559,1,1163.2794,34.047417,281.30994,-0.003690634,13.005286,8.962257,1653.777,3201.89,41846.957,10763.643,0.40281406,-0.068353005,3661,2,11,7
215415.7788810103,3380257.502280624,36047,1,1116.8861,41.179207,289.17902,0.0007502713,16.808279,10.888754,1651.8124,3303.4072,41786.414,10829.608,0.1660736,0.15518549,3661,2,11,6
215482.8631385923,3380717.564571087,36068,1,1386.9077,35.519577,285.5241,-0.0037235671,13.891172,8.721507,1645.3787,3384.2283,41472.23,10409.213,0.29232585,0.02497327,3661,2,11,6
215510.9296716024,3380373.889679336,36090,1,1166.3821,33.311085,266.53177,-0.008242282,13.118162,8.561478,1648.2925,3400.2354,41641.984,10752.604,0.41236138,-0.08108063,3661,2,11,7
213660.87649156532,3380368.495422284,35669,1,1005.587,34.461544,315.0,-1.9024292e-05,12.033445,9.586598,1692.2772,1550.5161,43187.973,10368.076,0.31811893,0.007270747,3661,2,11,6
213637.6431423583,3380330.2180706165,35670,1,999.3968,36.00211,309.09387,0.0013327235,12.632703,8.470414,1693.5358,1522.1039,43234.81,10404.158,0.3610395,-0.032538395,3661,2,11,6
213628.26475441692,3381939.85358779,35582,1,1522.5359,33.542652,291.80142,-0.0112764845,12.804425,9.851562,1671.7866,2149.6511,42396.305,8806.321,0.18351005,0.12640604,3661,2,11,7
213645.19446752,3381941.936419288,34942,1,1519.0005,30.699156,270.0,-0.016060581,11.840681,9.851562,1671.3643,2163.7468,42379.125,8809.138,0.16949825,0.14982145,3661,2,11,7
213651.96830447228,3380625.3274134705,36608,1,1147.886,36.673798,306.8699,0.0062936964,13.169916,9.638152,1689.1294,1554.2522,43062.117,10118.755,0.33698213,-0.010019798,3661,2,11,6
213670.5611094701,3380270.038226064,35671,1,948.01654,37.10748,317.91083,-0.00041660757,13.449412,8.397846,1693.3882,1566.2694,43233.57,10468.549,0.2769912,0.0533439,3661,2,11,6
213715.3581643268,3380346.5766232074,35685,1,970.37537,37.934593,316.97495,-0.0017559157,13.751731,9.2204895,1691.3529,1601.1245,43156.676,10394.156,0.30595744,0.024722343,3661,2,11,6
213724.47871282668,3380645.881429892,35606,1,1114.5793,35.844433,337.38013,0.003243154,13.371215,10.933707,1687.2212,1626.3457,42992.285,10107.883,0.38954115,-0.060654797,3661,2,11,6
213734.96125240967,3380207.5861113304,35772,1,877.5894,32.80186,311.63354,-0.0112379305,12.251409,6.201289,1692.7493,1632.2991,43215.65,10535.564,0.32753098,0.004872073,3661,2,11,9
213861.10053935013,3380394.478808716,35651,1,960.9001,35.496506,183.69139,-0.014982146,16.542038,8.549737,1687.2438,1750.1143,43008.86,10374.672,0.14729612,0.1843442,3661,2,11,9
213867.6409757763,3380470.770217423,35650,1,1005.03253,37.271877,223.02507,-0.012713324,14.932409,9.851562,1686.19,1751.0283,42965.625,10295.484,0.15121217,0.1763621,3661,2,11,7
213889.9490851279,3380762.1849528397,35590,1,1155.4801,39.77931,200.09525,0.00052490155,15.189502,9.63339,1681.9015,1804.2727,42792.9,10011.498,0.42608348,-0.1095955,3661,2,11,6
213884.6790341774,3380286.557251984,35649,1,986.1458,45.837135,206.56505,0.003730652,18.55715,9.142249,1688.0807,1774.0631,43046.246,10476.498,0.36437407,-0.038252797,3661,2,11,6
213898.16106486757,3380448.319844239,36558,1,999.0746,47.065872,235.00798,-0.009093206,20.36849,9.851562,1685.7424,1780.4493,42951.176,10319.599,0.40125054,-0.070776045,3661,2,11,7
213884.69681792363,3381134.57289834,35634,1,1261.5356,34.21688,227.2026,0.0012756578,11.742955,9.733842,1677.0227,1910.8375,42596.05,9645.776,0.23288359,0.083719306,3661,2,11,6
213908.87779687296,3381765.1757238824,36003,1,1465.622,23.115452,281.30994,-0.012979629,8.6949005,9.851562,1668.2582,2242.008,42249.105,9027.187,0.07709963,0.235481,3661,2,11,7
213905.9384313564,3380242.95547182,35633,1,975.268,36.040028,221.49648,-0.0009862129,13.876556,9.347166,1688.2555,1798.0544,43056.633,10528.842,0.3362864,-0.010845379,3661,2,11,7
213908.70336164828,3380557.830411388,36562,1,1061.0778,40.620335,187.43141,-0.00447405,15.718447,8.744573,1684.0632,1796.2739,42883.406,10212.252,0.3400928,-0.020663138,3661,2,11,6
213929.56754645804,3380209.8383160746,35632,1,973.1296,31.925243,190.61966,-0.001563989,13.485896,7.955725,1688.1656,1821.0162,43056.18,10561.411,0.20066442,0.13820292,3661,2,11,7
213970.7231820087,3381816.7866844167,36004,1,1517.9435,32.62348,221.63354,-0.008169175,13.258325,9.851562,1665.9733,2334.031,42158.145,8980.089,0.14630538,0.18221161,3661,2,11,7
213953.0618384908,3380578.871052455,36561,1,1107.2722,37.57604,199.65384,-0.0022781342,14.003317,9.990744,1682.6274,1847.8367,42830.51,10200.0,0.48052728,-0.16177623,3661,2,11,6
213977.1725851,3380236.8814795376,35668,1,1033.2087,47.004944,216.67436,0.00069203536,19.021448,8.921283,1686.5712,1867.7527,42997.906,10539.107,0.26402378,0.060990263,3661,2,11,5
213987.30627006805,3380618.365499852,35578,1,1136.7017,31.723164,218.15724,-0.002348701,10.777863,9.979475,1681.4043,1881.7544,42783.69,10165.121,0.39215097,-0.0696205,3661,2,11,7
214002.863174807,3380677.401447341,35589,1,1172.0735,28.156254,250.90652,0.0058849696,10.222562,10.112686,1680.1595,1909.1884,42734.547,10109.031,0.22021799,0.091237724,3661,2,11,7
214017.5224271952,3380637.8519967766,36559,1,1155.7831,25.66303,240.75117,-0.0013550656,8.988673,10.16326,1680.444,1913.8704,42747.64,10150.113,0.30811113,0.0060059982,3661,2,11,7
214087.2249771528,3380798.358217664,35551,1,1243.5634,32.792156,283.627,0.009734922,11.329454,10.380188,1676.7587,2008.233,42602.61,10003.784,0.25022885,0.062078092,3661,2,11,5
214033.7062468588,3380239.871019052,35667,1,1071.4817,35.775173,220.9144,0.0035498582,12.308121,9.153722,1685.1278,1927.5112,42947.6,10548.2705,0.26297072,0.049379226,3661,2,11,5
214042.5624167828,3380621.2893821816,35599,1,1154.0789,17.550741,192.99463,-0.017311823,6.644435,9.851562,1680.0009,1941.3914,42733.145,10174.68,0.41570628,-0.089997195,3661,2,11,7
214081.68499066192,3380652.6958102123,36560,1,1160.563,8.6618,306.8699,-0.024613403,4.7049685,9.851562,1678.6812,1984.5654,42683.28,10151.66,0.47508264,-0.15490833,3661,2,11,7
214149.1999540676,3380190.839949371,34910,1,1088.5637,39.192127,242.24146,0.00075900176,14.764047,9.967357,1683.1158,2041.8865,42882.78,10615.244,0.33781198,-0.009020335,3661,2,11,5
214154.0169022184,3380865.638362443,35570,1,1249.5576,32.229656,318.50354,-0.001957548,11.0732355,10.250565,1674.3816,2089.0427,42511.344,9956.786,0.15388742,0.15504321,3661,2,11,6
207621.8369878934,3379605.848395085,45123,1,704.46747,25.90535,352.5686,-0.0062622665,8.972716,8.296467,1918.26,840.95184,48759.53,12044.7705,0.22862205,0.11334025,3661,2,11,7
208359.6065188351,3379780.6084855814,45158,1,661.49634,24.063185,260.5377,0.00058267656,8.503666,9.499318,1885.727,690.0,48036.203,11605.86,0.19855472,0.13483302,3661,7,11,9
209451.10181103303,3379566.1810937263,45122,1,714.3785,27.491104,325.1755,0.0021387811,9.555635,10.182142,1846.8464,942.0191,47196.89,11482.753,0.35190812,-0.02574879,3661,2,2,7
209626.52293309988,3381032.889963724,45489,1,847.8847,30.411755,288.43494,0.00031705186,11.542868,9.621351,1812.162,490.9175,46315.062,10020.469,0.44725835,-0.11761785,0,2,2,5
209734.6501433131,3379779.280081663,45160,1,797.30115,40.906727,231.70985,-0.0028698503,16.057158,8.761366,1831.6604,755.38074,46843.83,11200.447,0.28232723,0.039920054,3661,2,2,6
209770.9274496156,3379664.069883985,45152,1,703.66425,39.65933,252.97948,-0.004798644,16.721651,8.491389,1832.3516,879.65906,46870.75,11307.714,0.28198016,0.03616146,3661,3,2,7
209858.7931724272,3379602.7937563728,45124,1,696.5441,32.424206,237.09477,-0.0027581372,12.681571,8.729302,1830.3307,947.62866,46832.85,11347.916,0.18808468,0.14048229,3661,3,1,6
209915.24660714128,3380575.3051848253,45362,1,735.22797,50.056633,200.22487,-0.0012820312,21.778008,8.832865,1809.8805,10.0,46289.98,10390.308,0.32306385,0.008101198,3661,2,11,6
210023.39440330016,3380454.968139643,45322,1,766.8547,56.777264,214.65132,-0.0008832213,27.191986,9.546311,1807.9136,100.0,46254.773,10481.46,0.33937988,-0.006684639,3661,7,11,6
210097.37765759832,3380428.482442194,45291,1,824.3346,52.85809,208.0245,-0.0014486887,25.853119,8.7004,1805.6049,117.047,46204.293,10485.366,0.3857661,-0.075164706,3661,7,11,6
210101.0848563075,3381021.8288713954,45487,1,745.4811,32.8109,280.008,0.0012421038,12.231963,9.393704,1794.3375,470.0,45901.793,9908.264,0.30936533,0.017261978,3661,2,2,7
210113.03204589157,3381048.5703809178,45493,1,763.5218,36.4682,292.83365,0.0028126554,14.115333,10.028693,1793.4086,500.0,45878.3,9876.766,0.46611518,-0.14216143,3661,2,2,6
210108.62808135225,3380273.386201809,45192,1,733.47406,45.62861,220.71085,-0.0012637372,18.490896,9.344443,1808.1698,271.66156,46276.312,10639.37,0.42658022,-0.095319204,3661,7,11,6
210120.47661966676,3380526.698930611,45357,1,928.0442,42.27921,190.61966,0.005753112,17.311996,10.316779,1802.6161,14.142136,46128.133,10381.223,0.2673194,0.04411182,3661,2,11,3
210139.9080229824,3380383.680469516,45287,1,849.84283,51.722332,220.67496,0.0038770128,24.405638,9.676248,1804.9933,160.0,46194.9,10525.493,0.33621573,-0.0029474918,3661,7,11,5
210149.81119172237,3380152.075744389,45258,1,715.5743,28.788681,188.88068,-0.002361828,10.807028,9.515612,1808.8341,390.0,46302.617,10748.145,0.3507594,-0.0072321226,3661,2,2,7
210170.42792519985,3381021.101557779,45488,1,724.8938,29.011387,293.1986,-0.0048656147,10.764098,8.477785,1791.7115,472.6521,45840.914,9892.32,0.19483396,0.13814463,3661,2,1,9
210313.45407334648,3380581.674088617,45392,1,868.9122,38.3895,46.005066,-0.0022002112,14.057033,9.43072,1794.4617,41.231056,45938.707,10292.365,0.41790476,-0.08073303,3661,2,2,6
210328.183538154,3380781.4334683656,45424,1,740.8019,38.78214,45.830322,-0.0045517744,15.251655,8.745292,1790.4484,240.8319,45829.887,10094.519,0.26944128,0.087888494,3661,2,2,6
210400.8456811883,3380578.927843222,45390,1,810.02264,42.410393,35.53769,-0.0042364467,16.792383,9.171607,1791.0359,50.0,45860.914,10274.556,0.39572352,-0.05683543,3661,2,2,7
210434.9729896173,3381609.798585596,45607,1,792.5779,40.984344,268.727,-0.00078448333,15.99018,8.336704,1771.3024,1077.8683,45325.08,9259.811,0.3895767,-0.056272134,3661,7,11,7
210632.1917330172,3379441.5189922173,45121,1,702.8671,36.383945,349.56253,-0.002400441,13.674562,9.264687,1802.4836,1070.4204,46248.984,11357.201,0.26461393,0.06412319,3661,3,11,9
210603.15015648585,3381566.077497976,45573,1,772.16846,35.45627,228.81409,-0.0071973666,13.684774,7.570453,1765.9514,1038.1715,45201.05,9274.379,0.380192,-0.039941072,3661,7,11,7
210701.4109006722,3382178.3119639964,45130,1,900.8874,47.963287,93.416565,0.003825963,21.588764,10.404848,1751.2638,1660.7529,44813.383,8646.763,0.44718218,-0.103881516,3661,2,2,6
211096.7787284339,3380005.018714296,45222,1,727.46814,50.87933,208.67316,-0.0060001463,23.515493,9.1731825,1774.7358,480.0,45564.453,10738.976,0.32001537,0.0054242485,3661,7,11,6
211137.97413824368,3379984.928656917,45221,1,765.11957,45.29771,195.46123,-0.005214225,19.943882,8.552589,1773.5271,498.19675,45540.668,10754.068,0.187527,0.122463964,3661,7,11,6
211186.0407017376,3381576.553356083,45608,1,980.88007,17.064915,206.56505,0.0069493223,6.1844273,10.601991,1744.2827,1094.5775,44686.113,9160.268,0.19900918,0.15199567,3661,2,2,7
211214.42425860823,3380993.7747345674,45490,1,887.65643,40.89935,240.8324,-0.0004150731,15.9196,8.525986,1753.2474,510.0,44954.656,9741.7295,0.36829558,-0.03547564,3661,2,11,7
211218.68878040905,3381760.578608984,45645,1,1034.816,29.029682,273.57635,-0.0040382612,10.872683,6.9511127,1740.1051,1276.6362,44571.32,8977.884,0.4615297,-0.13682519,3661,2,11,6
211594.9841008431,3379680.641921907,45156,1,726.0495,43.475914,257.19574,-0.002341353,17.011229,9.171077,1760.637,761.643,45306.445,11009.105,0.24258712,0.08409403,3661,2,11,9
211635.14445505105,3379672.764974932,45155,1,724.4207,36.45317,265.36456,-0.0024209504,13.915374,8.199457,1759.2356,770.06494,45277.812,11016.248,0.31726763,0.014968451,3661,2,11,6
211641.8094413288,3380942.045425596,45459,1,1177.6979,35.860878,199.359,0.0007362255,13.773972,9.342476,1737.9618,490.10205,44609.312,9748.893,0.24126396,0.10391115,3661,2,11,6
211780.8656895349,3380786.597028348,45427,1,1231.2361,36.78441,196.31386,-0.000823372,14.3879595,8.738274,1735.1555,350.57095,44565.67,9888.832,0.14569367,0.16732723,3661,2,11,6
211816.15966182944,3380617.580352803,45419,1,1243.6011,8.6107855,125.53766,-0.005105705,4.625163,10.181809,1736.7874,186.81541,44627.457,10056.739,0.23569614,0.076606266,3661,2,11,3
211835.8910556833,3380926.7078540963,45458,1,1306.5188,41.735752,205.55998,0.003111778,16.846943,10.721053,1730.9974,494.97473,44451.016,9746.102,0.12886536,0.20738383,3661,2,11,5
211818.01971015945,3379651.643006544,45154,1,746.70337,46.78057,240.25513,-0.0025107253,19.179167,9.353526,1752.514,776.4664,45135.89,11025.266,0.33873063,-0.013347157,3661,2,11,7
211846.7067773424,3380699.398483373,45422,1,1250.6312,21.97597,196.69925,-0.0024359017,7.5807652,8.456265,1734.3531,270.0,44560.492,9975.174,0.15546598,0.16489324,3661,2,11,5
211890.1038969312,3379885.610218551,45218,1,948.33057,39.07945,230.52754,0.00955081,15.634647,10.119444,1746.0704,540.8327,44954.54,10792.057,0.46578494,-0.14388147,3661,3,2,6
211991.5361502469,3379910.613363174,45220,1,974.63727,31.14814,282.72437,0.008685206,11.71634,10.761603,1741.3173,503.58716,44845.336,10757.439,0.45604327,-0.13378707,3661,3,2,5
212255.6116819068,3380959.216382583,35733,1,1427.5665,43.144936,232.43143,0.00041771604,17.25797,9.886036,1716.5668,567.5385,44075.15,9701.01,0.33694714,-0.013870358,3661,2,11,5
217005.01129228552,3379426.7821493186,36651,1,1133.9303,37.260582,304.0772,-0.0019844174,13.7755785,9.180733,1620.2784,4987.2334,40964.297,12139.398,0.22513562,0.101726286,3661,3,11,6
215968.64266373025,3379456.333060379,35851,1,977.45044,35.777905,221.05482,-0.0040749707,12.377435,8.383704,1646.3438,3967.8835,41795.8,11764.735,0.41914585,-0.08303972,3661,3,2,7
215700.1081685121,3379423.96542264,35887,1,880.67633,36.569416,231.11551,-0.0018553361,14.777398,8.0875435,1653.4629,3714.364,42033.477,11714.419,0.41469318,-0.088991515,3661,3,2,7
215519.1302450396,3379447.627430768,36434,1,811.61896,29.563057,266.53177,-0.0074736727,10.325137,9.851562,1657.7183,3532.931,42163.43,11636.086,0.4391479,-0.11199245,3661,3,2,9
216234.57261829305,3379476.554059826,35868,1,1087.827,29.973963,242.59244,0.00022289132,11.541062,9.47172,1639.2594,4223.6597,41558.54,11821.083,0.44101775,-0.11673969,3661,3,11,6
216180.5739619661,3379495.3696641666,35867,1,1078.7662,32.891212,248.19861,-0.0018673562,12.337165,9.851562,1640.4281,4172.685,41593.402,11795.465,0.5238933,-0.20469134,3661,3,11,6
216900.94052757975,3379580.851276421,36652,1,1262.5608,37.777843,297.75854,0.0024178629,14.297975,10.924197,1621.6312,4861.3784,40956.6,11962.713,0.20621842,0.11508572,3661,3,11,5
215742.25268008752,3379637.078402481,35545,1,1046.2722,35.899067,227.91084,0.005798692,13.790004,10.455329,1650.0383,3710.768,41866.03,11517.938,0.3783661,-0.04722409,3661,3,11,5
215730.403078363,3379662.123180928,35907,1,1051.1526,36.873215,222.8789,0.0051961374,14.1711645,9.470417,1650.091,3696.8772,41862.754,11495.895,0.33378056,-0.0095914705,3661,3,11,5
215662.0241762885,3379679.067672657,35891,1,1014.3164,33.576405,235.8403,-0.00091614993,12.397462,9.160585,1651.6357,3624.2793,41908.676,11456.583,0.40391594,-0.078161664,3661,3,11,5
215626.03314811137,3379706.498072972,35890,1,1016.1205,29.625101,230.44034,0.004094826,10.731492,9.447411,1652.3301,3579.1199,41924.344,11416.453,0.38676587,-0.06251181,3661,3,11,5
217111.08494544044,3379912.0071439906,36667,1,1330.7919,34.950577,331.2602,-0.0015256553,13.875279,9.78019,1613.9408,5024.9375,40592.965,11740.566,0.27538988,0.057965055,3661,2,11,6
215590.64333991797,3379964.1118075987,35709,1,993.0299,21.27421,251.56506,-0.0056706048,7.2967772,9.143072,1650.5504,3508.9744,41806.742,11168.258,0.48917717,-0.16661067,3661,2,2,7
217132.47269812855,3379953.1853621085,36668,1,1338.8041,33.63112,316.1233,-0.002352153,12.692845,9.797088,1613.157,5041.0312,40553.35,11712.032,0.31148067,0.019036025,3661,2,11,6
215681.7813392782,3380044.0328473253,36048,1,1052.1735,35.549488,244.13364,-0.006592356,13.384374,9.851562,1647.5582,3589.1223,41687.25,11117.936,0.36837888,-0.041933224,3661,2,11,7
215804.01272023257,3380047.8117659413,35908,1,1109.4099,29.18218,193.13403,-0.008062209,9.968859,5.2985196,1644.5511,3707.5195,41582.75,11144.514,0.2090569,0.11265551,3661,2,11,7
215759.44926236916,3380100.052224054,36067,1,1110.5093,33.259964,247.24902,-0.005383564,12.424697,9.540763,1645.2704,3653.1765,41595.58,11081.66,0.29410174,0.036738086,3661,2,11,7
215938.09943344453,3380171.7694746465,35541,1,1206.3901,21.239258,248.19861,-0.01049704,7.336952,9.851562,1640.2593,3827.5317,41407.61,11071.211,0.26057547,0.05830706,3661,2,11,7
217324.024206644,3380187.524016669,36669,1,1349.6086,30.384539,317.48956,-0.0032486792,10.121141,9.173182,1606.8419,5214.643,40258.977,11572.632,0.17980435,0.13117526,3661,2,11,6
215816.32214894748,3380264.2462704377,36093,1,1247.9706,38.790997,248.19861,0.0063951015,15.723621,10.2380085,1642.2627,3703.0393,41455.62,10947.895,0.28905278,0.024454508,3661,2,11,6
217361.0031145944,3380300.064285052,36670,1,1375.0057,32.67092,324.8658,-0.0026023805,11.630874,9.714313,1605.1133,5251.1523,40162.402,11490.453,0.2485374,0.074288584,3661,2,11,6
216020.3957207471,3380325.3443698194,35542,1,1240.5039,29.52545,294.9048,-0.013059863,9.8125105,9.1208935,1636.6915,3911.0356,41248.46,10958.672,0.48769328,-0.17193097,3661,2,11,9
217292.5800479943,3380453.7386611854,36666,1,1478.5908,27.701939,345.46555,0.0006190988,10.21023,9.995926,1605.6915,5180.1543,40132.426,11324.933,0.1613989,0.16010885,3661,2,11,7
216060.69882652347,3380623.7947754106,35531,1,1419.97,30.196451,264.47247,0.004820155,10.555365,10.249736,1632.9414,3955.5784,41046.348,10689.737,0.39474526,-0.07319427,3661,2,11,6
215802.35274115685,3380753.377416366,35534,1,1335.116,32.310757,282.5288,-0.01094061,12.274011,7.7877994,1637.7024,3705.6309,41189.332,10480.277,0.39653134,-0.071796775,3661,2,11,7
215831.5553308567,3380835.080385326,35533,1,1384.3306,35.60873,268.5679,-0.006433557,12.669767,9.059411,1636.231,3743.6348,41119.93,10414.533,0.46185246,-0.13856141,3661,2,11,7
215650.08280009372,3380822.4780641845,35532,1,1416.7472,27.115995,294.62357,0.000861819,9.61521,9.2681675,1640.6769,3553.7305,41283.625,10362.823,0.43472686,-0.105510235,3661,2,11,6
215682.11793524132,3380832.000108425,35530,1,1411.5927,24.341822,303.02386,-0.0013696036,8.949833,8.877556,1639.6609,3594.621,41244.773,10365.953,0.33228964,-0.0039188033,3661,2,11,7
215692.3943054321,3380951.4724284257,35529,1,1468.0056,31.084848,290.1363,-0.0067049274,11.635171,7.8444047,1638.2296,3620.497,41170.133,10255.441,0.105271995,0.214902,3661,2,11,7
216528.278086842,3381042.7460980066,36441,1,1618.4678,31.318638,310.23636,0.0014869748,11.310584,10.053488,1618.6788,4454.7725,40429.996,10469.063,0.3292406,0.0079681575,3661,2,11,6
216011.99421643672,3381460.325632347,36440,1,1747.6555,32.622406,307.875,-0.0038404174,12.711017,9.834438,1626.1418,4038.8735,40622.66,9886.576,0.39837065,-0.071966164,3661,2,11,6
212322.8060439552,3382263.699056824,35729,1,1561.7186,28.847624,241.69925,-0.0060266564,11.109748,10.4075775,1694.1976,1861.1824,43359.016,8400.292,0.108549684,0.21414846,3661,2,11,6
212322.6453428835,3380959.797369424,35688,1,1467.3721,43.2951,232.65065,0.0037533364,17.470293,10.071083,1714.96,588.7275,44015.156,9700.253,0.2221209,0.09666672,3661,2,11,5
212353.74968885595,3380833.614876767,35705,1,1348.9304,45.791927,243.90457,-0.0018486663,19.987001,9.219907,1716.3323,483.73547,44056.684,9830.081,0.2792236,0.049011655,3661,2,11,6
212359.2255543395,3380947.5492403954,35706,1,1475.8793,42.490215,239.42078,0.0052788043,17.27691,10.066777,1714.43,590.93146,43994.617,9710.082,0.19012958,0.1250807,3661,2,11,5
212382.5279917496,3380955.231065181,35707,1,1489.0289,39.925777,246.0375,0.007540214,15.594343,10.88368,1713.7411,603.73834,43968.926,9710.005,0.23570386,0.07943991,3661,2,11,5
212410.74624827327,3379201.110631779,35722,1,833.8553,16.878527,83.65979,-0.022267837,5.95627,9.851562,1740.4774,1246.6355,44872.664,11460.018,0.5054539,-0.17918378,3661,3,2,7
212512.1717584221,3379898.4545581727,35686,1,858.8596,39.355865,282.80426,-0.0030122474,15.7316265,8.678326,1727.0625,648.15125,44410.45,10760.669,0.282754,0.04551425,3661,2,11,7
212619.06906859195,3380873.338095032,35711,1,1399.9756,36.20623,275.85602,-0.0049330033,13.528508,8.822645,1709.6937,679.41156,43813.703,9792.472,0.3404769,-0.01728335,3661,2,11,5
212712.52581163569,3380873.0145438667,35728,1,1406.063,36.26243,254.24884,-0.0010516862,13.933338,8.971381,1707.386,756.04236,43728.324,9795.229,0.13811357,0.18371063,3661,2,11,5
212763.70029739503,3379608.8671821854,35641,1,761.56995,40.817265,255.67728,-0.00038600777,16.746067,9.387479,1725.228,1030.7765,44356.008,11056.192,0.12832059,0.1987623,3661,7,11,6
212831.80775173055,3380874.996601275,35710,1,1416.7893,34.9598,260.78897,-0.0035144724,13.108188,9.357527,1704.6178,854.4004,43625.957,9799.883,0.3700416,-0.048888706,3661,2,11,5
212857.6386669773,3380883.801086348,35640,1,1426.0211,36.017124,251.99585,-0.0028640334,13.876952,8.712109,1704.0068,876.6413,43603.676,9790.812,0.3052797,0.0042049326,3661,2,11,5
212978.3084742666,3379739.8503670306,35730,1,881.03406,36.301582,281.59216,0.0012932745,14.118536,8.032757,1718.0183,1090.1835,44109.066,10935.392,0.2395898,0.090493016,3661,2,11,5
213045.2302961448,3381637.265072325,34871,1,1465.5029,32.93788,312.7974,-0.0064056246,11.888593,9.1593275,1688.4722,1542.0117,43048.12,9043.39,0.22459571,0.09406403,3661,2,11,7
213109.32510648048,3381924.835835841,34870,1,1552.5795,33.656414,332.02054,-0.006187593,12.78034,8.692777,1683.0754,1805.6024,42853.85,8768.791,0.34023044,-0.021717142,3661,2,11,7
213075.13347088645,3381644.6323147407,36611,1,1451.2845,32.84981,305.90973,-0.004831284,11.651328,9.513749,1687.8213,1560.2883,43022.344,9045.596,0.21369632,0.10173987,3661,2,11,7
213163.7535047005,3379670.229885176,35698,1,774.00635,39.527885,302.27563,-0.003997424,14.3477,9.075067,1714.2687,1284.5623,43987.69,11016.941,0.3982218,-0.06568678,3661,2,11,7
213133.67041267463,3381659.168963303,36610,1,1437.5062,34.679924,318.12213,0.0009521343,12.562374,9.1178,1686.2284,1613.3506,42960.562,9030.371,0.13016957,0.17663711,3661,2,11,7
213183.1954140259,3379890.195487604,35677,1,911.99133,45.08097,308.82983,0.000105297084,17.649012,8.834714,1710.6201,1189.6638,43851.29,10798.936,0.2964804,0.03342192,3661,2,11,6
213184.3534758573,3381737.7337583737,36609,1,1432.536,31.367409,333.43494,-0.0030555038,12.002826,10.173947,1683.9875,1706.9856,42876.67,8954.914,0.14800274,0.15506165,3661,2,11,7
213262.2591550731,3380168.904085185,35607,1,1040.4723,40.03667,328.3925,-0.00052697567,15.071337,8.779418,1704.6697,1174.7766,43632.703,10526.016,0.45356083,-0.13237487,3661,2,11,6
213253.6164080915,3380050.8342003315,35642,1,991.65094,34.890125,313.91907,0.0022313541,12.650812,9.350906,1706.6172,1195.4916,43705.84,10644.797,0.45477045,-0.13092789,3661,2,11,6
213423.90293845168,3382047.979143074,36612,1,1596.5571,28.709927,210.65068,0.0003073485,10.200763,9.696469,1674.4635,2098.976,42512.164,8671.39,0.30868185,0.0019763536,3661,2,11,6
213537.6273194578,3381905.708860501,35562,1,1532.1744,38.224857,306.8699,0.0013146169,14.043405,10.616828,1674.2435,2058.276,42494.086,8833.866,0.22123201,0.087732196,3661,2,11,6
213562.15142004244,3382038.936990074,36026,1,1606.1663,28.467281,302.19574,-0.0009319395,10.406581,9.564358,1671.67,2181.605,42396.76,8699.04,0.28030857,0.0369702,3661,2,11,6
213568.84027925757,3381559.5004142,36613,1,1346.918,24.281403,309.80557,-0.0071315905,8.412785,9.790381,1678.3054,1850.6755,42643.535,9174.906,0.27340996,0.045676786,3661,2,11,7
213584.2383919437,3381897.378777868,35563,1,1511.9729,31.588339,297.47443,-0.0045144013,11.641278,10.299799,1673.1836,2093.0837,42451.15,8840.458,0.25264353,0.054077055,3661,2,11,7
213595.4778503154,3380637.22477604,36589,1,1180.5995,30.415886,303.17853,0.002990501,11.220714,9.695974,1690.2617,1497.765,43102.133,10091.601,0.38636047,-0.06530153,3661,2,11,6
213599.6289597383,3381874.2348818216,35581,1,1495.7871,28.73599,295.70996,-0.005731671,10.327961,9.741453,1673.385,2078.9421,42457.953,8871.533,0.28270277,0.027947646,3661,2,11,7
213624.9407639324,3380559.461859313,35605,1,1119.0808,37.468723,296.56506,0.0011567384,14.284897,8.380486,1690.6486,1517.4321,43119.58,10174.62,0.3031161,0.029845713,3661,2,11,6
213628.0299692158,3379958.8344193758,35596,1,796.3572,31.757013,293.4287,-7.517616e-05,11.948307,10.225664,1698.7946,1575.6268,43443.965,10770.464,0.43484843,-0.10605267,3661,2,11,7
214341.69194063783,3379092.8251063405,35678,1,853.54,29.745996,109.025604,-0.010936911,10.673127,6.791987,1691.7805,2591.3894,43329.68,11733.175,0.43345836,-0.0890344,3661,5,2,9
213820.69296290012,3379150.845504632,35720,1,903.9168,36.46619,143.74615,-0.0049861446,14.03509,9.016482,1704.5421,2124.0762,43725.33,11598.491,0.39124748,-0.04622255,3661,3,2,6
214250.5445862728,3379150.153229347,36116,1,844.7487,33.07205,41.633545,-0.0024363243,11.564566,8.104048,1693.3815,2483.3848,43369.902,11659.317,0.4018299,-0.068590775,3661,5,11,7
215197.458881058,3379269.323623455,36115,1,857.4289,24.24128,116.56503,-0.0016710779,9.270561,9.004372,1667.7537,3284.2046,42528.79,11729.113,0.22907639,0.11503966,3661,5,2,6
214231.73170340585,3379161.309182633,36117,1,850.71783,33.305626,41.633545,8.2601626e-05,11.642456,8.195485,1693.7761,2461.077,43380.758,11646.27,0.40046772,-0.069322,3661,3,11,7
214223.42540540235,3379190.249260819,36136,1,843.02106,34.575,45.0,-0.0001468786,12.529906,9.04477,1693.6625,2437.3142,43372.074,11615.068,0.43738902,-0.1002024,3661,3,11,7
215251.675853074,3379539.102411712,36585,1,863.0151,46.0206,283.34872,0.0029946226,18.785633,10.112493,1663.3391,3258.297,42325.203,11481.898,0.30760872,0.023041785,3661,3,2,6
214482.36771673532,3379487.0451271622,35732,1,827.1591,43.635807,296.56506,0.0019504129,17.343256,9.093786,1683.3425,2542.302,42988.273,11363.847,0.4830536,-0.15744498,3661,3,11,6
215338.55475441745,3379505.366976596,35888,1,809.17365,29.645079,285.70865,-0.008832546,11.342911,9.851562,1661.7472,3346.1172,42282.336,11540.763,0.46403188,-0.13785194,3661,3,2,9
215342.68922920575,3379535.8645479647,35889,1,828.0364,32.08271,287.4472,-0.0071642622,12.47544,8.50862,1661.1798,3347.7307,42256.99,11514.3125,0.47133902,-0.14625204,3661,3,2,7
214483.76006149035,3379543.918509172,35731,1,867.66095,39.71494,303.69006,0.0045107575,15.264086,9.692082,1682.7422,2524.6384,42960.176,11314.703,0.47673348,-0.14972967,3661,3,11,6
214115.1682087156,3379618.6858057044,35561,1,821.71686,38.025917,238.81503,0.0018569446,14.388209,8.815241,1691.0723,2150.372,43222.31,11173.183,0.3786441,-0.054964308,3661,7,11,7
215352.83595018656,3379596.967105689,36587,1,852.19464,19.873632,310.23636,-0.008895996,6.6776733,8.143325,1660.1936,3339.7156,42208.836,11449.244,0.48814622,-0.16162348,3661,3,2,7
215357.65594733035,3379683.357004425,35708,1,873.62897,28.376898,322.30576,-0.009389894,9.299235,9.537582,1659.3535,3321.2197,42163.285,11371.983,0.42297202,-0.087750204,3661,3,2,7
215356.43683278337,3379691.595634976,36588,1,877.2543,28.778633,327.38077,-0.009250519,9.387492,9.059043,1659.2485,3319.036,42157.6,11362.328,0.41976735,-0.08698402,3661,3,2,7
214568.83912692763,3379707.678394971,36091,1,908.6956,41.230022,245.9245,-0.005753338,15.96295,8.367314,1678.7046,2548.0386,42798.637,11162.948,0.43616956,-0.11200363,3661,3,2,6
215004.49360533385,3379751.70576456,36586,1,946.3931,34.447758,255.96376,-0.006270235,12.898479,6.404484,1667.2996,2964.4055,42412.133,11217.852,0.29595235,0.019330094,3661,3,11,6
214494.11724575487,3379775.660682683,34933,1,927.6721,26.853361,236.30994,-0.019047923,9.563285,9.851562,1679.7292,2464.5486,42823.168,11090.631,0.35267794,-0.026733294,3661,3,11,7
214380.1249232234,3379837.3547877595,35788,1,997.1864,30.981953,325.30484,0.0022449282,10.847266,9.979057,1681.854,2330.7725,42883.89,10999.673,0.3105649,0.006718897,3661,3,11,6
214400.2492442534,3379853.577335281,35790,1,987.92285,33.05715,316.1233,-0.0009944702,11.634251,9.614343,1680.9906,2357.4775,42853.39,10995.281,0.37154478,-0.05012326,3661,3,11,6
215407.70882365096,3379945.268026843,36069,1,945.56036,34.30548,292.10944,-0.007984194,12.481749,8.852451,1655.3969,3323.4019,41974.695,11134.5625,0.46021223,-0.13357896,3661,2,2,7
214430.52654303255,3379860.030233459,35789,1,976.5158,33.025974,318.50354,-0.004682081,11.809654,9.843254,1680.1284,2384.3027,42822.89,10990.978,0.26941434,0.045615077,3661,3,11,6
214118.6238398656,3379850.8417190714,35618,1,910.7414,35.756474,201.80142,-0.00071053585,13.829454,8.047441,1688.1575,2076.921,43094.81,10945.981,0.4146071,-0.09083401,3661,3,11,7
214354.43834855716,3379890.5908222385,35787,1,1027.367,28.05338,315.0,0.01029481,9.864587,10.321712,1681.7351,2299.5652,42872.777,10946.895,0.22191794,0.10324166,3661,3,11,5
214450.62450129123,3379922.6492808745,36092,1,989.62134,29.10621,312.39743,-0.0105545595,9.956439,9.592692,1678.9092,2390.753,42772.934,10935.776,0.35525328,-0.029422948,3661,3,11,7
214241.97163255743,3379960.22714653,35617,1,1028.3491,35.730526,217.18471,0.0019212207,13.231321,9.809066,1683.573,2177.0164,42925.68,10858.752,0.35775328,-0.02943453,3661,3,11,6
214492.7181751348,3379987.2754447307,35577,1,1004.65857,26.82445,279.7824,-0.014840032,8.81724,8.394612,1677.0842,2416.7747,42700.824,10874.691,0.41528568,-0.091723375,3661,3,11,7
214208.5081150597,3379988.611327115,35616,1,1013.4778,39.34435,208.8108,-0.0015825209,14.957692,9.66855,1684.1779,2131.7832,42942.496,10822.431,0.24229918,0.07382021,3661,3,11,7
214128.9923839809,3380076.0301266634,35598,1,1015.28314,35.11638,219.80559,0.00014392023,12.560992,9.326407,1685.1215,2038.5535,42965.293,10730.377,0.21656473,0.09491454,3661,2,11,6
215364.81083783004,3380151.4729536846,35558,1,1059.6257,32.848366,291.50143,-0.0031702914,11.804767,10.069388,1654.1659,3260.3833,41889.49,10921.584,0.51291496,-0.18829073,3661,2,11,6
213998.5939655327,3380144.5955321826,35597,1,1000.4151,41.427555,248.9625,0.004597608,16.746124,9.098922,1687.3824,1899.2894,43035.707,10640.978,0.19369006,0.12187087,3661,2,11,6
218211.6660959145,3378388.380536485,35498,1,1082.4244,44.185284,216.65611,-0.00024484633,17.243391,9.327131,1595.5166,6425.7607,40633.55,13580.327,0.46188214,-0.13269933,3661,5,11,7
218727.36210644865,3378376.120005248,35510,1,1099.8121,27.139944,294.77515,-0.013666727,9.18368,8.749898,1581.8987,6917.6367,40247.984,13824.363,0.41530332,-0.09874104,3661,5,11,9
221832.52007579972,3378402.041519202,36631,1,1250.8564,28.016762,302.00537,-0.0001411968,9.933882,9.669162,1498.7386,9925.648,37859.05,15473.241,0.3310841,-0.013586329,3661,3,11,7
221832.52007579972,3378402.041519202,35928,1,1250.8564,28.016762,302.00537,-0.0001411968,9.933882,9.669162,1498.7386,9925.648,37859.05,15473.241,0.3310841,-0.013586329,3661,3,11,7
218769.9407623783,3378494.461006556,36591,1,1148.3972,31.743595,315.0,-0.003151577,11.033485,9.462434,1580.2906,6921.6255,40141.52,13736.295,0.2725744,0.04831379,3661,5,11,7
218179.4977361303,3378583.724872913,36592,1,1143.4503,25.629675,254.35776,-0.015650857,9.192027,6.5870643,1595.5529,6330.284,40547.086,13391.594,0.19487709,0.14546643,3661,5,11,7
221321.91931212257,3378676.5083709736,35983,1,1285.0989,36.243145,282.09476,-0.008265938,13.44194,8.415366,1512.299,9371.072,38056.07,14942.064,0.28094855,0.031592727,3661,2,11,7
218993.60933041637,3378944.232522172,35492,1,1244.2285,37.066902,318.9452,-0.0047565936,13.237644,9.673274,1572.3292,7035.29,39680.727,13450.591,0.39499605,-0.07415357,3661,3,11,6
219035.25589260855,3378970.934116241,35493,1,1238.2522,32.177204,304.99203,-0.008409833,10.584156,8.385084,1571.1741,7068.2383,39630.746,13444.17,0.2804573,0.038790904,3661,3,11,9
219109.51158665723,3379110.192762481,35490,1,1292.8643,44.3435,311.3785,-0.00279902,16.588821,8.709771,1568.8213,7109.8594,39488.824,13357.642,0.287562,0.027062692,3661,2,11,6
218645.61478200616,3379080.86953628,36593,1,1431.4974,34.270752,315.0,0.0028725003,11.979105,9.917651,1580.7314,6664.068,39868.64,13158.985,0.2789664,0.038397215,3661,3,11,6
219155.36330953435,3379113.2079474963,35491,1,1261.9945,28.846039,276.009,-0.016480384,10.508645,9.851562,1567.5432,7159.0225,39449.676,13382.828,0.3585128,-0.05028419,3661,2,11,9
218663.1412996107,3379214.3280566866,36548,1,1472.4445,29.812574,320.19443,-0.002091018,10.533935,9.851614,1579.6104,6659.0166,39772.848,13054.325,0.22618099,0.09557786,3661,3,11,6
218681.8292716914,3379218.0465797987,36568,1,1468.9833,33.79491,318.9452,-0.001848537,12.180932,10.059226,1579.0553,6676.9004,39750.926,13055.18,0.24116932,0.06984909,3661,3,11,6
218496.92829033,3379268.026727084,36547,1,1490.665,29.30562,197.10274,-0.0073857475,10.452147,9.641929,1583.6356,6481.0493,39870.336,12920.607,0.21280348,0.10312907,3661,3,11,6
218263.21639549104,3379326.1300821626,36528,1,1505.0858,40.6302,296.56506,0.00072207674,15.849312,10.295978,1589.1968,6245.8467,40022.1,12769.201,0.19792782,0.12996192,3661,3,11,5
219209.53154627737,3379303.352685107,36574,1,1368.5482,42.28173,317.23117,0.0042360793,16.926922,10.484168,1565.5547,7176.3643,39292.473,13244.836,0.23791294,0.07509503,3661,2,11,6
219214.7037069276,3379404.69472619,36573,1,1374.6135,28.730274,9.462311,-0.0016988175,10.814451,9.851562,1564.9288,7171.4785,39222.7,13164.346,0.24183562,0.079344206,3661,2,11,7
219099.39664925096,3379442.076754049,36590,1,1455.4279,25.519669,9.462311,0.00025492307,8.839609,9.870851,1567.7772,7047.0776,39292.39,13068.222,0.31756654,0.020489728,3661,2,11,6
218536.871284585,3379460.733762621,36546,1,1598.6729,49.66196,222.51045,-0.0028586842,19.783611,10.755141,1581.6865,6489.9077,39722.664,12772.611,0.13751715,0.181686,3661,2,11,6
218408.93736232232,3379490.840006359,36529,1,1591.1051,39.588917,283.70697,-0.004661451,15.8582945,10.089792,1584.7831,6356.926,39807.61,12684.203,0.14310126,0.17485812,3661,2,11,7
218695.74740000215,3379497.472908372,36569,1,1616.4894,24.823347,318.17984,-0.002123445,8.375061,9.548613,1577.5007,6642.6274,39571.47,12815.444,0.27238366,0.02663109,3661,2,11,5
219078.371969172,3379544.854658681,36572,1,1481.518,37.78525,323.6732,-0.0037855492,13.731641,9.606396,1567.8777,7014.1646,39246.605,12972.154,0.1318798,0.1783327,3661,2,11,7
218952.06009683537,3379568.9893184667,36570,1,1545.7216,41.909603,307.6476,-0.0057538976,15.944133,9.923509,1570.73,6891.386,39322.953,12884.941,0.16015041,0.15220532,3661,2,11,6
219067.1111177072,3379567.3127568173,36571,1,1501.7256,35.197132,321.76617,-0.00078145415,12.799312,9.838883,1568.0054,7000.5786,39236.066,12941.29,0.20756523,0.104810745,3661,2,11,6
220875.0146803811,3379762.0759436777,35757,1,1700.9639,31.370726,291.44775,-0.0053630513,11.892566,8.534897,1523.1659,8784.082,37702.992,13810.156,0.19973113,0.12532923,3661,2,11,7
221293.372315878,3379797.937292948,35723,1,1730.797,38.963627,335.77225,0.0020502459,14.949931,9.669123,1512.9756,9200.245,37353.543,14040.997,0.097335935,0.22249292,3661,2,11,6
220551.14067522984,3379798.9190250724,35758,1,1810.587,34.538807,330.64224,-0.0015477954,12.68333,10.999892,1530.8789,8462.016,37925.85,13584.005,0.25230885,0.073804684,3661,2,11,6
220700.20976623148,3379847.978191353,35756,1,1762.0288,32.07578,280.61966,-0.0104639,11.601419,7.8086853,1527.4282,8598.256,37785.6,13628.869,0.17288779,0.154266,3661,2,11,7
220622.79643828748,3379892.037383857,35760,1,1810.7029,36.43225,309.80557,-0.006015957,13.820829,9.512956,1529.0645,8525.872,37814.824,13554.55,0.2586532,0.06932797,3661,2,11,6
220733.0456350104,3379871.8261818765,35759,1,1772.9933,27.625526,254.35776,-0.008385895,10.445014,7.876408,1526.4407,8636.897,37741.94,13637.4375,0.17811303,0.14822318,3661,2,11,7
217356.44263860476,3378151.834701313,35469,1,867.56195,38.62667,231.70985,-0.0039427294,14.047502,9.548683,1620.3376,5706.5923,41457.72,13457.403,0.27420983,0.060639426,3661,4,11,6
217108.659806772,3378186.77141913,35806,1,890.73804,47.38167,29.148071,-0.002862125,19.937366,7.955341,1626.8977,5461.5474,41630.586,13329.854,0.2319131,0.105562575,3661,4,11,6
218105.16024944105,3378163.911006129,36497,1,981.1297,26.916948,292.9321,-0.01070785,9.675588,7.6119275,1599.7587,6398.6406,40862.88,13742.42,0.32550895,0.0055056596,3661,5,11,9
218161.3133562574,3378198.632058041,36512,1,999.8734,22.633167,258.69006,-0.0059601967,8.372884,9.851562,1597.9016,6441.01,40791.035,13731.151,0.27304965,0.062469665,3661,5,11,9
218134.8010281725,3378205.2869715253,36498,1,998.0764,21.676447,280.7843,-0.011135096,7.9305506,9.851562,1598.7188,6412.839,40814.477,13718.572,0.21516782,0.120029,3661,5,11,9
217586.55821898277,3378221.527222536,35468,1,994.4377,27.374964,274.08563,-0.004056994,9.176574,7.7344213,1613.5852,5892.114,41233.434,13479.232,0.50415355,-0.17871897,3661,4,11,6
218166.6931760308,3378241.9484614283,36499,1,1012.8984,18.743383,241.69925,-0.008788936,6.852413,9.851562,1597.683,6427.3945,40766.08,13694.864,0.3779473,-0.042466063,3661,5,11,9
217994.87166796104,3378292.3540173145,35474,1,1091.8676,38.443207,334.0256,0.001958801,15.059297,9.340322,1602.0144,6250.504,40868.062,13578.546,0.4527053,-0.13060327,3661,5,11,6
218036.36871530555,3378379.9283009665,36514,1,1091.817,33.454033,325.8403,-0.003492563,12.644558,8.791236,1600.4174,6258.3784,40780.86,13513.253,0.3394092,-0.0045849266,3661,5,11,6
216847.46577912447,3378447.614706628,36595,1,927.40137,41.23925,53.365875,0.0051407316,16.088081,9.420574,1631.9896,5120.01,41678.773,12995.637,0.37740302,-0.031983156,3661,4,2,6
218072.3768042656,3378562.996619397,36515,1,1158.0271,31.387293,315.0,-0.0023943488,11.507025,9.695685,1598.3237,6240.5205,40638.055,13366.84,0.4195997,-0.09042923,3661,5,11,6
217366.482674125,3378506.916718618,35791,1,1000.8784,53.574993,163.81079,0.0023748544,25.893822,10.031428,1617.5897,5583.2334,41229.254,13127.201,0.2906291,0.038253363,3661,4,11,6
215974.4521695348,3378568.736517525,35724,1,983.46454,39.10249,74.74487,-0.0025483521,15.291881,9.154256,1654.328,4276.1196,42303.562,12608.905,0.37693542,-0.027762411,3661,4,2,6
217181.57527815623,3378565.8694477296,35536,1,909.1998,40.448303,229.76366,-0.0008855927,15.724645,9.976822,1622.0494,5396.9805,41341.656,13013.612,0.09228266,0.23716305,3661,7,11,7
217962.8591503353,3378555.590991654,35496,1,1207.0529,36.030792,304.5085,0.006263379,12.7668295,10.417832,1601.3107,6138.5747,40730.785,13329.553,0.46639824,-0.14604521,3661,5,11,5
217279.3404303067,3378612.3387147384,35805,1,965.98376,25.90688,233.97263,-0.0026606435,9.450702,7.8145423,1619.2943,5464.9424,41239.79,13000.649,0.31355745,0.030417655,3661,4,11,7
218098.18369239813,3378691.242002799,36527,1,1225.2983,24.026997,309.80557,-0.002831981,8.630112,9.724115,1597.0602,6222.4434,40542.133,13257.861,0.4694905,-0.14356919,3661,5,11,5
216672.425893793,3378732.261017775,36671,1,853.22766,28.871964,287.8189,0.00010298185,10.3689165,7.7744,1634.2996,4859.6294,41646.062,12674.514,0.14027615,0.19203646,3661,5,11,9
216809.48150378445,3378764.4660950075,35828,1,856.83026,32.90365,258.69006,-0.0071565527,12.06348,6.5751567,1630.6255,4971.7803,41524.004,12690.867,0.4959512,-0.17195028,3661,5,11,7
216842.2729806865,3378749.8245342574,35829,1,866.34766,33.954044,238.49573,-0.00024914715,12.738057,9.60939,1629.6484,5012.8335,41498.004,12714.189,0.5043527,-0.17897014,3661,5,11,6
215966.1915523616,3378809.823818572,36756,1,836.06775,31.002243,68.498566,-0.0053215,11.439184,7.7302566,1652.3523,4169.2324,42169.746,12376.082,0.48657817,-0.15975846,3661,5,2,9
216743.75669637567,3378794.7392511163,35827,1,878.7693,34.138313,291.80142,-0.0032334158,12.782709,7.7160835,1631.9689,4905.232,41554.07,12641.971,0.47063804,-0.14036746,3661,5,11,9
215617.9607537943,3378782.9397932813,36647,1,944.0261,27.607737,3.814087,-0.011729772,9.493489,9.851562,1661.8876,3860.9453,42470.586,12308.647,0.5142972,-0.19471301,3661,4,2,9
216782.3112723133,3378837.051906778,35826,1,906.0597,34.51922,260.78897,-0.0041729202,12.390723,8.57433,1630.519,4926.8447,41492.105,12608.905,0.515379,-0.19325982,3661,5,11,7
215612.4572265001,3378820.379578898,36594,1,946.35223,29.842197,345.5297,-0.0047253883,10.738645,8.430222,1661.4888,3844.2295,42447.168,12270.045,0.52372116,-0.20749485,3661,4,11,7
217006.9743721799,3378960.976594698,35473,1,930.6477,17.507917,274.08563,-0.026279386,6.8484955,7.176877,1623.8407,5100.451,41244.043,12575.457,0.48378408,-0.15668371,3661,5,11,9
216118.69194056097,3379300.4031926217,35849,1,967.16864,22.74045,270.0,-0.009431743,9.533646,10.766851,1643.9287,4151.1567,41760.938,11953.576,0.3420748,-0.018319558,3661,3,11,7
216077.8403930712,3379350.804294103,35865,1,975.39667,28.97129,235.7843,0.0025901524,10.018884,9.75334,1644.4882,4099.4146,41764.312,11893.633,0.37903398,-0.055437718,3661,3,11,7
216251.6567183221,3379365.98156794,35850,1,1023.18445,28.693655,206.56505,-0.009763785,10.882383,8.915788,1639.825,4271.077,41612.234,11941.089,0.44093445,-0.1186911,3661,3,11,7
216326.95963982044,3379397.918815012,35884,1,1067.1222,30.92172,206.56505,-0.007108473,11.04551,9.320385,1637.6968,4329.457,41532.055,11926.127,0.31529972,0.011344795,3661,3,11,7
216178.1995620049,3379406.2414792194,35866,1,1010.6721,22.616539,255.96376,-0.009625632,8.309269,9.851562,1641.4944,4183.742,41653.9,11877.541,0.48195857,-0.16013591,3661,3,11,7
214421.4332527168,3377884.2030252484,35526,1,1246.2742,46.097267,42.27368,-0.0006407434,18.172596,9.0306835,1704.0409,3425.9304,43962.26,12940.22,0.15357238,0.20101146,3661,4,11,5
213160.4520429411,3377906.045451487,36114,1,1236.8798,19.824251,130.91437,-0.02047696,6.935704,9.851562,1739.0098,2720.772,44977.492,12783.212,0.48165852,-0.15448228,3661,4,2,7
214561.52185002252,3377913.192621615,35604,1,1126.4054,36.409443,358.63608,-0.003340809,13.543747,10.005278,1699.845,3500.357,43831.31,12933.345,0.18778907,0.15564573,3661,4,11,6
214397.3151596076,3377953.439711292,35987,1,1222.4299,39.006077,24.227753,-0.0014326075,15.035324,9.804939,1704.2078,3354.1018,43945.58,12866.395,0.4184611,-0.07806465,3661,4,2,5
214265.37602738445,3378021.7560581723,35985,1,1251.8805,31.239714,64.23065,0.0011352579,11.475169,9.377162,1707.0271,3214.7473,44010.254,12777.578,0.14305846,0.21417344,3661,4,11,6
214462.11558013025,3378171.3211598685,35986,1,1090.6091,37.896416,67.47943,-0.00046614572,14.3303175,8.252367,1699.661,3246.5522,43760.312,12660.371,0.33096778,0.017490013,3661,4,11,6
214029.67949674465,3378193.5513003827,35494,1,1198.9896,18.680368,57.26477,-0.0019486762,6.3861175,9.293163,1711.5717,2928.5664,44107.152,12576.08,0.13052168,0.18717262,3661,4,11,6
214480.57716426247,3378223.911874168,35830,1,1044.6176,40.23426,45.0,-0.00173064,14.547133,7.9104886,1698.5142,3226.918,43714.94,12614.345,0.25639403,0.090287894,3661,4,11,7
213982.6707881504,3378251.7981895125,35495,1,1195.7886,12.481066,84.2894,0.023311475,4.7930655,10.920537,1711.9114,2857.009,44105.22,12511.443,0.35869133,-0.026764037,3661,4,11,5
214823.98220436988,3378300.773007537,36138,1,1014.42346,31.241646,216.46924,-0.0061057503,11.74913,7.6166167,1688.2528,3434.5596,43392.094,12596.606,0.50974524,-0.1879597,3661,4,2,7
214054.24681941015,3378294.9056545272,35552,1,1168.8762,17.448229,42.510437,-0.0029676657,6.07129,9.700559,1709.4788,2873.6738,44024.96,12480.885,0.22671036,0.09788826,3661,4,11,6
214361.60660853257,3378317.073765557,35885,1,1051.3142,34.391365,42.089172,-0.0034607213,12.390575,8.742752,1700.6091,3070.9282,43754.594,12496.26,0.28281945,0.06656872,3661,4,11,7
214917.15740582527,3378308.549243488,36140,1,1064.8108,39.765625,159.32556,-0.0045353123,18.49173,9.434993,1685.6787,3500.0,43313.242,12604.479,0.48949793,-0.15780662,3661,4,2,7
214289.76886928605,3378341.314508417,35831,1,1092.4209,31.122316,42.27368,0.002085148,11.061374,9.091066,1702.5544,2998.9663,43808.277,12464.129,0.11604162,0.22543533,3661,4,11,6
214572.94487252957,3378327.597716391,35579,1,950.8753,35.548786,30.465546,-0.0010069672,13.640333,9.661686,1694.7452,3221.4905,43577.754,12521.234,0.4971489,-0.16392604,3661,4,11,7
214527.8729537031,3378338.3897123183,35886,1,973.3904,29.518196,50.44034,0.001105064,10.227868,8.393814,1695.9939,3176.9482,43612.64,12502.772,0.3882536,-0.048824113,3661,4,11,7
214572.71360304512,3378453.4743138705,35984,1,910.2772,19.890951,35.21759,-0.009690449,6.6453543,8.2663555,1693.3357,3145.3457,43508.11,12403.085,0.16033241,0.18008003,3661,4,11,9
214814.76270130524,3378436.14658401,36139,1,1021.8014,34.371563,176.98718,0.0018549506,12.585391,8.417909,1687.0542,3348.1936,43324.375,12467.129,0.51435876,-0.18808803,3661,4,2,6
214861.7940686269,3378444.616180532,36137,1,1051.0624,26.091644,175.60132,0.0009064382,9.116066,8.6431465,1685.5848,3382.8096,43277.91,12467.129,0.3999666,-0.061289728,3661,4,2,6
214278.51215561043,3378465.0555260708,35659,1,1053.652,29.806305,24.145538,-0.006292649,10.672194,9.851562,1701.3553,2910.0,43747.203,12344.003,0.42236257,-0.08094515,3661,4,11,7
214485.85677976685,3378496.9941895613,35537,1,945.0631,35.12846,21.250519,-0.000803611,13.062017,9.851562,1695.182,3043.8462,43552.586,12338.302,0.47872153,-0.14939156,3661,4,11,7
214875.89876556656,3378491.943265258,36476,1,1054.4824,26.497108,173.65979,-0.0014383179,9.363255,8.710128,1684.7522,3362.142,43240.66,12420.117,0.49283606,-0.16787827,3661,4,2,6
214585.87822168315,3378749.628210504,35502,1,876.95984,13.309122,337.16635,-0.015920855,5.8992805,6.358921,1689.5399,2975.9873,43326.79,12109.674,0.3301183,0.0045476006,3661,5,11,10
209204.10557162875,3378842.6391815622,45642,1,861.12463,42.758312,128.4802,0.0016633573,16.23542,9.714357,1870.7462,1631.5024,47782.016,12242.8955,0.12868135,0.23365396,3661,3,11,6
214756.14786279763,3378809.366950983,36156,1,945.3735,37.622482,155.89777,0.003926142,14.503242,10.590553,1684.3306,3087.005,43153.227,12082.719,0.5021782,-0.16219278,3661,5,2,6
214620.7209657789,3378831.3657757603,35499,1,868.3322,10.216104,69.44394,-0.031394266,5.628058,9.851562,1687.5402,2965.8892,43248.086,12038.348,0.24408801,0.10503261,3661,5,2,10
214449.60052089472,3378835.328840618,35501,1,955.1313,23.518894,344.74487,0.004444654,7.744689,9.800782,1692.3044,2815.191,43395.586,12006.307,0.45687515,-0.13308282,3661,5,11,5
214443.60376260907,3378848.94955119,35500,1,957.94666,19.178745,347.90524,0.008323144,6.522485,10.717563,1692.0642,2804.015,43384.145,11986.601,0.44704804,-0.12328169,3661,5,11,5
214519.4380333263,3378922.5387670016,35687,1,934.28796,31.203575,338.74948,0.006659479,11.313532,10.346965,1689.3807,2824.9072,43286.695,11929.878,0.2680459,0.06277874,3661,5,11,6
213731.1762653865,3379025.9202410635,35721,1,957.5262,28.588713,60.945404,-0.008233555,9.683937,9.851562,1708.6062,2134.596,43872.766,11716.876,0.37740007,-0.03517621,3661,3,11,7
214550.02067906165,3379009.8027327545,35484,1,921.8347,20.454569,9.462311,0.011406837,7.3050914,10.101286,1687.5248,2804.443,43210.68,11846.7295,0.41945633,-0.100044236,3661,5,11,5
221863.79850284345,3378619.725810646,35926,1,1350.5259,36.059017,294.67688,-1.8004957e-05,13.023497,10.295057,1498.1544,9912.951,37690.19,15318.045,0.29428992,0.014597468,3661,2,11,6
221899.56360713657,3378178.3665952594,35901,1,1131.202,28.061527,261.8699,-0.009890728,10.45264,9.851562,1496.9174,10031.017,37961.69,15684.399,0.17041896,0.15565357,3661,3,11,7
221916.62514865116,3378608.552832993,35927,1,1328.6735,30.862099,292.47943,-0.0026197436,11.5709305,8.919394,1496.8357,9963.935,37659.49,15356.852,0.3050857,0.008423239,3661,2,11,7
221920.36128937703,3378929.2067267126,35943,1,1500.644,34.129833,288.92465,0.005589867,12.639301,10.72183,1496.9088,9921.014,37439.887,15113.365,0.15980479,0.15749782,3661,2,11,5
222015.0798837514,3377162.7218971094,36504,1,1132.7773,43.978874,51.666656,-0.006219702,17.098476,8.313276,1500.1177,10419.813,38566.44,16576.924,0.37481895,-0.030900108,3661,4,2,7
222114.85423033123,3378993.3535349094,35981,1,1485.3485,29.648714,294.9048,-0.004620432,11.484505,8.265773,1492.124,10100.316,37257.688,15187.735,0.15839581,0.16130821,3661,2,11,7
222130.3493603535,3381761.79686045,36080,1,1725.0887,28.043388,229.39871,-0.0059646745,10.480864,10.183384,1495.1299,10110.534,35468.58,13193.848,0.15869619,0.16600743,3661,2,11,9
222175.2376819453,3379242.0628405646,35963,1,1627.442,31.531776,280.008,-0.008968632,11.492098,7.5777574,1490.9572,10127.809,37047.484,15035.451,0.14034131,0.18476155,3661,2,11,6
222169.76696935104,3378170.2714850386,35906,1,1160.5125,32.648315,266.63354,0.00029701024,11.44426,9.1038065,1489.6335,10296.606,37768.73,15857.27,0.35057342,-0.029461272,3661,3,11,7
222254.98389432204,3378849.103626544,35982,1,1449.3479,35.054596,225.0,-0.0073471563,12.683336,9.345178,1488.3297,10259.298,37246.0,15384.918,0.19516642,0.11915861,3661,2,11,7
222323.8198852524,3379162.763371323,35966,1,1615.5243,29.642895,234.24612,-0.0049614753,10.495917,8.620032,1487.0631,10286.232,36987.758,15193.91,0.16466723,0.16293757,3661,2,11,6
222303.3822097041,3378261.0576670477,35924,1,1238.3198,34.285515,270.0,0.0040075784,12.65202,8.879919,1486.0232,10414.346,37604.69,15873.504,0.36952972,-0.03865253,3661,3,11,6
222311.5478369632,3378621.823730478,35929,1,1444.9131,40.599293,222.7094,0.006914856,16.160885,10.426317,1486.3881,10355.873,37355.055,15600.256,0.26194257,0.05246643,3661,2,11,5
222332.00628311004,3381682.6472623604,36059,1,1699.9792,34.25469,277.90717,-0.00038822618,12.80558,9.577861,1490.8795,10298.607,35361.14,13395.672,0.26622695,0.047181584,3661,2,11,7
222369.37452727428,3379263.618873117,35964,1,1680.8033,39.695766,251.96573,-0.0047541573,15.2748995,8.78519,1486.2334,10314.311,36891.582,15144.666,0.16429336,0.15648782,3661,2,11,6
222415.4888261672,3378305.9508247213,36505,1,1259.6057,45.9552,247.45694,-0.0011715151,19.250208,10.419263,1483.1583,10513.9,37496.586,15911.317,0.26867786,0.05088331,3661,2,11,6
222455.20637930845,3379121.081411917,35979,1,1650.6632,29.228216,219.80559,0.00019640374,9.957183,9.797126,1483.7125,10420.158,36917.04,15309.317,0.24311848,0.08741343,3661,2,11,6
222461.73371040047,3381729.222334226,36058,1,1698.9066,35.807983,295.9065,-0.0005249029,13.426968,8.905974,1488.2649,10433.834,35228.25,13459.19,0.21693012,0.09153944,3661,2,11,7
222483.13138063703,3378224.657868529,35922,1,1200.4056,34.939217,235.56102,-0.014249272,13.492894,9.851562,1481.1257,10598.727,37499.28,16017.544,0.2631051,0.06567228,3661,3,11,7
222493.2192199744,3379314.660021728,35965,1,1767.11,35.023186,242.78389,0.0025571529,12.654021,10.896621,1483.0831,10438.123,36761.04,15193.173,0.2302632,0.08874259,3661,2,11,5
222522.34720098367,3378899.96074262,35962,1,1543.4622,30.204605,264.47247,-0.0037382185,11.12387,8.949928,1481.4899,10518.945,37011.59,15521.421,0.20018408,0.110245265,3661,2,11,6
222546.20329896084,3378991.208285708,35946,1,1605.9358,33.251537,260.27243,-0.0003246911,12.773319,11.365582,1481.1677,10526.22,36936.555,15466.46,0.16238122,0.16339663,3661,2,11,6
222552.44540866392,3378228.6486883145,35923,1,1242.8702,36.361477,211.70143,-0.009715937,14.3019085,6.588474,1479.2712,10665.177,37441.09,16053.986,0.28780735,0.03080465,3661,3,11,7
222590.79064413495,3378950.446981829,35947,1,1582.4303,30.14964,255.06859,-0.00599654,11.532999,8.39343,1479.8069,10581.21,36926.11,15529.459,0.12583095,0.19412,3661,2,11,6
222650.47743515132,3377999.9893359514,35925,1,1209.4744,38.848362,267.27368,-0.00082762423,15.265807,9.418467,1476.0459,10812.017,37524.656,16295.497,0.45675233,-0.13278078,3661,3,11,6
222648.2707986968,3379068.681515768,35980,1,1685.0034,40.433384,242.30054,0.0009227898,15.856112,10.043279,1478.8046,10614.918,36808.695,15472.252,0.20312794,0.10980539,3661,2,11,6
222692.9836161905,3378980.46854031,35961,1,1636.7991,38.77244,252.80147,-0.0021122287,15.070777,10.176025,1477.3259,10676.202,36831.754,15572.811,0.23837519,0.07985723,3661,2,11,6
222713.0774943323,3379015.143146293,35944,1,1666.1879,41.743656,249.71745,4.8993e-05,16.812614,9.941753,1476.8889,10692.053,36796.805,15563.576,0.21794014,0.10843625,3661,2,11,6
222725.2779947673,3378008.5005267714,35575,1,1234.3005,47.61392,246.6823,-0.0022823794,20.258514,8.582681,1474.1687,10878.056,37466.766,16331.914,0.3527636,-0.02704278,3661,3,11,6
222774.09667224757,3378977.8263721927,35945,1,1663.8167,39.883873,242.40271,-0.0029215997,15.500318,10.309004,1475.2892,10755.487,36772.406,15625.838,0.18335405,0.13081753,3661,2,11,6
223053.3958834308,3378502.410490353,35576,1,1558.5826,30.456959,183.57634,-0.0011945674,10.91946,9.780312,1466.7145,11105.48,36891.0,16170.998,0.19586065,0.1306395,3661,2,11,6
206106.29769868453,3380682.333636563,45364,1,926.504,29.632156,252.75854,0.0129683865,10.538649,10.682058,1952.9589,756.04236,49577.465,11796.801,0.17003313,0.15530466,3661,2,11,6
206125.19661438512,3380554.5843842383,45292,1,840.34454,37.622044,292.38013,0.00074737245,14.022686,10.24583,1955.256,822.00977,49620.16,11896.428,0.26781252,0.067748696,3661,2,2,6
206422.84613601147,3380425.4753479613,45250,1,858.6298,39.86586,239.47029,-8.367841e-06,15.86567,10.105972,1946.7534,670.0746,49415.883,11853.207,0.44361302,-0.12238946,0,2,11,6
206824.22718752248,3380297.4231409584,45141,1,938.01196,33.026665,264.95755,0.0070868772,12.50036,9.681588,1934.0616,460.10867,49120.195,11762.42,0.2009675,0.11881584,3661,2,11,6
207366.59459062573,3378787.757638884,45640,1,1057.668,6.669348,63.434937,0.026009737,5.937268,10.933027,1946.2402,1677.0509,49388.72,12891.772,0.40331957,-0.0754631,3661,2,2,5
207502.12670195336,3379130.625425818,45643,1,910.0731,45.158257,0.0,0.002972231,18.50345,9.824289,1933.1964,1319.7349,49097.066,12524.097,0.5483096,-0.23831317,3661,2,2,5
207556.23619078827,3378886.727020871,45641,1,949.26337,30.244282,17.241455,0.009828155,11.110949,10.683658,1936.3755,1553.8983,49174.215,12726.291,0.5662494,-0.2557045,3661,2,2,5
207598.9398665049,3379724.3365374394,45153,1,725.27594,37.782158,354.4278,-0.0022163808,14.257475,8.469519,1916.8535,723.3948,48726.56,11946.698,0.459657,-0.13145566,3661,2,2,6
215870.6783768228,3376428.8573863595,36452,1,1402.3511,37.506203,188.65256,-0.0031322632,14.173126,9.43759,1677.9974,5475.217,43684.992,14649.345,0.19377369,0.14800157,3661,4,7,6
215990.5528427164,3376634.246301772,36686,1,1478.332,29.974817,186.70984,0.007096562,11.341264,10.955489,1672.6907,5416.8994,43466.566,14484.506,0.45551503,-0.12401904,3661,4,7,5
216688.3483411581,3376716.6620073635,36656,1,1412.2463,41.952427,19.57312,-0.0039824806,17.168472,9.252517,1652.718,5873.755,42871.74,14585.1875,0.5876926,-0.27287504,3661,4,2,6
215848.35180399212,3376834.307121681,36684,1,1406.0969,50.832077,188.88068,0.0014112425,22.686113,9.880224,1674.8418,5170.0386,43460.387,14253.82,0.4300407,-0.08642008,3661,4,7,6
215873.9473784973,3376878.8334217165,36685,1,1464.1855,37.860367,181.46881,0.004613194,19.452206,11.068396,1673.5139,5157.3735,43405.92,14212.628,0.45675403,-0.11760228,3661,4,7,5
215741.72916500183,3376876.279711346,36494,1,1329.0852,40.237988,196.11343,-0.004218668,16.2322,8.212593,1677.211,5070.355,43514.457,14191.074,0.42423287,-0.08226997,3661,4,2,7
215602.55196279232,3377087.570291073,35600,1,1373.4451,36.490005,238.29858,0.0068252785,12.890637,10.155253,1678.9089,4816.8975,43490.113,13944.497,0.4381944,-0.113725565,3661,4,11,6
215752.19248507777,3377082.86693348,36479,1,1435.4801,35.94656,208.0725,0.0023587442,13.736277,9.56458,1674.8491,4933.4067,43377.582,13989.496,0.3512638,-0.012986727,3661,4,7,6
215813.7488611432,3377287.7405542177,35580,1,1466.167,35.65401,134.06079,-0.0017373287,13.409462,9.862288,1671.098,4839.876,43201.68,13800.482,0.31104457,0.033146325,3661,4,7,5
217025.6549778,3377763.0938185486,35741,1,1132.3333,43.26336,67.55725,-0.0025253424,17.706785,10.200202,1632.6638,5579.48,41957.953,13705.725,0.167829,0.18457283,3661,4,11,6
215747.44575877127,3377787.425034902,36436,1,1355.154,36.151268,18.886078,-0.0021627601,13.678762,9.6541395,1668.0829,4476.751,42954.176,13298.85,0.21289262,0.13100636,3661,4,7,6
218165.9760949311,3377777.033203551,35539,1,979.6373,39.606388,254.24884,0.0026016284,15.612869,9.566666,1600.6255,6596.924,41054.492,14113.373,0.47098538,-0.14414988,3661,4,11,6
217916.7933164872,3377788.77106599,36496,1,902.8391,28.931461,271.78992,-0.0010687988,9.835335,9.851562,1607.5034,6364.3066,41242.594,14003.832,0.26909885,0.06275519,3661,4,11,9
215746.5757357801,3377838.0953514497,36438,1,1351.0594,31.631117,349.04593,-0.0014837154,11.5090065,9.980857,1667.5872,4447.674,42924.08,13250.468,0.20972213,0.1333805,3661,4,7,6
215756.32651999887,3377872.551670392,36437,1,1350.8956,24.336664,335.77225,0.0030316303,8.31435,10.725824,1667.0105,4438.6035,42898.047,13223.982,0.15543777,0.18168882,3661,4,7,3
217216.44912375175,3377970.1334526986,35846,1,951.2477,31.704857,71.56506,-0.0012684625,11.878733,10.433815,1625.454,5653.6357,41678.87,13574.553,0.56570464,-0.25019494,3661,4,2,6
217161.1850967956,3377969.3920598966,35808,1,960.22784,30.435972,73.81079,-0.0059143305,10.823054,-1.4988962,1626.8405,5608.5737,41718.258,13556.88,0.55399406,-0.23990224,3661,4,2,6
215872.48512564777,3378025.8598613013,36439,1,1311.4841,29.837814,55.7843,0.006115709,10.877883,10.440322,1662.2156,4455.3003,42712.0,13110.302,0.22540271,0.1043247,3661,4,7,3
217109.0674067946,3378086.249315942,35807,1,950.23785,41.78409,19.746826,0.0008575891,16.972347,10.594915,1627.7015,5507.1772,41697.977,13432.813,0.45585075,-0.13174401,3661,4,2,6
217501.0849035965,3378117.057684606,35538,1,902.1965,41.803886,241.8584,-0.0043003005,16.601938,7.8488317,1616.4272,5856.296,41358.1,13541.186,0.41047266,-0.08400178,3661,4,11,6
218132.72675242333,3378147.9193076645,36513,1,975.0563,24.326914,272.29062,-0.013246219,8.739062,9.851562,1598.9945,6430.241,40845.688,13764.0,0.21176198,0.12540035,3661,5,11,9
219765.7196891206,3376220.161757025,36485,1,1177.0422,28.69198,123.11133,0.0012804484,11.176079,10.078361,1572.9745,8722.305,40856.168,16212.049,0.55286145,-0.2200754,3661,3,2,6
218869.2538481144,3376704.222633983,36484,1,1060.0227,55.397358,35.837646,4.576993e-05,25.05152,9.823304,1592.6312,7702.376,41211.777,15386.439,0.5344315,-0.21112168,3661,4,2,7
220465.14809245957,3376880.2754168804,35761,1,1018.1358,36.21066,302.90524,-0.0021879054,13.720343,8.73649,1546.3427,9065.506,39894.277,15969.136,0.41120785,-0.08320844,3661,4,2,9
218819.25539196425,3376880.5799218,35744,1,982.7613,40.941067,50.194427,0.0005645649,15.721512,9.112965,1592.0891,7573.0376,41132.188,15202.131,0.5575769,-0.24275446,3661,4,2,6
218319.6950764093,3376988.8885821104,36471,1,1206.6589,35.1551,32.73523,0.0036368242,13.642522,10.68478,1604.782,7080.706,41442.094,14896.821,0.5105592,-0.18895948,3661,4,2,5
218428.60693327803,3377316.6865602634,35742,1,933.71625,35.38617,49.0856,0.0013240179,12.617298,8.835074,1598.2344,7025.9663,41145.934,14639.552,0.35530242,-0.0074389023,3661,4,2,6
218985.1423206104,3377317.4620227623,35765,1,1175.3507,38.70188,215.3948,0.004926506,14.662624,10.188488,1582.6533,7532.9277,40717.297,14878.969,0.3029708,0.024659798,3661,4,11,5
220089.334142896,3377358.363131101,35557,1,1304.1835,23.494772,334.44003,-0.015147772,8.3342495,4.8100324,1551.5956,8533.663,39858.406,15363.141,0.5226191,-0.21422659,3661,4,11,6
218296.89933222297,3377378.73292217,35743,1,944.6871,37.591476,53.130096,-0.00082847284,14.550291,8.570936,1601.2173,6882.8267,41207.598,14531.635,0.43168998,-0.09236156,3661,4,2,7
220704.9958012577,3377415.873834073,35763,1,1041.8344,29.900036,327.38077,0.0016397831,10.333956,7.9138536,1533.7673,9098.797,39361.293,15640.288,0.3313684,-0.004994684,3661,5,11,7
220764.47192271764,3377480.4766674526,35762,1,1029.3657,35.317318,329.8586,-0.0038617486,13.30821,8.679312,1531.3125,9132.765,39269.902,15613.113,0.26925057,0.052764457,3661,5,11,7
218753.2710127375,3377499.4933941592,35764,1,1035.8274,25.534214,205.55998,-0.008034879,9.45753,6.1948557,1587.1317,7249.669,40777.25,14616.265,0.27169743,0.05458801,3661,4,11,7
218507.4974982828,3377495.0543969464,35766,1,896.8095,30.74472,219.17366,-0.0069173337,10.0810995,8.903617,1594.2047,7025.5605,40975.723,14518.299,0.51432556,-0.19511802,3661,7,11,9
220844.1517533804,3377583.305231385,36486,1,1043.5656,36.770424,295.2777,-0.0033019842,13.624018,9.851562,1527.9615,9177.244,39143.613,15572.056,0.4477592,-0.119221605,3661,5,11,6
218446.47908409327,3377618.8847127142,35556,1,942.8763,36.10082,254.47589,-0.0062055383,12.792121,8.082833,1594.4991,6917.586,40939.098,14375.121,0.15717082,0.1688572,3661,4,11,9
221658.536439948,3377694.492765874,36755,1,1026.6101,19.084824,173.65979,0.0034471932,5.9551435,9.946903,1504.0916,9920.182,38469.02,15936.389,0.37326887,-0.053282335,3661,5,2,9
218262.6028784013,3377753.805009484,35554,1,975.0863,29.111044,252.75854,-0.006572119,10.9051,8.784548,1598.1487,6700.6045,40995.863,14181.8545,0.41516298,-0.08417956,3661,4,11,6
218401.7862895545,3377806.071041605,35555,1,1066.3229,35.19614,237.72437,0.0033957805,13.514438,9.764742,1593.71,6810.0073,40855.8,14195.059,0.2937783,0.038633324,3661,4,11,5
218292.90343137205,3377813.894685213,35553,1,1018.9027,42.25701,244.65384,-0.005447351,17.533981,8.406851,1596.6776,6704.6553,40934.703,14139.748,0.41273165,-0.08770822,3661,4,11,6
218596.7877069756,3377809.8751696693,35470,1,1149.2921,41.664524,227.29062,0.0024788626,15.823406,9.189263,1588.2948,6982.1484,40702.53,14267.533,0.32127923,0.009986005,3661,4,11,5
218557.43138385908,3377826.3528934973,35471,1,1130.081,42.88054,220.10092,-0.00089817337,15.86177,9.6369095,1589.3064,6941.3037,40727.094,14241.18,0.42147994,-0.096704505,3661,4,11,5
218535.84338340303,3377856.1453145742,35472,1,1136.6345,39.641155,234.90419,-0.0018897975,14.871582,9.724167,1589.5469,6911.5845,40723.53,14205.48,0.31702408,0.014422887,3661,4,11,5
221501.18627365184,3377878.966929002,35573,1,1059.3894,34.643257,256.3287,-0.0020065093,13.14606,8.793963,1507.3143,9724.865,38452.168,15694.601,0.40444678,-0.08025037,3661,5,11,7
218373.16509568848,3378078.8254517554,36046,1,1020.2577,44.487125,86.633545,-0.006432199,19.192732,9.281979,1592.7948,6679.558,40702.48,13928.992,0.3903414,-0.039538663,3661,5,11,6
221858.0063519879,3378080.7601329824,35574,1,1089.0186,26.082537,282.99463,-0.0077068913,9.521416,-5.3071938,1497.8966,10014.813,38058.492,15740.012,0.4217469,-0.10046852,3661,3,11,7
218260.6110280472,3378236.722138412,35497,1,1033.4366,32.494434,270.0,0.00092240504,11.496562,9.776249,1594.9667,6521.6104,40687.95,13737.296,0.44859987,-0.122554734,3661,5,11,9
218563.3268857514,3378249.6136807185,35509,1,1062.6428,35.73861,271.4321,-0.0027033775,12.72286,9.851562,1586.7754,6802.066,40447.855,13859.185,0.3281351,-0.0060423724,3661,5,11,7
218678.4087138467,3378321.4125649934,35527,1,1088.457,32.41013,288.92465,-0.007939485,11.279066,9.851562,1583.4727,6884.8896,40318.297,13846.083,0.31622085,0.0047536087,3661,5,11,9
218701.9813604758,3378332.0618360764,35528,1,1087.3412,24.319,298.8866,-0.019872785,9.121012,9.851562,1582.6179,6910.4634,40288.68,13850.812,0.28726,0.04175207,3661,5,11,9
218423.45521893472,3378356.849739823,35513,1,1123.1,26.959755,263.88452,-0.00075259816,9.70827,8.637544,1590.02,6634.6514,40488.05,13698.573,0.4070882,-0.0763037,3661,5,11,6
215421.7482322821,3377016.616541952,35519,1,1222.2909,33.532753,223.72699,-0.0020608043,11.818821,10.052007,1684.5885,4737.953,43675.414,13972.49,0.23830312,0.10451147,3661,4,11,9
215368.539366236,3377062.5579800005,35540,1,1209.106,34.08871,228.12215,-0.006180519,11.431782,9.79363,1685.8575,4667.4404,43698.613,13920.521,0.39094517,-0.045907293,3661,4,11,7
215384.25855337363,3377094.293890076,35521,1,1233.438,35.14109,218.65982,-0.00014856363,12.798667,10.447137,1685.0082,4659.968,43664.49,13895.503,0.30809247,0.031942096,3661,4,11,6
215320.5756721637,3377142.0553045766,36683,1,1224.7365,25.027893,230.19443,0.0033708347,8.892452,10.130409,1686.1805,4582.248,43681.742,13833.847,0.32437485,0.012427994,3661,4,2,9
212123.9897704644,3377561.9223963586,35489,1,1329.3494,38.164665,194.6764,-0.00045863798,14.014642,10.777821,1771.079,2850.0173,46025.84,13102.782,0.2770804,0.055624947,3661,5,11,7
213164.02729125076,3377826.272929936,36112,1,1262.6171,18.875937,99.46231,-0.021806145,6.969258,9.851562,1739.7512,2794.745,45023.355,12863.067,0.5457095,-0.2324173,3661,4,2,7
213092.0087486717,3377833.652939995,36113,1,1277.5647,31.693817,48.814087,-0.0039023825,10.742322,8.267956,1741.6101,2759.855,45074.965,12849.082,0.43435395,-0.09619734,3661,4,2,7
214661.0040621045,3377847.2267541336,35639,1,1057.2588,30.61215,28.610474,-0.012976382,12.307804,8.946486,1697.6318,3613.3225,43785.76,13009.574,0.45388293,-0.119107425,3661,4,2,7
214410.53491137564,3377853.160823702,35656,1,1273.3608,40.35698,37.87497,0.0003417893,15.782064,9.147523,1704.6073,3441.4531,43987.96,12968.289,0.1783543,0.1741832,3661,4,11,5
213601.92610094283,3388910.252178883,35950,1,897.5224,31.90657,213.17853,0.0042267707,11.725422,8.829313,1574.007,8629.605,39302.766,2127.5808,0.25063923,0.084484726,3661,3,11,7
213714.24838656795,3388857.148003628,34941,1,924.515,30.947395,243.43497,0.002039808,11.1633215,9.970137,1573.7343,8600.1455,39219.668,2232.1292,0.09653004,0.22454083,3661,3,11,7
213809.63442919415,3390563.5273059257,36564,1,912.23755,39.95999,184.57393,-0.0008719175,15.520981,9.150081,1548.8898,10289.732,38525.613,1413.5417,0.24182983,0.08754834,3661,2,11,5
213793.25804613743,3388518.096431133,35968,1,885.8753,28.546598,202.24902,-0.0031976313,10.794515,9.851562,1577.793,8282.18,39275.402,2557.2642,0.18048672,0.1473915,3661,2,11,7
213965.68120720272,3388527.719386233,35951,1,983.13416,31.63496,184.63548,-0.011697776,11.781838,7.1337557,1576.023,8328.079,39114.727,2646.0913,0.538586,-0.22624028,3661,2,11,7
214615.2513370527,3388649.9866704275,35626,1,1316.6615,41.631752,135.74405,-0.002281337,15.258105,9.122298,1568.3027,8610.9,38469.164,2994.7456,0.36846077,-0.030186126,3661,2,11,5
217487.9458833385,3388530.2458346197,35602,1,1617.2172,40.311356,344.74487,0.0005826787,15.646629,10.745701,1542.8756,9735.055,35894.562,5517.699,0.22006026,0.10132596,3661,2,11,6
217549.7151455835,3388583.2015936347,35603,1,1594.672,28.534472,315.0,-0.0071329926,9.604109,8.859165,1541.9458,9809.883,35819.08,5554.1787,0.26655447,0.058040112,3661,2,11,7
217571.82410067308,3388730.9359572646,35620,1,1631.2313,26.134476,315.0,-0.00561915,8.853742,10.285939,1540.5538,9951.583,35728.93,5527.8657,0.1603729,0.16510808,3661,2,11,7
217813.4130036705,3388548.3671493963,35635,1,1602.4769,30.15712,189.78242,-0.014636282,11.257298,9.851562,1539.6858,9937.283,35587.082,5816.2275,0.26976857,0.043291353,3661,2,11,7
219046.46230790764,3388596.8106749603,34889,1,1632.561,29.275793,212.0054,0.0025446545,10.662273,8.325851,1528.2065,10728.514,34455.53,6961.76,0.3437954,-0.02282505,3661,2,11,6
219144.29227809716,3388664.2555356515,34888,1,1694.9108,27.839563,187.35239,-0.0015993526,10.094825,8.945344,1527.0259,10838.976,34339.367,7040.064,0.23738909,0.08529519,3661,2,11,7
219351.7232185937,3388466.876176147,34771,1,1703.7742,28.43047,323.53076,0.008462936,10.1772785,10.671059,1525.986,10834.26,34234.46,7296.4165,0.19594093,0.12230126,3661,2,11,3
219365.66726502843,3388516.6020552604,34793,1,1714.1483,35.693653,332.81888,0.0064309407,13.547509,11.003138,1525.679,10878.172,34203.34,7291.125,0.1704504,0.14723901,3661,2,11,5
219398.40790587288,3388627.988063578,34794,1,1735.0889,36.202557,325.12466,0.0027586697,13.938145,10.482482,1524.9375,10980.292,34127.855,7288.4087,0.31730598,0.008387085,3661,2,11,6
219425.4647299508,3388679.6683929893,35083,1,1739.5819,33.654922,325.008,0.0018472336,12.570759,11.083052,1524.4596,11037.617,34078.914,7303.5127,0.26292208,0.051559962,3661,2,11,5
219568.94855979944,3388688.4632398672,34795,1,1655.6829,34.155148,309.40067,-0.003372779,11.698861,8.719724,1523.1865,11138.263,33948.812,7435.711,0.32782757,-0.012493581,3661,2,11,5
219638.46022162476,3388941.040437056,34796,1,1699.9193,29.56851,0.0,0.00043626988,11.764417,10.216343,1521.6066,11371.513,33776.297,7441.505,0.2235817,0.09735991,3661,2,11,6
219673.5853152745,3389061.2620768687,34797,1,1685.7673,30.343136,0.0,-0.012025051,10.490872,7.8148623,1520.816,11488.085,33688.12,7453.7505,0.15385652,0.16643521,3661,2,11,7
219678.24896334103,3389113.6094295382,34845,1,1696.8887,34.10592,319.3987,-0.010613599,12.952121,9.851562,1520.6252,11525.78,33666.484,7443.178,0.10042835,0.20926146,3661,2,11,7
220145.20820525987,3389232.327981366,34846,1,1709.6444,33.332253,264.95755,-0.006135385,12.092893,9.463339,1516.4956,11927.837,33190.918,7880.8247,0.22043024,0.101850584,3661,2,11,6
220300.71272034376,3389171.3407152127,34847,1,1691.925,27.602467,296.56506,0.010595814,9.755999,10.622555,1515.4141,11992.235,33073.15,8049.112,0.22177091,0.10325279,3661,2,11,5
220318.1240147325,3389234.108650673,34848,1,1712.156,35.52807,336.44772,0.009114947,13.123758,10.284628,1515.1729,12042.939,33037.906,8048.062,0.21865013,0.09848132,3661,2,11,5
220594.33190999232,3389545.347804296,34887,1,1696.8463,23.765661,329.03625,0.0010928776,9.764537,11.364581,1512.3074,12460.63,32651.004,8276.135,0.1607824,0.15991211,3661,3,11,5
212717.24242994928,3390818.2560339817,35584,1,881.849,34.381683,34.11447,-0.0012834243,12.549164,9.700178,1551.3359,10421.525,39467.047,357.77087,0.36897987,-0.031167239,3661,2,11,6
212778.7708504393,3390656.4646586315,35583,1,883.20715,43.33971,36.656097,-0.0065961913,16.660473,8.929416,1553.5602,10265.987,39462.74,380.0,0.46839833,-0.13555461,3661,2,11,7
212976.8522010197,3390744.035316525,35569,1,897.517,41.44086,242.30054,-0.00041965087,16.433092,9.017937,1551.1152,10361.818,39247.547,585.4913,0.30350164,0.014924419,3661,7,11,6
213415.393944136,3390087.054832051,35622,1,910.14966,43.142704,37.647614,0.0029980335,17.191742,9.246656,1558.2451,9766.565,39053.414,1168.4606,0.2621448,0.07795398,3661,3,11,6
213433.5681389819,3389564.988829579,35568,1,916.8757,39.036015,330.57254,-0.00060942315,14.584025,9.851562,1565.9482,9244.723,39222.062,1513.8031,0.33661997,-0.009902785,3661,3,11,6
212910.65725636805,3386755.842282003,35488,1,958.2349,41.86557,311.72952,0.0048616626,15.791105,9.084241,1613.721,6389.507,40790.227,3944.4265,0.18317324,0.13999711,3661,2,11,6
217815.69637243432,3386761.4784430168,35712,1,1154.2313,31.370527,264.47247,-0.00035136653,11.939538,9.326491,1552.1027,8533.024,36383.215,6677.3047,0.39920932,-0.07168225,3661,2,11,6
212780.1060023828,3386784.882277074,35487,1,1032.1478,37.83318,295.4077,0.00031999263,14.700444,8.008254,1615.0419,6401.758,40905.28,3898.564,0.24459441,0.08694329,3661,2,11,6
217844.57858635063,3386781.410865246,35692,1,1166.9482,31.656511,284.82648,0.0041677738,12.10504,10.374817,1551.597,8567.951,36347.36,6690.0596,0.32178056,-0.0062740236,3661,2,11,6
217884.23708937576,3386857.154956147,35674,1,1197.2007,34.0352,331.2602,0.002873417,13.263146,10.270119,1550.5668,8654.213,36274.82,6676.833,0.4814466,-0.16279002,3661,2,11,6
212991.41998376005,3386823.415535232,35034,1,952.73804,44.24153,330.64224,0.009562133,18.057308,10.675827,1611.6288,6470.124,40688.414,3886.5923,0.3419316,-0.014793833,3661,2,11,6
217599.65647382304,3386917.049001726,35652,1,1297.4774,36.322834,311.87787,-0.00078572205,13.357176,8.472359,1553.6558,8509.436,36504.535,6405.279,0.33338133,-0.006987056,3661,2,11,6
212862.4152070437,3386906.57692318,35523,1,1073.6085,39.59426,327.72437,0.006888476,14.903589,9.903575,1611.8783,6541.5977,40769.734,3779.3386,0.08152415,0.24758488,3661,2,11,6
212959.9216569286,3386900.0402802727,35522,1,997.9255,46.101376,346.9307,0.0047937683,19.817749,9.335516,1610.9064,6543.5845,40691.816,3801.4734,0.27282912,0.049725164,3661,2,11,6
212944.71056769544,3386926.7227483494,35508,1,1016.72345,50.833996,355.10092,0.004619215,22.863543,10.174937,1610.5702,6571.918,40688.586,3770.3315,0.27685666,0.046687458,3661,2,11,5
217887.7886364136,3386984.042583785,35689,1,1243.5409,31.334402,323.84183,-0.0046190815,11.283017,9.131201,1549.7571,8744.015,36219.4,6609.2734,0.44995362,-0.13136064,3661,2,11,6
217871.44551914875,3387097.455837103,35655,1,1293.722,29.977009,317.72632,-0.004965911,10.154681,9.122788,1549.0634,8828.007,36173.184,6534.8296,0.3137133,0.006805346,3661,2,11,6
213397.54684186037,3387108.187640907,35035,1,899.6366,45.579212,176.87787,0.00024397393,18.777441,8.777259,1602.3403,6821.173,40204.38,3688.1567,0.40797028,-0.0719093,3661,2,2,6
212957.3850563744,3387089.844080672,35905,1,960.4927,48.53775,7.7218323,-0.0010887319,21.873016,8.758298,1607.986,6731.79,40613.93,3613.6548,0.28400987,0.04409618,3661,2,11,6
212864.0725172436,3387173.943484131,35903,1,1045.5051,46.574593,11.113037,-0.00060746906,19.929453,8.347098,1607.84,6799.625,40663.61,3521.5054,0.46042526,-0.14131941,3661,2,11,5
217899.8754061174,3387283.992214444,35654,1,1369.7799,33.144577,295.9423,-0.009917366,12.569731,8.184529,1547.6132,8978.046,36073.316,6455.5713,0.2573069,0.055254895,3661,2,11,7
212811.50176945637,3387257.1213487945,35032,1,1077.9806,42.286716,358.83087,-0.0038277195,17.095106,8.353986,1607.0356,6883.204,40672.945,3425.8428,0.30885422,0.016794829,3661,2,11,5
212813.9426171935,3387281.579930713,35033,1,1080.0977,43.130943,353.29016,-0.0023182689,17.210955,8.683937,1606.7228,6903.079,40664.887,3405.9946,0.268492,0.057424497,3661,2,11,5
212811.2078567458,3387323.1608762783,35524,1,1084.9418,41.646107,353.01895,0.0010878782,16.368605,8.987209,1606.097,6942.831,40648.79,3366.3037,0.19274795,0.12779255,3661,2,11,5
212863.43278300783,3387398.513752981,35904,1,1050.208,50.57915,357.39743,0.0029258032,21.431904,9.903659,1604.2623,7028.001,40570.883,3293.706,0.2137606,0.10649796,3661,2,11,5
214149.48692911523,3387795.5371816475,35902,1,1221.8552,46.2253,206.14685,-0.001376876,19.481836,8.653475,1584.2156,7654.1035,39242.184,3361.458,0.22024634,0.09791531,3661,2,11,6
214122.64387319976,3387831.448209482,35863,1,1224.2147,50.09731,201.37062,-0.00093282835,22.104162,10.830362,1583.8966,7687.425,39244.324,3316.896,0.30184555,0.022938864,3661,2,11,6
212959.6690356283,3388248.393195006,35844,1,845.83374,29.88435,272.0454,-0.0032429392,10.937545,6.7908115,1590.0833,7882.7026,40154.633,2474.207,0.3915884,-0.05678785,3661,2,11,9
212571.85492178937,3388261.259679649,35861,1,850.5414,30.350239,264.64417,-0.0019183732,10.990523,9.052578,1593.789,7857.8945,40501.996,2406.7405,0.45719317,-0.13290817,0,2,11,6
213279.34987346223,3388294.430179324,35843,1,811.14764,36.729004,302.15228,-0.0067705996,13.715574,7.339844,1586.2396,7964.923,39843.875,2528.102,0.3784898,-0.045634218,3661,2,11,10
216714.09298679687,3388339.693802556,35060,1,1545.3184,31.474579,316.16913,-0.0023141615,11.056986,10.295364,1551.7268,9167.601,36673.215,4903.55,0.23510222,0.084234536,3661,2,11,6
213316.02909905472,3388311.668805052,35825,1,813.27136,33.539803,287.92792,-0.0060281185,12.31553,7.550187,1585.54,7990.6196,39799.258,2523.668,0.3521107,-0.021852048,3661,2,11,10
214478.11403851575,3388345.446785742,35862,1,1308.3406,36.64663,169.5625,0.0033706727,14.082775,8.379884,1573.5912,8273.724,38719.71,3115.8948,0.32633343,0.0051965,3661,2,11,6
213802.515539112,3388399.5054858634,35967,1,885.1392,34.733124,185.85602,-0.0020967943,13.20231,8.489034,1579.3794,8166.7744,39312.6,2663.7756,0.11518257,0.21079999,3661,2,11,7
217914.2151526989,3386926.107645124,35673,1,1199.6917,32.413586,316.16913,-0.009670556,12.584308,6.3135977,1549.8011,8718.951,36220.465,6667.683,0.4446683,-0.12202272,3661,2,11,9
217900.68553028489,3386737.193984091,35693,1,1125.3186,37.006435,293.9625,0.0035277,14.414341,9.717945,1551.1282,8578.637,36312.855,6762.1377,0.32803056,0.003091385,3661,2,11,6
217941.2775029887,3387674.0018621967,35619,1,1595.8523,30.37237,266.42368,-0.0024833186,10.632234,9.685893,1544.4327,9311.096,35853.15,6304.173,0.24863563,0.07479538,3661,2,11,5
217949.1681273053,3387287.299894918,35653,1,1377.9125,31.658014,258.02386,-0.0073273187,11.912521,6.803232,1546.9763,9017.943,36024.227,6493.027,0.23531343,0.09273717,3661,2,11,7
217996.02180808745,3386904.8551090504,35672,1,1190.8799,26.453259,248.1986,-0.008095394,9.283519,7.688322,1548.97,8757.54,36158.805,6745.191,0.47929838,-0.1520858,3661,2,11,7
218405.84244050967,3388276.852151908,35637,1,1675.4203,38.812935,344.5388,-0.002418632,14.747527,9.405647,1535.8922,10074.7705,35171.03,6464.093,0.34135142,-0.018854773,3661,2,5,6
218420.9179958761,3387369.1025517243,35882,1,1433.0122,43.01632,352.0304,0.00080257707,16.70094,10.576596,1541.0564,9394.557,35560.598,6869.134,0.08117198,0.24256492,3661,2,11,5
218450.2620846504,3388147.4966009445,35636,1,1635.7142,26.81436,335.55603,0.005464615,11.137107,10.927466,1536.1749,10005.158,35183.188,6559.2456,0.26454553,0.05380324,3661,2,5,6
218564.2127364442,3388223.073051582,35638,1,1566.1965,23.579437,316.8476,-0.01312513,8.231358,8.198052,1534.6968,10129.097,35053.594,6634.9453,0.29143348,0.02181895,3661,2,5,7
218572.94490001537,3387346.786826889,35713,1,1319.6104,42.16052,327.875,-0.006706283,15.874087,9.399344,1539.4893,9481.308,35436.53,7010.5996,0.34199348,-0.021781,3661,2,11,7
218596.72693648312,3387436.512952255,35883,1,1358.5809,39.01724,313.1524,-0.0033027327,13.95696,9.526973,1538.7655,9560.926,35377.42,6986.301,0.31853217,-0.009028834,3661,2,11,6
218888.41215309844,3387029.076901063,35881,1,1347.9167,32.092506,299.35776,0.0049615013,11.953562,10.557789,1537.6234,9468.754,35311.18,7436.1953,0.29270706,0.020813415,3661,7,11,5
219119.129574463,3386905.037474068,35880,1,1211.3456,35.53495,276.95297,-0.0017994319,13.765968,6.175849,1535.5215,9545.685,35170.215,7700.3896,0.2723382,0.059790734,3661,7,11,6
219437.99485874837,3387369.9729858725,35715,1,1381.5391,45.909153,345.96375,-0.00069668604,20.002333,9.613879,1529.793,10100.692,34665.895,7770.823,0.34060153,-0.019165015,3661,2,11,6
219409.92055003328,3387470.6437102305,35909,1,1436.4712,44.242794,330.5241,-0.00094038586,18.220343,9.361302,1529.7125,10148.285,34645.535,7701.701,0.33952928,-0.019905802,3661,2,11,6
219488.20953255348,3387454.032734378,35714,1,1345.9823,49.593323,336.57132,-0.004722129,22.18301,8.092979,1528.9182,10192.08,34584.195,7782.8145,0.40118203,-0.08006646,3661,2,11,6
219432.8568120881,3387554.5380335297,35910,1,1452.116,45.134464,342.58203,0.0014908408,18.614744,10.195725,1529.0573,10225.556,34581.67,7696.3433,0.27722234,0.050077684,3661,2,11,6
219507.98096444015,3387639.838838201,35803,1,1434.8572,36.397003,328.29858,0.0029491112,14.313409,10.044277,1527.9442,10338.5205,34477.836,7724.798,0.35580647,-0.029807799,3661,2,11,6
219531.6203923207,3387662.36403625,35801,1,1420.2863,47.139366,346.42957,0.0019304102,20.077635,9.989345,1527.5468,10373.953,34441.98,7744.6494,0.29112533,0.026595702,3661,2,11,6
219546.23840268157,3387650.062787968,35802,1,1404.606,47.148663,338.38522,0.0014261648,19.965921,10.470948,1527.4801,10374.126,34437.773,7757.7446,0.24709184,0.07151565,3661,2,11,6
219700.36189968156,3387964.031351488,35931,1,1404.6194,31.110327,349.69516,0.0009380983,11.786607,10.824918,1524.6538,10705.634,34152.582,7792.6953,0.32642457,-0.0069513517,3661,2,11,6
219793.5824256301,3387635.314218129,35864,1,1235.2413,16.16797,196.69925,-0.024396516,7.012068,9.851562,1524.9009,10540.91,34225.992,7996.3057,0.4279764,-0.10732317,3661,2,11,10
219783.66930775324,3387997.052186298,35879,1,1376.7783,35.110622,330.64224,0.0026170535,14.498076,10.553441,1523.7092,10790.598,34063.15,7854.1514,0.10565969,0.2156463,3661,2,11,6
219821.52759753505,3387870.2343265247,35823,1,1270.8711,43.297535,330.42218,-0.007934976,17.834352,7.699647,1523.7587,10728.267,34087.652,7936.5605,0.45244646,-0.1321656,3661,2,11,9
219868.7835782118,3388200.92750786,35912,1,1383.3594,35.213436,343.0092,0.0017232369,12.881049,11.034624,1522.233,10988.476,33900.45,7864.636,0.41519576,-0.09808048,3661,2,11,6
219862.5241583677,3388167.22590471,35930,1,1373.1267,36.055767,331.50436,0.00052618206,13.652367,10.392461,1522.3351,10967.229,33914.14,7874.072,0.40005037,-0.07868145,3661,2,11,6
219878.18084948364,3388090.7382780914,35824,1,1341.3706,36.175667,335.43283,-0.0007187011,13.299581,9.851562,1522.5087,10917.875,33941.87,7909.1904,0.34267142,-0.022482328,3661,2,11,6
219871.9546788747,3387904.525972964,35716,1,1263.7722,26.287798,320.7106,-0.0094191665,8.871946,9.6715355,1523.1483,10785.068,34029.445,7972.954,0.3054275,0.018001994,3661,2,11,6
219888.99331030512,3388215.929257705,35911,1,1372.2625,34.16586,337.61987,-0.00025553704,12.520564,9.851562,1522.0071,11009.673,33878.09,7880.52,0.45443577,-0.13661423,3661,2,11,6
221965.5647953798,3387635.180218993,35740,1,1928.0092,30.907553,199.65384,0.0019091136,10.527497,10.487627,1502.0742,12212.735,32324.691,10038.217,0.22401649,0.09974156,3661,2,11,3
222102.6402950867,3382815.8094128594,36060,1,1992.7733,37.653286,250.25317,-0.0005558028,15.508536,9.7367935,1496.8475,10274.244,34854.086,12486.256,0.33121878,-0.011106934,3661,2,11,6
215029.0645605054,3382541.740289388,35773,1,1493.4514,37.097885,214.50853,0.00033773464,13.601707,9.862405,1635.5156,3606.2446,40887.094,8535.297,0.3187702,0.0056702667,3661,2,11,7
210458.226362574,3382610.2799428613,45226,1,805.2115,35.16751,317.1211,0.0115404595,13.12209,9.992225,1752.4735,2075.4277,44829.445,8280.465,0.47235927,-0.14299741,3661,2,2,5
214987.54360749223,3382615.504167113,35774,1,1484.389,42.850967,209.05461,-0.0017430179,17.38624,10.1716795,1635.5145,3616.1997,40885.266,8456.395,0.29694837,0.02271416,3661,2,11,6
210493.74108604103,3383414.558178711,45335,1,814.12335,27.786158,340.0169,-0.0006548024,10.234856,9.024464,1736.572,2876.2822,44423.797,7494.8315,0.4519602,-0.12676817,3661,2,2,6
210207.6566685264,3383857.9065381777,43107,1,855.9229,35.371,99.68878,0.0021802182,13.710977,8.63309,1738.2229,3310.2266,44479.984,7143.9556,0.4752765,-0.1371143,3661,2,2,5
210356.7683010188,3383896.50541587,43650,1,788.9985,43.558308,35.96051,-0.0026552717,17.518726,8.917682,1732.4105,3357.8862,44327.87,7061.1045,0.4920806,-0.17249434,3661,2,2,7
210227.87019992265,3384264.915012185,43977,1,862.1496,48.21889,315.67404,-0.0015348704,19.84677,9.851562,1730.1362,3710.5796,44285.395,6757.8765,0.30740649,0.012393418,3661,2,11,7
210723.48121721088,3384517.785265889,43682,1,881.1004,30.072687,277.3524,-0.001964736,11.4149,9.34607,1708.8163,3997.8245,43722.027,6363.057,0.52597827,-0.20509806,3661,2,11,6
213140.2521696821,3384733.9544535624,35775,1,926.6433,32.505054,229.76366,-0.0025407404,12.027014,8.59136,1640.9254,4441.0923,41463.44,5977.24,0.27527064,0.04582694,3661,2,11,7
211436.60604179604,3384840.593555401,44953,1,836.1621,38.76032,277.27502,-0.00376504,15.190129,7.9823833,1679.9741,4364.0576,42943.594,5898.6436,0.5086762,-0.18682523,3661,2,2,7
212818.522720324,3385093.410557742,35486,1,842.6477,52.257248,223.85425,-0.002265919,22.487656,8.791224,1640.7555,4732.061,41595.35,5585.8125,0.2542711,0.0729974,3661,2,11,7
212750.9180187005,3385118.3184255506,34869,1,826.29596,38.569126,225.0,-0.0007929797,14.393585,9.691357,1641.231,4753.283,41635.684,5551.6846,0.20580164,0.11835562,3661,2,11,7
211151.6121230541,3385204.72866844,45044,1,1072.673,38.043144,285.01837,-0.00478531,14.255653,7.6189885,1682.8206,4703.0415,43039.82,5599.0356,0.39106253,-0.060622554,3661,2,11,6
213516.48386581367,3385813.84202152,36565,1,839.96063,37.72621,55.491486,-0.0062939534,14.692874,9.851562,1619.5326,5578.5303,40648.9,4977.64,0.31233963,0.03823477,3661,7,2,10
214199.6754278112,3385875.107874177,35548,1,919.4253,37.345493,228.94519,0.0012238815,13.459296,9.486722,1608.9944,5842.7734,40012.367,5117.04,0.12835622,0.19687049,3661,2,11,6
214441.4559923133,3385849.4310767064,35695,1,905.5179,35.58313,297.21613,-0.00044969635,13.755535,8.253082,1605.699,5917.981,39797.54,5228.633,0.42625168,-0.0962715,3661,2,11,6
214146.42561910185,3385934.1047345493,35564,1,934.36554,30.222391,255.52972,0.001011307,11.237742,9.876481,1608.9135,5881.4365,40030.55,5043.352,0.39711633,-0.07101371,3661,2,11,6
213706.63129772677,3386013.2373977606,35565,1,856.49084,32.88554,292.9887,-0.0025904225,12.110143,9.391922,1614.0115,5821.3486,40390.484,4831.004,0.45607388,-0.12767601,3661,2,11,7
212347.63525716367,3385993.718203054,35505,1,966.8222,28.169666,344.0546,-0.0009580511,10.119264,7.5974765,1633.4708,5577.383,41626.492,4670.2676,0.23819473,0.10263752,3661,2,11,7
212302.3267413783,3386126.9553284347,35506,1,1017.5079,31.378466,333.43494,-0.0033796583,11.500901,9.851562,1631.7388,5714.018,41603.53,4530.894,0.2718471,0.057690274,3661,2,11,6
214912.46227911476,3386141.9736289084,35059,1,1004.753,43.70553,293.1986,-0.0038152474,17.604946,9.213787,1595.5894,6377.5312,39247.48,5175.017,0.20603353,0.12964922,3661,2,11,6
212332.03369613603,3386159.6460155006,35507,1,1011.094,32.23458,328.73627,0.0003389168,11.756624,9.033201,1630.8298,5746.1113,41563.688,4500.4,0.26750076,0.058973882,3661,2,11,6
213725.12082552916,3386181.997599998,35547,1,980.4294,37.80369,280.53918,0.0019593735,14.637018,9.32642,1611.3613,5990.409,40298.47,4673.254,0.30329382,0.023178201,3661,2,11,6
212359.67181570517,3386199.014586418,35525,1,1013.0155,35.267715,329.03625,0.002243639,13.628694,8.085057,1629.8988,5787.5215,41528.71,4460.1797,0.25486627,0.07112567,3661,2,11,6
213780.2978465347,3386199.5911970558,35624,1,988.3257,40.640793,271.21887,-0.0021406629,15.593817,8.734879,1610.2622,6026.0264,40235.734,4671.584,0.3215534,0.007756888,3661,2,11,7
212406.4929489805,3386218.9746824293,35546,1,971.3796,53.530895,342.3156,-0.00033859911,25.679539,9.851562,1628.8839,5811.1616,41474.938,4440.011,0.34877717,-0.012886456,3661,2,11,6
214609.68211758335,3386555.081083713,35643,1,1234.8243,26.778942,288.43494,0.004912448,9.689698,11.046988,1594.7358,6625.6846,39345.1,4666.4976,0.2621741,0.070620276,3661,2,11,5
214364.2102370532,3386658.0853902623,35566,1,1314.4324,30.553019,273.8141,0.00096560706,10.990094,9.532905,1596.438,6642.6655,39513.91,4458.8003,0.2927408,0.040492013,3661,2,11,5
214480.74480553903,3386661.197237494,35567,1,1307.5928,36.91806,275.7106,0.0007968059,13.799208,9.468138,1594.9015,6684.265,39405.617,4513.103,0.28664196,0.03661362,3661,2,11,5
214609.56396093528,3386674.7801819714,35601,1,1300.0616,28.221527,291.44775,-0.0007695169,10.386278,10.834715,1593.2417,6737.039,39293.066,4561.162,0.2539664,0.0684174,3661,2,11,5
209637.67273402805,3383754.797487234,45369,1,962.67017,34.6064,57.99463,-5.621529e-05,13.166967,8.507079,1759.6542,3195.6533,45039.63,7440.813,0.44651094,-0.11289707,3661,2,2,6
209640.40106266292,3384034.6098190686,43383,1,981.5535,43.03752,279.09027,0.0048886477,17.325619,9.901356,1753.9219,3474.6655,44907.56,7177.701,0.43305016,-0.1085917,3661,2,11,5
209569.7719150856,3384137.442357141,43647,1,1086.0454,38.757126,277.94348,0.0046176473,14.765744,10.053773,1754.4856,3589.429,44931.633,7107.693,0.24749959,0.079153426,3661,2,11,6
209501.5982786069,3384138.2777064717,43627,1,1092.1678,37.71079,268.60284,0.0032116852,15.018315,8.937747,1756.4984,3594.273,44985.68,7131.795,0.23787749,0.09614759,3661,2,11,5
255298.43583907065,3332972.601768593,-1,0,1041.9886,33.125874,223.91908,-0.0037956985,10.908945,8.934181,971.0637,7329.427,56696.523,71892.6,0.41946495,-0.08519567,3661,4,11,7
249241.56296488823,3339618.6287903776,-1,0,1034.3491,31.571205,175.60132,-0.011645634,11.9118805,9.851562,1031.1516,6499.208,60440.664,62952.4,0.29310334,0.061545435,3661,3,11,7
276487.9139059804,3357274.567391435,-1,0,1289.2639,56.551163,315.0,-0.0024364346,27.892467,10.271496,1369.968,10274.911,31641.506,72266.31,0.4860055,-0.16265021,3661,3,11,7
240033.0261507964,3368467.772817365,-1,0,2147.2065,35.638016,32.47119,-0.000809857,13.236458,10.87256,1236.0519,12514.875,36505.727,35445.25,0.5022498,-0.1767463,3661,2,2,7
255643.9146991305,3345881.5892789005,-1,0,1896.4757,43.030968,301.8908,-0.0015397343,17.511562,11.166346,983.741,5621.5034,52933.414,62256.01,0.3113581,0.011196608,3661,3,11,6
283175.7194864951,3394986.236868353,-1,0,3450.7627,34.091732,270.0,0.0007661292,12.895236,10.371525,1560.6338,17185.648,17403.004,70911.71,0.22258544,0.09031416,3717,2,11,3
213416.6324844629,3377405.1051857225,-1,0,1495.3296,35.466045,113.19858,-0.0038753913,13.326065,9.882538,1736.702,3278.7344,45062.312,13299.172,0.3392931,0.022417566,3661,4,2,7
208059.77678154453,3377724.0852268664,-1,0,1425.757,34.793686,172.50415,0.00030274462,12.903388,8.661041,1933.8363,2731.1719,49347.79,13648.414,0.52857596,-0.20585233,3661,2,2,6
288780.2667646444,3398239.1865791488,-1,0,3416.0967,24.548601,107.74466,0.00027194057,9.251199,8.903995,1583.7627,19644.135,19676.04,76765.15,0.24084696,0.07895401,3717,2,11,7
234536.91073159105,3381132.353201574,-1,0,2489.252,30.86748,238.73628,-0.0017799481,10.576187,9.88865,1231.3882,9869.474,27346.863,24103.953,0.49319384,-0.15647309,3661,2,2,6
282150.938576099,3376169.7166108745,-1,0,1538.3937,39.07595,155.13629,0.003373085,15.511771,11.377134,1796.6802,27031.84,32195.746,71248.984,0.5178331,-0.17862773,3661,1,2,5
292055.1997139806,3358069.0627416787,-1,0,1975.4775,31.87974,312.51044,-0.0010235325,10.931198,10.144748,1684.9485,10131.855,16417.615,86068.71,0.24618833,0.06026801,3661,3,11,5
284108.5293147357,3368123.249119548,-1,0,1765.4958,26.225428,96.11548,-0.00033698426,9.079658,9.197081,1703.0906,21470.818,27726.56,75168.98,0.33448294,0.019979104,3661,1,2,6
285472.5840888318,3356603.338405661,-1,0,1464.7849,20.045292,130.91437,-0.010713965,6.7149544,9.851562,1542.5023,11009.419,22632.164,80627.35,0.48417893,-0.15356421,3661,3,2,9
299261.5004723728,3377170.8885845863,-1,0,2077.68,25.873434,336.50143,0.0035465544,9.45598,11.528705,1897.5558,24690.875,24761.326,87911.19,0.4570669,-0.12908177,3717,1,2,6
279411.756932596,3374560.368964747,-1,0,1307.5186,33.385857,244.0935,-0.00544212,12.1198845,8.050165,1713.5983,23906.521,32302.418,68926.7,0.45480838,-0.13585396,3661,1,11,7
291083.3342937876,3370330.1070452314,-1,0,2183.4756,20.820488,205.01689,0.0086692935,7.235156,10.638415,1803.7499,22231.785,23492.965,81273.766,0.4126951,-0.07639818,3661,1,2,6
289556.0360844224,3383816.37744504,-1,0,2004.4138,27.70942,329.62088,-0.025139367,10.606994,8.477781,1771.1274,29729.236,30013.826,77463.46,0.4283534,-0.09224151,3717,1,2,9
257095.5535843952,3360947.319751841,-1,0,1153.0931,23.65001,61.389526,0.0065010237,8.263484,9.928778,1112.3925,120.0,41388.836,53672.844,0.4790592,-0.15401645,3661,2,11,6
297537.3814428238,3390921.572975644,-1,0,3366.1294,38.69217,290.85446,-0.0044524213,15.302549,10.119402,1755.5774,30909.709,30995.191,85140.4,0.32591993,0.016084995,3717,3,2,5
255999.96975017,3370816.8292744434,-1,0,1283.4894,24.134024,135.0,0.0072410395,8.158195,10.046433,1240.0673,2320.0,31483.154,47901.832,0.34604082,-0.015334378,3661,2,11,5
240951.22804740068,3363826.985002318,-1,0,2025.5785,30.821968,354.64417,-0.0067137973,11.092126,9.329892,1274.1642,14159.552,40689.355,39185.746,0.36545008,-0.030591875,3661,3,2,7
281165.38247754006,3365504.5096929413,-1,0,1389.8741,27.13162,270.0,0.015818505,9.748779,10.195795,1601.397,18417.047,29161.867,73227.984,0.41189268,-0.07800878,3661,3,2,5
278127.40864713787,3357301.463798167,-1,0,1692.4653,31.208736,74.74487,-0.002652827,12.18162,9.764951,1404.3068,10077.286,30014.184,73711.08,0.45661923,-0.10956445,3661,3,2,6
255417.1989348564,3349565.8207827127,-1,0,1290.5454,22.300993,59.931427,-0.005257709,7.8842144,8.823213,999.2302,3570.9521,52725.59,59497.312,0.295674,0.049200285,3661,2,11,6
235406.27698737345,3379263.734916788,-1,0,1988.2942,23.112694,242.35403,0.005023748,8.23731,11.299489,1167.6677,9767.149,28449.902,25679.178,0.31610897,-0.005876862,3661,2,11,5
264453.3995891324,3360659.9712010217,-1,0,1076.3954,29.956083,37.234833,0.0014082625,10.454184,9.68258,1177.0488,6730.7354,42379.24,60085.305,0.44788983,-0.1178199,3661,2,2,6
254382.1625060784,3349467.353179713,-1,0,1266.6627,38.27216,88.60281,0.0005695956,13.840605,8.4149685,1025.5521,4586.5127,52824.25,58819.863,0.4041216,-0.05758959,3661,2,2,6
244145.2839063071,3343184.4586884207,-1,0,1202.1351,19.189955,300.06857,0.019715311,7.062598,10.74269,1153.8702,7687.971,60108.402,57117.535,0.4497096,-0.120274015,3661,3,2,5
309198.5812473014,3409383.332190895,-1,0,5284.5317,54.751324,63.130188,0.0047514206,27.058842,11.631278,1742.9382,33226.43,36667.887,97247.41,-0.049150933,0.3813099,3717,8,9,6
270264.5222932573,3373992.5556903444,-1,0,1391.239,38.45579,326.30994,-0.0015649764,14.63427,9.84355,1514.9246,15283.625,29964.648,60223.133,0.3677039,-0.047897015,3661,8,11,7
284686.76479822514,3347494.257786104,-1,0,954.99774,17.102531,38.65982,0.011686476,6.4897804,10.536893,1377.7396,2665.5205,24158.084,84199.13,0.420368,-0.07081149,3661,2,2,3
285557.2564126956,3359865.7848737864,-1,0,2257.0361,26.573494,114.14554,0.004794603,9.3142605,10.779892,1593.1685,13976.559,23158.895,79379.0,0.39324927,-0.046300784,3661,3,2,3
299217.52835202514,3382857.1917492305,-1,0,2917.503,33.223545,348.69006,-0.007022502,12.839284,9.343911,1845.2634,30189.266,30163.65,87169.68,0.40654734,-0.07169327,3717,1,2,6
276634.70648278185,3387978.752162809,-1,0,1964.2982,29.786325,343.30075,0.001269332,11.215509,10.335249,1544.001,18969.307,19163.115,64295.88,0.42458516,-0.0999237,3661,6,11,6
266252.34965664067,3355484.15179075,-1,0,1150.699,22.625877,190.30486,-0.00080591976,7.6603074,9.263671,1129.5944,7624.0996,41726.97,64331.42,0.4422466,-0.11256199,3661,2,2,7
298095.8561850188,3374686.822435626,-1,0,2422.387,15.66226,42.27368,0.0075675347,5.4786177,9.6071,1893.7147,22722.793,22936.965,87175.3,0.44129542,-0.10953502,3717,1,2,5
223051.4992846645,3383029.4822658803,-1,0,1863.7529,25.713762,226.54817,-0.0024839966,7.8027673,10.8716955,1479.5826,11249.355,33963.47,13109.253,0.42380625,-0.112383485,3661,2,11,9
266890.28091348073,3381287.4595492543,-1,0,1930.1051,22.048996,288.43494,-0.0034125515,7.8222923,9.565672,1442.1045,16609.516,22185.783,55299.61,0.38398388,-0.054569744,3661,8,7,7
288825.2436553752,3383514.0412808144,-1,0,2278.7324,13.965676,26.565063,-0.003562462,4.597619,9.158328,1769.9861,29491.377,29766.07,76763.71,0.41338158,-0.073784746,3717,1,2,7
265675.0916840973,3351719.125082008,-1,0,1462.0771,11.699853,237.99463,0.0207496,4.157367,10.693337,1056.2051,4832.4014,42340.36,65993.05,0.38310373,-0.045853626,3661,2,2,3
293811.6124556318,3416178.6831314024,-1,0,5650.2466,54.15753,212.34746,-0.0035603635,26.191425,11.719109,1557.4557,16712.047,21213.66,82461.0,0.028825974,0.26836348,3717,8,9,6
251629.62544253367,3349467.023601751,-1,0,1583.2169,19.941591,14.931427,0.003401903,6.739286,11.147896,1099.2858,7291.104,52931.25,56882.414,0.4458052,-0.10886034,3661,2,2,5
254545.3696755324,3370737.8055063314,-1,0,989.92944,27.136286,220.6013,0.012531851,9.904125,10.139519,1236.1318,1047.5209,31554.121,46620.047,0.34960762,-0.025543265,3661,2,11,5
274020.4038325068,3367862.772435071,-1,0,1141.7472,31.69044,93.094055,0.012119278,11.4474125,10.473563,1492.4539,17101.188,36659.23,65712.23,0.49375308,-0.15583296,3661,3,2,5
259867.531656064,3342538.2727935147,-1,0,2044.4965,31.842709,94.89908,-2.7408656e-05,11.001301,10.642406,933.1183,5648.3623,49431.992,67593.9,0.43245926,-0.099189885,3661,3,2,3
249132.97195451704,3362575.127310162,-1,0,1494.9994,40.389454,126.607056,0.0055145533,15.012616,10.480946,1206.3751,8030.0,40158.746,46247.977,0.46763617,-0.13259992,3661,2,2,5
272386.3790692426,3351514.38947541,-1,0,1161.3054,19.222403,180.0,0.011759081,6.9419303,10.701538,1191.1321,6926.507,35655.656,71634.65,0.3550085,-0.025185904,3661,2,11,5
264280.616668991,3339566.502132949,-1,0,1439.179,28.378082,337.0679,0.0007444118,11.854457,8.483102,989.559,3642.005,45986.05,72820.055,0.45521685,-0.119869396,3661,3,2,6
267294.3722374239,3366626.491981982,-1,0,1662.8546,27.632519,25.640991,-0.008780058,10.259946,9.851562,1333.2316,10263.183,36703.254,59928.715,0.5364746,-0.22056612,3661,3,11,6
223740.370035852,3380009.0321409823,-1,0,1511.7509,20.4053,210.46556,-0.0057942923,7.1029167,9.478013,1454.9224,11636.876,35362.22,15564.221,0.33160546,-0.011880962,3661,2,11,7
303908.2617375046,3385926.307189343,-1,0,3149.2852,40.56496,111.124695,-0.0014790396,15.817062,11.432065,1852.4358,32065.049,32162.041,91632.67,0.23016673,0.12069397,3717,2,11,7
246580.8530952032,3367501.9719524463,-1,0,2082.2434,25.989468,96.11548,-0.007889897,9.034733,8.947171,1225.7626,7535.1245,35806.215,41295.78,0.48710963,-0.16891707,3661,2,2,7
222784.9613267728,3376702.3326569567,-1,0,1435.4052,28.70166,69.67685,0.006243509,10.016929,10.996197,1484.0658,11296.592,38332.81,17402.117,0.4477574,-0.10115396,3661,4,2,5
280626.9371861816,3383137.2607291443,-1,0,2361.2146,24.772419,135.0,-0.013134805,9.54717,8.770324,1678.5712,25160.71,25316.74,68643.16,0.42745927,-0.093514875,3661,2,2,7
243494.2788119149,3375609.2619003817,-1,0,1577.7673,24.237972,9.462311,-0.0012666774,8.582291,9.594929,1190.1208,5734.6753,28663.094,34550.145,0.3492781,-0.0149616385,3661,2,2,6
286732.0264929856,3354941.1902455334,-1,0,1682.5243,21.888704,228.81409,0.018195825,7.976676,10.616257,1543.5642,9132.103,21241.703,82476.39,0.4039249,-0.0759246,3661,3,2,5
276866.38947047375,3377509.2285096506,-1,0,2111.3096,22.94526,149.9314,-0.0012478656,7.9148445,8.942038,1679.7018,22763.594,28543.303,65797.44,0.42867208,-0.084754206,3661,2,2,7
247168.84187562412,3374725.644859252,-1,0,991.243,21.01884,106.38953,-0.0063280314,7.264519,5.4469953,1220.2921,3073.0442,28676.768,38249.66,0.39907488,-0.058704995,3661,2,2,6
213977.75383376144,3375958.956277088,-1,0,1937.7404,28.778378,135.0,0.009604681,10.369214,10.917452,1734.8074,4823.08,45471.02,14784.668,0.4993508,-0.16677912,3661,4,2,5
274573.0426158198,3370938.539999748,-1,0,1210.9631,11.411334,153.43494,-0.010975454,4.0515757,7.3121243,1554.2139,18227.83,33920.402,65232.13,0.46380013,-0.12608793,3661,3,2,7
246623.595303474,3345356.15477714,-1,0,599.877,21.21266,33.023865,-0.0059642326,7.09438,7.6159377,1157.5297,10155.245,57560.65,56786.344,0.42542702,-0.08528958,3661,3,2,9
254776.12532511924,3369020.417236152,-1,0,694.37787,12.676406,19.653809,0.009078738,4.2733855,8.867365,1219.7179,197.23083,33271.18,47585.23,-0.015159769,0.38396648,3661,2,1,9
244796.55098589257,3340116.395481437,-1,0,866.78925,31.89215,336.80142,-0.0065099886,11.2686,9.851562,1077.8245,4673.671,63010.92,60033.754,0.48949978,-0.16310677,3661,3,2,7
257594.1296831434,3331471.4723149817,-1,0,827.8098,29.743658,299.0546,0.001616226,10.766005,8.219088,984.8958,4607.2227,55161.85,74474.8,0.3213387,0.009438254,3661,4,11,5
261675.21130714603,3374512.01857338,-1,0,1609.887,28.666542,152.5924,0.007929962,10.358037,11.282204,1345.6615,8809.5625,28474.217,51858.86,0.4240335,-0.0869335,3661,8,11,5
206909.22575573932,3378542.1946167275,-1,0,963.2126,47.431168,112.32864,-0.0047952356,19.992516,8.736484,1970.5092,2008.233,49912.035,13305.431,0.35145175,0.007603243,3661,2,2,6
281591.1743536708,3385063.2148017017,-1,0,2417.1846,18.979753,202.38014,-0.0075542587,6.5496697,9.851562,1670.3705,24071.215,24185.02,69426.22,0.46041784,-0.12991583,3661,2,2,7
308529.6389784436,3408456.6509186407,-1,0,5314.3784,19.618435,104.036255,0.0026013507,6.725439,11.941295,1748.2726,32856.812,36120.434,96547.766,-0.06230207,0.40268776,3717,8,9,5
258761.73041066751,3337836.199923543,-1,0,1324.2104,26.143417,46.46881,0.0051441,8.701304,10.121136,957.6907,8828.284,51773.34,70293.57,0.5209071,-0.21123187,3661,3,11,6
300896.5473559586,3361898.9338949006,-1,0,897.5916,25.623388,169.50854,0.0031226235,8.536638,9.449606,1858.9083,9989.004,10609.901,93055.83,0.37916934,-0.036010347,3661,1,2,9
260991.9920656555,3347183.8676706403,-1,0,811.0606,39.786057,93.81409,-0.00012779127,15.908753,7.517003,926.00116,1400.0356,47449.78,65210.97,0.5519689,-0.22877727,3661,2,2,6
218013.7081812499,3389163.5635481104,-1,0,1853.1736,21.624563,196.69925,-0.0042220457,7.839752,11.20868,1533.7643,10553.316,35150.113,5816.7344,0.43382654,-0.12806796,3661,2,11,5
261786.7411750566,3370815.176343476,-1,0,2272.896,30.808,29.744873,0.0059330077,11.055403,9.85151,1287.5619,6372.8486,32172.244,53229.64,0.56436235,-0.25092748,3661,3,2,6
274189.0235335517,3387377.468449912,-1,0,1611.1309,43.498314,206.0535,-0.0019540372,17.220911,9.521088,1508.2856,18295.588,18521.037,61876.996,0.44959062,-0.1239056,3661,2,2,6
289459.698008008,3384023.7404799983,-1,0,2153.59,23.125248,252.34988,0.003901896,8.148837,9.716318,1767.8684,29504.781,29790.188,77345.54,0.39706323,-0.05786988,3717,1,2,5
300925.0060476607,3363942.41013426,-1,0,1044.5432,28.586636,203.7495,0.00027024094,10.186314,10.996477,1867.0828,11744.449,12191.083,92474.42,0.502984,-0.18402195,3661,1,2,6
244904.84214796685,3338973.7403277936,-1,0,1092.0535,34.2785,22.833649,-0.001948882,13.334986,9.260682,1052.3021,3553.7305,64128.344,61063.54,0.25495282,0.095974,3661,4,2,6
280757.2243731753,3372531.2283440395,-1,0,1527.3982,25.212826,205.641,-0.00874136,8.879798,7.815664,1708.0795,24609.033,32923.28,70723.31,0.38654837,-0.049207646,3661,1,2,6
285386.359400925,3365522.7878165497,-1,0,1930.0403,40.03354,254.53879,0.001968624,15.943709,10.340822,1676.9757,19248.826,25349.092,77198.19,0.40403798,-0.058525756,3661,1,2,7
242153.1447459705,3382012.611163664,-1,0,1232.492,19.413855,132.51044,-0.013773114,7.08261,8.19235,1245.4586,2499.94,22996.23,30991.613,0.4485487,-0.12373764,3661,2,2,7
256179.86041414464,3352797.512551632,-1,0,1358.0751,26.869204,11.309937,0.0017574852,10.095663,8.83094,1020.7339,2541.594,49502.0,57879.77,0.41484863,-0.07985853,3661,2,11,3
269961.8358621553,3355022.001331655,-1,0,1766.713,23.97538,218.29016,0.0005343619,7.935364,9.695028,1198.62,9977.66,38004.234,67709.05,0.41979903,-0.08336576,3661,2,11,6
275980.9844620223,3384010.536226335,-1,0,1753.4287,12.936359,260.5377,-0.0039494857,4.1454005,8.102633,1581.6497,22115.266,22340.691,63936.773,0.27820417,0.03990114,3661,2,5,5
236350.03943194644,3388124.0715442104,-1,0,1547.7238,23.194153,220.10092,0.0047874446,8.017286,10.493069,1373.9612,6600.379,20710.088,24084.312,0.43633202,-0.12063228,3661,2,11,5
258284.96818161168,3350463.693783643,-1,0,609.79364,10.131451,258.69006,-0.0097605605,3.8530629,9.851562,937.7658,563.2051,49794.57,61007.64,0.21106774,0.12214088,3661,2,11,10
258401.3514327292,3364078.655384223,-1,0,640.02484,6.7861857,347.4712,-0.021822356,2.6718583,7.459297,1145.4757,1230.0,38353.96,53135.83,-0.024458384,0.38469768,3661,2,1,9
294122.2932070316,3365428.1918478278,-1,0,1817.314,36.554768,40.914368,0.0042681703,12.890122,10.00926,1787.3221,16868.898,17954.705,85535.64,0.55660707,-0.23438233,3661,6,2,5
245946.7630543829,3353986.7793575465,-1,0,908.203,31.984743,54.46231,-0.0053125867,11.315846,9.138225,1248.1925,12718.687,49151.625,49702.027,0.5178451,-0.18956953,3661,4,2,9
280799.15745039773,3369787.8493773392,-1,0,1395.619,15.789699,55.30484,0.00956702,5.641081,10.780566,1664.0254,22641.19,31426.45,71513.055,0.48813468,-0.15932192,3661,1,2,6
275884.85537797544,3354509.5144721456,-1,0,1034.027,30.754868,1.6846924,-0.0018484734,11.350173,9.576529,1312.4086,7718.29,32074.379,73060.266,0.48886967,-0.16000454,3661,2,2,6
268978.4238379075,3364358.8712124093,-1,0,991.2792,32.675922,125.90973,-0.002572289,11.262996,9.706504,1330.8557,11800.0,39206.723,62393.797,0.48222843,-0.14697205,3661,3,2,6
259781.2691398155,3363770.9638220854,-1,0,721.38,17.38693,86.18591,-0.00043309925,6.02959,8.265088,1131.356,2610.0,38805.67,54487.47,-0.018009366,0.37775147,3661,2,1,7
289832.90504015144,3368738.948038585,-1,0,2102.1726,13.769925,288.43494,0.0007675472,4.581245,10.4495,1772.9316,20977.979,23370.752,80482.55,0.16913208,0.144685,3661,1,7,5
268185.4229957132,3360760.466879132,-1,0,1145.8049,16.281206,129.2894,0.018243166,6.5262012,10.916904,1255.7041,10342.616,40343.79,63297.188,0.41336417,-0.07623052,3661,2,2,6
249565.7277952816,3342722.854091175,-1,0,1360.9915,45.310112,203.19861,-0.0007902392,19.054138,10.833886,1067.6049,8990.355,59465.785,60661.79,0.4395415,-0.11681869,3661,3,11,6
219698.2839747221,3391824.717883047,-1,0,2133.369,29.5542,316.3322,0.0024880283,9.508386,10.156799,1509.8795,13698.34,32568.408,7391.59,0.35116166,-0.031255484,3661,2,11,6
243959.70737287265,3371358.331566623,-1,0,1663.9868,30.900677,25.20111,-0.0039445143,11.57005,10.041681,1215.0829,7644.763,32648.297,36993.562,0.42933387,-0.09013546,3661,2,2,7
298056.59063006873,3388328.0425716504,-1,0,3538.8135,32.692596,150.25513,0.0026800216,11.570269,11.452682,1785.2614,32801.6,32933.613,85691.68,0.39097676,-0.07110794,3717,2,11,3
300089.25947649527,3367457.2698502834,-1,0,1280.4144,32.58228,135.0,0.012772486,12.601489,10.641858,1871.45,15282.02,15609.205,90707.09,0.5894151,-0.2616474,3717,1,2,6
253350.8918346981,3335145.753859196,-1,0,689.9495,25.137146,260.90973,0.0111513585,8.945493,9.703387,973.7661,9126.336,57759.027,68994.15,0.3913278,-0.049733322,3661,3,2,5
233368.6048660766,3343278.516959742,-1,0,620.1148,2.5232892,206.56505,-0.0099370545,0.9370358,6.904557,1326.0934,11719.68,62541.14,51813.18,0.16241896,0.16108361,3671,7,7,8
241703.57466966263,3362439.51833828,-1,0,2224.0605,33.19144,59.62088,0.008316643,12.2415285,11.350844,1278.3464,14177.535,41847.46,40687.152,0.41289902,-0.073300526,3661,3,2,5
234889.1151626752,3372815.816516443,-1,0,1468.0378,17.332497,214.69516,-0.00772811,5.3512063,8.405134,1205.1708,13964.773,34368.953,28712.762,0.38073906,-0.05060434,3661,2,11,9
304427.7211407705,3374848.379174345,-1,0,2137.3655,21.716969,328.57043,0.0046793665,7.2928176,11.252864,1929.2728,21176.896,21139.254,93378.14,0.45673704,-0.12482685,3717,1,2,6
296368.3518821524,3372158.717674976,-1,0,2149.2354,32.267117,115.01688,-0.0045957924,11.629297,8.909659,1864.9847,21141.79,21560.16,85983.78,0.60468656,-0.31808564,3717,1,2,6
236662.10777809416,3386370.5718166595,-1,0,1332.4867,43.74086,107.10272,-0.0012248931,17.430037,9.828898,1329.3475,6504.66,21856.371,24646.238,0.46866694,-0.14134666,3661,2,2,7
293556.8997255498,3408828.341019608,-1,0,4878.944,45.275784,177.91742,0.0019002543,19.45138,9.431714,1566.4478,18827.705,21252.6,81597.77,0.033579852,0.27021843,3717,1,9,6
256215.38314132465,3370644.344267465,-1,0,1323.9615,21.84946,242.24146,-0.004415356,7.3750243,9.584977,1238.4537,2359.8728,31670.166,48176.684,0.25893912,0.06804288,3661,2,11,5
288919.2070028733,3351930.8318911954,-1,0,1595.7589,28.052809,325.8403,0.0088696,9.296136,10.763722,1551.0972,5467.3213,19150.041,85763.19,0.43963096,-0.09422256,3661,3,2,6
296652.9482430491,3400432.7840753584,-1,0,2845.8247,22.352858,305.83765,-0.004487144,8.070286,9.535378,1650.9785,26076.234,25982.902,84807.03,0.37926126,-0.04283334,3717,1,2,9
239588.6849052919,3359055.188134116,-1,0,1849.38,37.113106,69.274445,-0.004032273,14.378936,9.664502,1333.8328,17726.03,45661.42,41695.18,0.34670833,0.00108048,3661,3,2,6
219683.202077978,3380076.22603113,-1,0,1568.2057,17.08069,220.23636,-0.017972048,6.188964,9.851562,1551.1898,7577.632,38439.7,12856.602,0.22056355,0.08610591,3661,2,11,7
272091.53221129056,3373165.6579659656,-1,0,1035.3184,23.726091,316.63657,-0.008575971,7.5821333,9.736918,1539.2208,16572.195,31143.805,62212.055,0.1894004,0.1315077,3661,3,2,7
220567.52356257653,3381128.1546929628,-1,0,2136.5535,37.779213,177.39746,-0.0049284357,14.418889,11.506345,1528.6683,8480.619,37095.58,12552.681,0.43723136,-0.122999966,3661,2,11,6
239059.0992315602,3368176.3197358684,-1,0,2447.3113,31.144827,90.0,-0.006379579,10.9346285,9.197927,1241.3759,13483.123,37082.56,34879.156,0.5217744,-0.18660514,3661,2,2,6
295454.53553662536,3406469.197639471,-1,0,4981.5854,25.248543,18.434937,-0.0017575752,8.903039,10.9043045,1594.4192,21616.78,23432.205,83443.016,-0.037934106,0.36578888,3717,1,9,6
270385.36527595075,3396620.079120867,-1,0,2728.3225,33.315117,12.20047,-0.004265382,12.352415,10.425123,1339.3695,8363.695,8696.942,58295.47,0.42791888,-0.09395072,3661,3,2,7
233555.1004755167,3357185.886412292,-1,0,1525.6265,38.67939,219.47247,0.0046111173,13.515601,10.684664,1468.1371,23455.295,49265.71,39606.26,0.4136964,-0.08241261,3661,3,11,5
237073.0253013908,3346141.7358265007,-1,0,1339.872,23.352432,303.69006,0.0022889832,7.825845,11.015704,1363.5518,11931.962,58784.242,50903.168,0.46736038,-0.14056556,3661,2,2,3
292206.04096938553,3386484.6213880675,-1,0,2057.7114,7.988865,270.0,-0.024906855,3.5722997,9.851562,1758.371,29571.965,29785.438,79919.39,0.18398865,0.16572827,3717,1,2,9
232927.5672062285,3382051.8912345804,-1,0,2346.076,31.486301,91.73572,-0.003551219,12.199618,9.357925,1283.2358,11125.488,27563.457,22262.367,0.31779346,0.055704433,3661,2,2,6
233568.3755995796,3366589.548244898,-1,0,1536.8572,23.67673,102.80426,0.009332155,8.064659,10.7040825,1330.711,18913.465,40550.355,32055.168,0.44953108,-0.10224003,3661,4,2,6
236502.96809063596,3347006.1506089186,-1,0,1286.4204,34.50275,277.49585,0.0031847937,12.460624,9.854157,1407.3898,12955.779,58097.4,49874.723,0.47528338,-0.14734755,3661,2,11,6
288039.5838653913,3363573.57799438,-1,0,1847.0458,34.707085,255.6186,-0.0029457426,12.42543,10.121625,1684.7625,16667.24,22108.244,80344.74,0.37230724,-0.0390124,3661,6,11,6
298561.61861512845,3404094.2010973645,-1,0,3629.037,33.67331,306.57303,-0.0056382203,12.984968,8.546919,1640.907,25503.555,26963.252,86565.92,0.20079592,0.10593002,3717,1,11,6
273522.620803936,3391879.371630249,-1,0,2069.7358,35.23514,291.541,0.0015959694,14.428131,10.707983,1443.7477,14038.262,14313.717,61142.17,0.36417335,-0.026545618,3661,2,11,6
253765.35708657655,3353028.074894884,-1,0,1660.8102,23.484327,14.62088,0.01173269,8.140383,11.071642,1076.2069,4941.457,49276.89,55924.0,0.33451104,-0.010876329,3661,2,11,5
264769.5419889258,3350842.5140957045,-1,0,1272.7468,15.866925,312.27368,0.0066614873,5.737211,9.78754,1023.0673,3620.9668,43303.992,65789.44,0.35179734,-0.013549985,3661,2,11,5
240980.46491927648,3372216.138727026,-1,0,1621.4529,28.003807,108.43494,-0.014841328,10.027823,9.833131,1201.2374,9677.893,32650.484,34026.324,0.21983115,0.12040574,3661,2,2,7
300976.17421717185,3401658.370401862,-1,0,4126.232,26.363266,173.65979,-0.0052178684,9.277846,10.466818,1692.6278,28832.637,29824.617,89053.98,0.17415851,0.13173637,3717,1,9,6
296598.76623268065,3375773.6307219155,-1,0,2465.4402,7.172121,56.309937,-0.00066397217,2.5538712,8.404404,1893.1143,24293.63,24573.436,85506.445,0.20748891,0.13957314,3717,1,2,9
227941.5910507592,3383126.597663485,-1,0,2037.7924,32.904003,56.309937,-5.9435217e-05,11.106671,10.545521,1392.0138,15727.559,30157.072,17277.25,0.476786,-0.14592834,3661,2,2,6
267210.125275825,3377683.789267357,-1,0,1625.3175,18.85917,296.56506,-0.015902875,7.3196325,9.851562,1485.6224,14959.602,25785.674,56325.984,0.42908895,-0.091493994,3661,3,2,9
296245.49994013144,3375460.415192266,-1,0,2622.8389,23.737717,48.366455,0.004136439,8.108124,10.935903,1889.0354,24153.86,24464.555,85216.56,0.37176853,-0.027578505,3717,1,2,5
231589.2127180264,3372071.788745042,-1,0,2066.5305,28.13221,321.34018,-0.009038309,10.324118,8.156739,1304.1118,16911.928,36583.2,26717.863,0.40580353,-0.06690618,3661,4,11,6
249783.2805698971,3341039.584660532,-1,0,1393.5862,31.487925,212.4712,0.004029618,11.377468,10.219848,1043.8901,7855.9595,59591.883,62130.156,0.3204097,0.0058913603,3661,3,11,5
258020.2414693921,3331246.015469742,-1,0,634.9557,15.189477,143.1301,-0.01969476,5.6271896,8.204743,988.68866,4136.8706,54864.492,74918.84,0.49265867,-0.15709864,3661,4,2,9
304788.4229966678,3376825.887737938,-1,0,2002.1117,34.99302,7.1250305,0.004413579,12.6736965,11.099607,1926.2625,22990.21,23027.68,93420.86,0.44439864,-0.113011226,3717,1,2,7
227307.4846852316,3362214.467787914,-1,0,1359.3289,19.444286,109.29004,0.016014207,7.3803163,11.190287,1545.8325,23706.035,47273.2,32120.252,0.36596513,-0.007692011,3661,3,2,3
257894.05163249816,3373591.81535078,-1,0,1796.381,32.049202,97.49585,-0.010114497,11.528528,7.817735,1282.9034,5183.7627,28837.234,48596.656,0.46739313,-0.1260282,3661,3,2,6
273854.4184929313,3386805.280361472,-1,0,1654.567,33.457035,78.69006,0.004710861,12.127075,11.342959,1509.3364,18671.229,18872.047,61581.094,0.5466695,-0.22075677,3661,1,2,5
256605.7845400441,3390084.117461361,-1,0,2250.1714,31.769121,206.56505,0.0054868045,11.876005,11.063142,1270.8546,12486.425,12304.247,44213.805,0.43101564,-0.09475818,3661,3,2,6
307322.07398848113,3366554.745951949,-1,0,1369.6571,24.878304,237.52881,0.0032642179,8.606951,10.292522,1951.08,12410.821,12537.504,97943.84,0.44590357,-0.11613834,3717,2,11,5
255829.85158967812,3342576.343696353,-1,0,1361.3257,27.644104,72.89728,0.005104189,9.863146,10.830579,976.8838,8090.3027,53364.082,64798.246,0.44622853,-0.10587885,3661,3,2,5
256323.45878884968,3344454.786973793,-1,0,1832.9117,34.746906,252.03087,0.0016379927,13.329219,10.806284,969.50525,6247.4634,52502.168,63758.99,0.3948962,-0.07268991,3661,3,11,6
260149.4234830881,3350800.08119542,-1,0,551.9545,26.714846,210.25644,-0.006586109,8.997916,6.771129,927.1636,1039.4711,47915.64,62200.336,0.40671492,-0.08495129,3661,7,11,10
272674.41557410825,3389495.5031744293,-1,0,1953.0696,34.64234,22.380127,0.009290424,12.79966,10.670834,1457.2142,15735.187,15943.406,60291.35,0.46875104,-0.13923754,3661,3,2,6
248818.678595937,3358902.9440165446,-1,0,1484.3207,25.561913,315.0,0.007127088,8.178653,10.6395855,1200.7643,8603.68,43836.4,48323.016,0.3215471,0.0048267553,3661,5,2,5
253381.7699782614,3369865.598499525,-1,0,749.6977,8.296715,324.4623,-0.00015919843,2.4847894,10.192723,1226.8446,344.3835,32472.97,45965.426,-0.030086566,0.39243224,3661,2,1,7
281761.90217365493,3397940.386438373,-1,0,2864.7698,50.369045,247.12634,0.0031175201,24.005308,11.741702,1498.1537,14091.132,14298.881,69750.95,0.35466138,-0.023666693,3717,2,11,6
294609.35180286894,3389273.6633307105,-1,0,2251.255,40.128094,123.69006,-0.0008944096,15.190939,10.279898,1746.7356,29485.74,29653.605,82221.75,0.41845953,-0.08925891,3717,2,2,7
266684.0536235869,3375734.16895308,-1,0,2266.3882,24.056475,225.0,-0.008453597,8.510471,9.483368,1469.265,13274.005,27614.19,56305.5,0.45751095,-0.1233961,3661,3,2,6
296120.0369510241,3355123.107453816,-1,0,1669.1882,25.295565,299.98163,-0.019567585,9.030926,9.851562,1737.3645,6560.488,11894.755,90951.25,0.38787,-0.060271468,3661,3,2,9
300851.77387865883,3381829.542163712,-1,0,2602.2788,29.059464,145.71313,-0.008225229,12.434598,9.567634,1864.8899,28793.459,28724.777,88899.61,0.34366417,0.0061466345,3717,1,2,6
277973.6594430633,3385086.8241363466,-1,0,2110.2893,27.517794,126.46924,0.0009134179,9.804719,8.863553,1604.397,22142.7,22347.264,65816.12,0.52506566,-0.20830622,3661,2,2,6
223799.1596483401,3379332.8755597845,-1,0,1305.0026,10.550202,6.3401794,-0.024235172,3.2754273,9.851562,1450.8673,11729.825,35783.887,16072.613,0.45561737,-0.13785085,3661,2,11,10
246291.7901780755,3349283.000833108,-1,0,1215.9849,43.57777,25.083588,-0.004264423,18.605398,9.241901,1239.9738,12598.031,53728.926,53493.125,0.5272538,-0.20107825,3661,4,11,6
273934.34767179127,3378302.643507514,-1,0,1227.043,34.674564,202.61987,-0.0035822163,12.598767,9.231601,1612.022,20633.688,26715.48,62768.95,0.32316852,0.0005519899,3661,1,11,7
281027.9157250772,3375183.0394199183,-1,0,1327.1743,43.56837,87.614044,-0.00023078862,18.301634,9.438851,1757.0729,25631.033,32507.6,70354.16,0.39883628,-0.049611412,3661,1,2,6
293011.63017776946,3385897.916299181,-1,0,2618.3147,36.43821,162.03088,0.0033156723,14.3306055,10.693346,1771.033,30554.123,30766.809,80760.4,0.48828033,-0.17110778,3717,1,2,5
300525.5576084347,3379229.8978860504,-1,0,2624.5386,18.697367,176.18591,0.025343183,7.150126,11.888279,1885.5524,26344.951,26309.572,88868.12,0.29784742,0.052502636,3717,1,2,5
243622.7251498904,3374272.240417059,-1,0,1405.1495,34.99599,313.83087,0.0065662637,12.400807,9.80773,1198.5924,6366.8047,29915.094,35269.605,0.4498239,-0.11898203,3661,2,11,5
256572.9895444745,3341869.781376088,-1,0,1761.2645,18.691772,148.39249,0.0114378985,6.675661,11.440246,966.4715,8256.791,52787.848,65820.484,0.12259184,0.21864006,3661,3,2,2
276028.03635601926,3361754.9441302177,-1,0,2048.4905,43.948296,290.17065,-0.007408095,16.775475,8.854012,1433.8016,14757.242,32861.8,69889.664,0.38938868,-0.048933323,3661,3,2,7
218132.1940353905,3384042.9572613933,-1,0,1575.5856,33.79178,72.03085,0.0030194472,12.595013,10.840187,1564.9519,7029.7437,37450.695,8761.964,0.45321703,-0.119842164,3661,2,2,6
289239.1684460318,3397758.258208492,-1,0,3866.8538,32.125538,93.46823,-0.0008927656,11.722424,10.602306,1594.8973,20269.773,20309.53,77167.33,0.15853435,0.14197361,3717,2,11,5
278439.17514182033,3388550.9236281984,-1,0,2029.2872,31.88972,208.8866,-0.0021251244,11.672917,11.336494,1568.1162,19418.018,19543.002,66073.7,0.32759327,0.012872762,3661,2,2,7
302568.9613601032,3375729.57202957,-1,0,2550.2542,22.644257,6.8427734,0.0031099147,7.823783,10.927763,1921.7844,22468.555,22391.078,91397.664,0.44609272,-0.11160642,3717,1,2,3
256562.9424863869,3373460.0881684045,-1,0,1743.3527,10.641647,180.0,0.013836998,3.924786,11.51169,1273.2858,3902.166,28867.965,47400.727,0.44219348,-0.11630741,3661,3,11,3
266853.49645598297,3349311.156999423,-1,0,1146.5151,10.698228,164.74487,0.012032392,3.890426,11.0926075,1041.1564,3585.0386,41364.46,68379.195,0.38123906,-0.052820276,3661,2,11,3
286152.3113451156,3381363.003745786,-1,0,2380.814,33.655254,221.76031,0.005988881,11.846861,10.888106,1781.1086,29668.143,29832.258,74343.98,0.3879656,-0.053538706,3717,1,2,5
218300.707726324,3377728.439855475,-1,0,976.64954,32.129005,232.12503,-0.0032371231,11.39759,8.775501,1597.2428,6745.258,40977.53,14216.6455,0.5217656,-0.20599703,3661,4,11,6
293360.25352794013,3375440.086345573,-1,0,2765.7505,30.595083,142.4314,-0.0037057814,10.740719,10.454404,1873.9083,25470.156,25949.945,82388.04,0.4890737,-0.167222,3717,1,2,6
296811.79945980967,3352903.3002248188,-1,0,1654.7324,18.37602,310.9144,0.003684877,6.8189173,11.384956,1736.9069,4354.09,11192.229,92480.016,0.4822061,-0.14464287,3661,3,2,3
270531.55250763224,3387473.550371525,-1,0,1770.6608,12.499601,330.9454,-0.024849812,4.7961917,9.851562,1442.8165,16854.926,16937.586,58227.445,0.38455725,-0.047174215,3661,6,2,9
237028.6706842033,3373363.050302463,-1,0,2146.75,12.707239,337.38013,-0.0027780568,4.0658774,10.883002,1172.7332,12012.598,32956.13,30098.621,0.3909912,-0.0776612,3661,2,11,6
237739.9818261152,3380301.9260769896,-1,0,2244.98,28.735731,90.0,0.004162983,9.944803,10.35787,1188.0161,7218.0327,26400.371,27375.996,0.46400827,-0.1355942,3661,2,2,5
252488.3198862646,3370572.428811436,-1,0,947.4887,30.431137,86.18591,0.0012992623,10.783175,9.424838,1230.9313,933.0059,31823.943,44842.125,0.45915696,-0.11797831,3661,2,2,6
259743.40314764323,3330419.2573451414,-1,0,789.615,32.55951,334.88516,-0.004816541,12.140665,7.738413,999.42896,2378.9285,53658.902,76621.67,0.38334158,-0.03750322,3661,4,11,6
252450.88963425145,3334480.39285638,-1,0,555.86664,41.03652,292.71442,6.7606125e-05,15.650867,9.046449,969.483,8280.604,58826.016,68999.97,0.41517594,-0.07834411,3661,4,2,6
241311.69736148603,3339236.05014189,-1,0,1025.6682,28.355682,285.42218,0.0047710184,10.193889,10.007998,1082.8792,3934.514,64539.53,59003.484,0.48097748,-0.15527295,3671,4,2,6
237502.9625847851,3340835.550924788,-1,0,674.30054,29.649511,107.241455,0.013117513,11.111231,10.328883,1164.9866,7162.1577,63844.613,55799.11,0.40357295,-0.05059412,3671,3,2,5
237786.85537099632,3342001.41603888,-1,0,622.18207,31.581802,201.16127,0.0022146571,11.862039,9.854479,1203.3623,7951.157,62641.65,54885.773,0.33691558,-0.0008064758,3671,3,2,6
294843.7517067635,3354875.108980048,-1,0,1557.4641,33.503647,288.8247,0.0012167671,12.400343,9.513192,1709.5896,6363.2856,13140.175,89882.85,0.34520528,-0.026794394,3661,3,11,5
256104.32130545453,3376595.7860338,-1,0,1854.7119,15.053036,63.434937,0.010523218,4.81553,10.997922,1305.9714,4872.2993,25720.234,45918.72,0.42839506,-0.08599503,3661,3,2,3
284941.3010031554,3398051.861558101,-1,0,3691.2178,16.836477,14.931427,0.00022015983,5.945379,7.69754,1543.0067,16482.758,16617.209,72925.41,0.15528902,0.14296049,3717,2,11,6
290847.060548452,3357142.527312261,-1,0,1722.181,33.75158,190.71313,0.0005231169,12.42316,10.124855,1652.5825,9738.999,17399.36,85311.16,0.40496323,-0.06711566,3661,8,11,5
262867.9249415298,3357000.860393793,-1,0,1172.3156,20.952919,315.0,-0.00019123487,7.067098,9.941513,1084.4666,4395.384,45191.02,60664.79,0.46207163,-0.13407774,3661,2,11,6
269652.971325285,3351688.6612095083,-1,0,1393.1256,34.100456,215.90973,0.0033282577,12.001345,9.927826,1137.7831,7254.219,38368.402,69263.04,0.4633466,-0.13044965,3661,2,11,7
242508.5762409341,3355545.342394936,-1,0,1494.6986,35.23522,172.69421,0.0016889911,12.073216,10.528474,1312.1183,15590.83,48405.215,46260.42,0.4871305,-0.15442999,3661,3,2,6
285257.5790034622,3384153.1176452427,-1,0,2456.3374,41.24416,225.0,0.0017801067,15.180602,10.933939,1737.7338,26845.398,27072.727,73150.25,0.44948533,-0.121077456,3717,2,2,6
260983.5618616451,3336888.02287852,-1,0,1821.5938,24.052357,261.8699,-0.0006727755,7.9213448,10.459355,971.247,7407.327,49982.484,72472.07,0.37929818,-0.055163484,3661,3,11,3
244591.99847503752,3360403.250818896,-1,0,1283.1295,12.894839,344.0546,-0.03119175,4.2419477,9.851562,1256.7104,12619.683,43176.19,44187.188,0.32776302,0.016077403,3661,5,11,9
253078.0712272881,3364670.315035766,-1,0,1398.1832,42.943424,29.475891,0.0045117373,16.256702,10.6060505,1186.7336,4081.4211,37672.07,48273.625,0.42583832,-0.08300475,3661,2,2,6
291493.12512835016,3387503.3031535856,-1,0,2269.728,21.658659,308.65982,-0.025870455,9.066471,9.851562,1741.0366,28347.912,28560.36,79163.09,0.34689593,-0.004730118,3717,6,2,10
243934.37418898256,3358105.7810061965,-1,0,1798.2917,21.31728,244.79889,0.00028217366,7.088028,10.327089,1274.5134,13546.457,45567.65,45331.285,0.4425658,-0.10637037,3661,4,2,5
264977.97862162144,3335785.961321609,-1,0,1311.7489,26.79106,353.8845,-0.0051150685,9.670205,9.193553,993.82245,3380.4292,46674.625,76003.09,0.4223619,-0.0968886,3661,3,11,6
239381.4971609353,3380710.873335014,-1,0,1740.4308,39.49549,100.30484,-0.002659491,15.106213,9.154958,1207.3721,5558.8667,25295.969,28765.648,0.41554028,-0.075751305,3661,2,2,7
279177.54831282655,3398282.5507515483,-1,0,2816.8608,28.686035,218.92755,0.008644786,10.302208,11.554169,1454.4257,12041.943,12286.464,67213.34,0.46384427,-0.14210297,3717,2,2,5
255750.24334194468,3336763.5463152914,-1,0,1384.4753,31.953545,184.76366,0.011506637,11.21672,10.476602,973.8989,9846.791,54966.977,69175.86,0.36431813,-0.0156197855,3661,3,2,5
269892.775106444,3347790.2182043884,-1,0,1414.8011,16.68734,201.25052,0.018757073,5.6943846,10.991973,1090.8177,5292.3438,38560.08,71722.29,0.34748647,-0.0026215,3661,2,11,6
275754.0673971013,3384753.700266511,-1,0,1649.4454,23.633514,109.179016,0.0014486009,7.954385,10.342633,1568.3097,21351.836,21583.293,63635.035,0.4426148,-0.12714359,3661,2,11,6
274149.8972603424,3364351.6984548764,-1,0,1845.276,16.258308,129.80557,0.00062264275,5.746586,10.130467,1437.5116,16970.0,35364.574,67121.375,0.48771867,-0.16597785,3661,8,11,5
238320.4279043769,3381220.436596674,-1,0,1848.2119,15.566554,70.34616,0.020007448,5.3519034,11.570098,1212.1757,6282.3965,25311.611,27594.9,0.39076623,-0.066665426,3661,2,11,6
281249.9495963978,3351839.5499814698,-1,0,828.59064,29.466763,156.03748,0.0029357658,10.438437,10.126421,1379.233,4958.074,26795.59,79039.95,0.45597407,-0.12648878,3661,2,2,5
244488.97412251576,3369669.8286878136,-1,0,2158.3835,33.996983,302.90524,-0.0031108602,12.334489,10.731655,1223.2069,8322.649,34177.01,38345.12,0.41515943,-0.07664946,3661,2,11,6
263681.8235664022,3363191.7201697472,-1,0,857.41785,23.848028,200.85448,-0.0048736436,8.321787,9.851562,1202.4564,6510.1226,39817.145,58183.03,0.5220544,-0.20072919,3661,2,11,7
287721.1963997423,3389361.227394165,-1,0,3226.2783,23.899487,135.0,0.00166954,8.183375,9.849747,1687.2106,24397.363,24623.846,75341.22,0.38893777,-0.060401943,3717,6,11,5
287622.1353100335,3398969.8631795924,-1,0,3289.561,31.759739,321.07245,-0.0034851194,10.982704,7.570413,1561.0656,18276.557,18305.812,75687.57,0.30145788,0.0382618,3717,2,11,7
297691.63535035826,3371669.9008623403,-1,0,2071.7756,17.087137,29.744873,-0.008710798,5.9161153,8.035809,1871.9128,20106.281,20450.03,87388.27,0.44369376,-0.11103312,3717,1,2,6
276911.47686324746,3391805.842643634,-1,0,2803.394,27.11749,167.00537,0.007921538,10.3358135,10.374997,1501.0638,15867.432,15982.452,64530.07,0.39667448,-0.0605107,3661,2,2,5
255350.3919438912,3371652.6359268045,-1,0,1265.1732,30.670673,174.80554,-0.0020370306,10.812685,9.022975,1247.3766,2125.1353,30641.19,46978.094,0.33433983,-0.0010921265,3661,2,11,5
304055.180831618,3408290.708682116,-1,0,3649.8984,26.814186,325.71313,-0.004611292,9.325561,11.911938,1695.1396,28701.14,31729.035,92074.766,0.10352819,0.2165224,3717,1,11,9
242607.4271131212,3376268.218378034,-1,0,1529.1603,21.366106,59.931427,-0.0047007375,7.8250656,10.431882,1178.4856,5940.3027,28297.732,33462.16,0.34472057,-0.0025092557,3661,2,2,9
285661.7524093734,3356736.3268799074,-1,0,1518.4756,18.011677,154.9831,-0.021709768,8.550934,9.851562,1548.1434,11211.6455,22459.0,80744.89,0.25967884,0.090797596,3661,3,2,9
272115.4286633697,3359593.764460805,-1,0,1486.78,26.074638,12.994629,-0.0010609006,9.232796,10.138791,1317.722,13792.06,36276.406,67318.82,0.36063465,-0.032958783,3661,3,11,6
300422.9289287149,3403805.788266723,-1,0,3004.7976,23.653206,124.38034,-0.007851792,7.517582,11.923719,1666.604,27256.943,28839.543,88431.5,0.13007414,0.2093818,3717,1,2,10
229777.48616972865,3375704.3353349576,-1,0,1489.3022,39.328575,57.99463,0.00045972143,14.569497,9.54631,1303.4354,16395.027,34528.67,22931.768,0.51780206,-0.18555297,3661,2,2,6
299603.8738528544,3415214.2893130463,-1,0,5065.0366,11.625053,169.69513,0.0014878602,3.6628733,9.851562,1619.0557,22582.012,26891.285,88098.3,-0.06782263,0.3927948,3717,8,9,6
251933.0022589613,3339459.648931433,-1,0,875.6234,33.464382,68.498566,-0.010162982,12.423218,7.7393813,1007.34076,8667.779,57871.156,64690.43,0.49032915,-0.15529764,3661,3,2,7
260774.02168000568,3365527.5083204126,-1,0,1129.806,32.899525,170.2724,-0.0004543019,12.237944,8.209086,1180.5258,3652.9985,37197.766,54517.348,0.42463633,-0.08071032,3661,2,11,6
278652.48699371173,3396829.459880386,-1,0,2602.274,30.09739,26.565063,0.004582188,10.886017,11.690146,1465.1902,12751.666,13045.497,66546.65,0.47230062,-0.14133485,3717,2,2,5
286996.2788097756,3386449.626512031,-1,0,3237.2087,23.521868,161.56506,0.0016952789,8.290453,11.187031,1719.3285,26059.719,26341.318,74718.7,0.3598641,-0.037890498,3717,2,11,5
287290.6289327652,3396361.002208246,-1,0,3259.196,34.071632,209.74489,0.00374077,12.528891,11.130446,1591.6763,19377.32,19509.285,75116.58,0.43444988,-0.11140603,3717,2,2,5
292086.8989266767,3392384.3869408914,-1,0,3274.568,31.785574,311.0091,0.0018530706,11.57671,10.808111,1689.3258,25592.404,25734.67,79708.56,0.34597072,-0.0068734717,3717,2,2,5
297319.7902046833,3412046.621198653,-1,0,4905.8716,2.9367335,333.43494,-0.012458973,1.0824425,9.851562,1603.4529,21086.229,24595.781,85531.6,-0.047044594,0.37203208,3717,1,9,9
293900.0163576115,3400809.578173224,-1,0,4049.3015,33.849712,18.434937,-0.0021330402,12.621767,9.819273,1613.3231,23382.797,23243.793,82028.89,0.20510545,0.07337051,3717,1,11,6
261185.17984703864,3334546.12367236,-1,0,1404.8843,48.482582,252.6995,0.0026161259,21.44504,10.118545,981.44586,5656.006,50649.25,74363.42,0.3668353,-0.035831,3661,3,11,6
237163.50222721888,3364594.084099294,-1,0,1819.8918,19.993422,142.59464,-0.015331121,6.2050962,10.901059,1295.1572,17159.514,41075.973,35961.06,0.34316283,0.0057636686,3661,4,2,9
250621.29942311265,3375861.7056491496,-1,0,788.40125,13.203629,84.2894,0.0040525654,4.7985864,10.316586,1249.123,388.32977,26798.691,40994.79,-0.025693737,0.3881254,0,7,1,7
247312.7392517515,3366518.9087444586,-1,0,2313.7986,24.47171,90.0,-0.0011277682,8.838902,9.748875,1223.7778,7271.3823,36597.82,42451.688,0.45615312,-0.13096373,3661,2,2,6
255910.84170156883,3382732.4719745484,-1,0,2191.2788,36.995747,335.55606,-0.00068490946,13.4349165,9.314682,1292.7461,8486.489,19577.602,44236.582,0.28758278,0.047849547,3661,3,11,7
238183.08411594192,3389697.56548822,-1,0,1722.16,30.016443,324.8658,0.0031567551,10.431781,10.959119,1402.1581,4722.9863,18311.31,25807.861,0.32657343,-0.0098174475,3661,2,11,6
223733.43849948523,3388711.9012441626,-1,0,2047.4861,30.281086,157.83362,-0.008483153,11.223048,9.851562,1487.4094,14279.859,30252.148,11506.437,0.35868064,-0.020658005,3661,2,2,6
302324.0681451919,3360402.592557992,-1,0,875.5736,26.749271,76.50427,-0.004209632,9.59764,7.037458,1876.4254,7964.277,8538.928,94884.52,0.43720475,-0.10221217,3661,1,2,7
270332.8866973539,3381899.604046448,-1,0,1540.6569,23.549944,272.48956,-0.018339697,9.378295,8.655601,1500.9745,19959.143,22233.598,58598.477,0.35620365,-0.026437066,3661,3,11,9
222634.2864623044,3383333.8720593164,-1,0,2149.3967,40.21898,343.1786,0.00090115843,15.294646,11.4279785,1487.8689,10917.729,34118.453,12593.113,0.3432118,-0.023399236,3661,2,11,5
299513.1142719922,3368552.472677916,-1,0,1356.2347,26.934284,289.98312,-0.016777648,9.890929,8.480308,1870.6,16509.926,16838.008,89881.84,0.578302,-0.2702427,3717,1,2,9
295228.9457948414,3405362.343268276,-1,0,4828.957,18.69113,339.44397,0.0007086837,6.491522,9.851562,1593.82,21995.076,23421.99,83210.92,0.018371116,0.303044,3717,1,9,5
237904.3600933928,3388070.3277215078,-1,0,1608.1917,26.187128,158.19861,0.0043025766,10.077789,10.854079,1366.2853,5045.711,19753.102,25641.143,0.42597213,-0.1133228,3661,2,11,5
256961.23677371675,3364327.585210387,-1,0,924.68665,28.321842,66.80139,0.0061988477,10.627256,10.300819,1158.4713,210.0,38006.527,51766.336,0.44994503,-0.10286032,3661,2,7,5
228344.26810204217,3363694.8034980022,-1,0,1318.2439,37.03202,200.22487,0.00528602,14.443502,9.394323,1501.079,23301.746,45475.895,31333.422,0.33037227,0.0041775834,3661,3,11,6
220352.90854745265,3390013.573751116,-1,0,1670.0936,30.590952,69.44394,-0.000358987,11.290774,10.151055,1512.7756,12651.387,32668.408,7986.4946,0.382595,-0.0705808,3661,2,11,7
277579.0259205217,3374529.1001461907,-1,0,1994.4128,23.521557,338.1986,-0.0020563987,8.260778,9.983602,1675.0286,22167.832,31555.682,67146.18,0.36439732,-0.021117374,3661,1,2,6
281589.61677098065,3347618.304023175,-1,0,766.2949,20.08841,270.0,-0.0017783293,6.900947,9.232372,1313.6381,1300.9612,27126.123,81484.34,0.29069734,0.0391272,3661,2,11,7
277750.3119815894,3397411.4730090927,-1,0,2822.3152,22.565783,290.22485,-0.0029207938,8.277996,7.8766327,1443.9448,11724.479,12009.404,65707.625,0.36501357,-0.027136618,3717,2,2,6
260858.2742819494,3361777.7228647927,-1,0,1513.1975,19.656805,176.42365,0.017135013,6.939728,11.1302395,1120.9889,3689.8916,40918.86,56412.992,0.37917137,-0.049721263,3661,2,11,3
273638.0917083641,3360200.5746661555,-1,0,1800.8225,25.89432,65.376434,0.014254823,9.6443405,11.514294,1359.0834,13813.595,34879.09,68397.0,0.5255641,-0.20201245,3661,3,2,5
257321.63444093312,3339337.3912113635,-1,0,1156.1547,31.580282,253.00919,-0.002668122,12.456878,8.375828,962.17737,9182.342,52704.14,68208.85,0.42775652,-0.09742039,3661,3,11,6
234511.47605565877,3370943.141056099,-1,0,2059.9573,30.44868,358.21008,0.004398948,11.086158,10.350984,1242.5885,15497.745,36212.086,29633.98,0.31789362,0.016044484,3661,3,2,5
253802.5632741417,3364580.5956087075,-1,0,1385.8811,30.989061,72.552795,0.0011011622,11.136714,9.138881,1181.3981,3370.0,37730.71,48938.273,0.5443993,-0.21895027,3661,2,2,6
300762.7086872514,3408564.0914331665,-1,0,5188.7427,30.449392,15.708649,-0.005206647,12.4078455,9.910783,1654.257,25552.236,28441.17,88794.16,-0.07074529,0.39470857,3717,1,9,5
255802.7883126602,3372436.6948885964,-1,0,1372.9604,25.217585,259.87534,0.012925785,9.518658,10.798131,1257.6256,2823.048,29858.682,47078.617,0.3036125,0.024040902,3661,2,11,6
258158.6969057535,3379164.319978547,-1,0,1811.6804,28.334942,19.653809,0.005010402,9.680366,11.127303,1317.5845,8037.195,23332.85,47182.914,0.430363,-0.088324286,3661,8,2,5
227606.03975007584,3385967.9913854604,-1,0,2363.6443,30.510277,342.1213,0.010179611,11.170199,11.436326,1427.736,15493.563,28566.43,15916.664,0.41436455,-0.07540277,3661,2,2,6
225065.95732355348,3375138.101164049,-1,0,1978.535,41.29924,103.44861,0.0027662283,17.282,10.167018,1439.9785,13981.251,37906.35,20034.953,0.44150618,-0.08940038,3661,4,2,6
262263.6399799544,3340642.3542162194,-1,0,1600.628,28.815098,351.11935,0.0024435197,10.200903,10.89862,968.3696,4342.453,47597.6,70632.98,0.43536758,-0.092697114,3661,3,2,7
273484.4070770814,3376953.952965751,-1,0,1468.4832,40.141712,59.931427,-0.0020381738,16.503672,10.509674,1619.1592,19541.598,27853.166,62609.523,0.50281876,-0.16920944,3661,1,2,5
280565.1325074836,3368374.4240146484,-1,0,1981.1627,36.657177,189.46233,0.0030219555,13.647329,10.782741,1636.0096,21206.531,30940.01,71721.63,0.4977988,-0.16412462,3661,1,2,5
245085.87979233023,3379260.7449321616,-1,0,1100.18,43.503513,12.40741,0.0005010719,16.452478,10.144326,1222.4688,2085.977,24716.443,34620.746,0.39312,-0.0631095,3661,2,11,6
298051.2414523235,3409800.3678939347,-1,0,5236.398,9.023357,353.65982,-0.01379956,3.470687,10.627004,1618.0022,22572.959,25566.514,86134.8,-0.041268375,0.36481744,3717,1,9,6
254887.95655138703,3340312.1738619125,-1,0,1087.4114,40.805294,284.34933,0.0011364484,16.18352,10.033664,984.7976,10495.279,54802.312,65882.64,0.30066252,0.016935362,3661,3,11,5
299452.9117343232,3358378.589683544,-1,0,1704.6108,20.064512,104.74356,0.017622627,8.018329,11.48365,1820.2374,8184.7905,9571.311,92851.72,0.47583744,-0.13657923,3661,3,2,3
303149.26046418864,3374038.577450596,-1,0,2424.3955,12.995729,0.0,0.0040006125,4.2269125,9.621531,1920.3914,20696.148,20610.766,92259.34,0.38506714,-0.045593347,3717,1,2,7
256402.00666028785,3351603.0759373493,-1,0,1356.411,14.210307,0.0,0.0013104578,5.1598315,8.606585,999.96844,2360.0,50707.184,58843.555,0.40454736,-0.07000942,3661,2,11,3
232829.59833315652,3366306.875472876,-1,0,1575.6104,30.776186,120.963745,0.00371965,10.723244,9.760443,1353.4427,19691.469,41116.75,31785.332,0.6034619,-0.29065776,3661,4,2,6
292029.7613978791,3381024.458930587,-1,0,2621.5789,31.644135,227.38596,0.009525485,12.044424,11.356887,1819.776,31004.008,31383.537,80211.39,0.47378492,-0.147321,3717,1,2,3
279988.84730564995,3383087.885235608,-1,0,2120.3462,25.452272,120.57922,4.0234307e-05,9.187856,10.988281,1667.3634,24878.924,25048.832,68012.59,0.51783174,-0.2040986,3661,2,2,6
292138.41994284344,3377231.738435716,-1,0,2216.9902,28.549788,264.09387,-0.0026822214,9.973715,9.048015,1863.6428,27637.113,28121.787,80863.05,0.43721217,-0.10899305,3717,6,2,6
238955.7055207564,3382413.3683742024,-1,0,1427.5194,16.681896,140.1944,-0.0095574185,5.4188633,7.785907,1240.7412,5271.518,23965.16,27811.797,0.49705607,-0.16529581,3661,2,2,9
286447.31860884675,3354209.7621982563,-1,0,1291.8978,27.04299,207.89728,5.3385033e-05,9.494471,10.390208,1527.1367,8608.861,21511.23,82534.875,0.41217342,-0.0961779,3661,3,11,9
268719.043234746,3367746.931014165,-1,0,976.06757,40.48275,225.0,0.0013432157,14.66794,10.021184,1380.8839,11834.197,35823.613,60801.402,0.41564152,-0.09183896,3661,8,11,6
278822.473851449,3389667.1866817093,-1,0,2396.23,35.40185,181.50745,0.00055890006,13.23069,8.76234,1560.3586,18696.645,18812.703,66437.375,0.40161386,-0.06124054,3661,2,2,6
293530.2257539169,3382658.155494934,-1,0,2888.6875,22.223919,133.3634,-0.0063286903,7.446234,10.410059,1810.5989,31832.479,32101.072,81533.43,0.32525945,0.011775623,3717,1,2,6
220352.88690909825,3383236.2559210784,-1,0,2024.8098,24.940807,128.65979,-0.0055073574,8.557864,10.521612,1529.0675,8709.19,36031.754,10888.824,0.5090783,-0.18502751,3661,2,2,9
284205.9598163444,3391037.066757685,-1,0,2267.6213,27.360235,167.47119,-0.00059817755,10.1595545,10.463565,1632.6891,20767.64,21065.621,71811.01,0.42118964,-0.08557258,3717,2,2,7
258477.56943121005,3368197.346794048,-1,0,1239.7181,31.34793,233.84183,-0.0050501144,10.738879,10.468912,1206.9518,2167.8098,34258.14,51262.246,0.32417774,-0.0036564725,3661,2,11,6
227073.34613103917,3358329.5848694234,-1,0,1047.7329,39.67469,136.73569,0.003353461,14.684137,9.871504,1601.7439,26670.732,50813.094,35506.777,0.42856944,-0.06394902,3661,4,2,6
292565.80339408864,3392536.4639315414,-1,0,3129.5708,35.146812,248.74951,0.00019106516,13.283571,10.459844,1692.054,25886.057,26015.219,80192.04,0.35440126,-0.015210895,3717,2,2,6
287662.89119275176,3393363.9908546475,-1,0,3459.734,26.314459,135.0,0.010999052,9.115651,12.197071,1634.743,21537.111,21736.91,75318.41,0.34282807,-0.011482633,3717,2,11,3
276198.4976262612,3349593.7640461475,-1,0,868.3582,15.651757,21.037506,-0.0042165793,5.101004,9.851562,1238.2622,3029.5215,32061.969,75876.11,0.39085338,-0.06624069,3661,2,11,9
257913.5200315474,3341248.048639318,-1,0,1087.6807,36.82508,319.26788,-0.008115558,13.968114,8.335116,950.7358,7893.542,51633.85,67181.984,0.1565905,0.16390017,3661,3,11,7
254570.64385928577,3340535.108921844,-1,0,1012.60095,27.464342,184.39871,-0.008893872,9.790193,7.709724,988.57623,10481.192,55048.402,65514.65,0.30478004,0.048693452,3661,3,2,6
283147.93989021226,3361564.965870152,-1,0,1822.3527,29.11216,127.23483,-0.012137369,10.412734,9.851562,1577.7393,14853.229,25942.1,76500.8,0.47249803,-0.14207114,3661,3,2,7
250218.38604840945,3366582.784795879,-1,0,1414.6207,24.529156,199.98311,-0.008938785,8.446967,9.851562,1212.3481,4820.3735,36036.504,44835.24,0.39742017,-0.06474965,3661,2,11,9
296048.58148013684,3362295.7410260364,-1,0,1603.9521,31.707462,332.65012,0.0028327866,12.038058,10.648187,1788.2358,13205.5625,14522.541,88329.94,0.46494073,-0.1254492,3661,3,2,5
243692.45706397144,3356375.555402117,-1,0,1205.3837,40.502167,48.46823,0.003245867,15.020212,9.882654,1285.7739,14200.88,47304.293,46427.3,0.4609913,-0.121699125,3661,3,2,5
268918.11990135955,3349700.541264043,-1,0,1292.7263,25.877316,157.38013,-0.0025355702,9.176971,8.74589,1089.9934,5401.8975,39273.91,69801.375,0.40990856,-0.074929655,3661,2,11,5
278707.58903003426,3372884.0091552646,-1,0,1563.5026,37.45106,307.1467,0.00017371462,13.474717,8.8863535,1671.3988,22720.816,33520.65,68652.34,0.46337265,-0.1274125,3661,1,2,6
297159.5805535943,3404413.1039611213,-1,0,3652.4692,35.96162,48.366455,-0.0046672644,13.510205,9.937722,1621.3323,24134.033,25517.574,85150.55,0.21351433,0.10236509,3717,1,11,7
264636.76263648394,3334363.634137756,-1,0,870.4486,39.33266,245.77226,-0.0011436368,15.5368,8.19005,991.8932,3106.9277,47555.934,76803.04,0.49067542,-0.1687963,3661,3,2,6
223817.72445378528,3380739.8758579586,-1,0,1754.8406,43.358833,190.008,-0.00022511452,17.414103,9.236327,1456.3405,11704.653,34825.492,15126.89,0.32932588,0.0014763538,3661,2,11,6
248977.30790435872,3341523.2257787003,-1,0,1294.7319,21.612957,200.85448,0.015866788,7.721954,10.8597975,1059.3802,7677.838,60281.773,61260.395,0.3889452,-0.05072232,3661,3,2,3
288086.29643773235,3374354.049356233,-1,0,2452.9258,21.625534,105.94537,-0.0042132027,7.325944,9.851562,1830.9602,26852.639,28456.174,77427.336,0.4122915,-0.0756834,3661,1,2,7
247563.58408419,3356641.699064548,-1,0,1772.5278,33.74606,152.10272,-0.0019569253,12.21669,10.50044,1216.7675,10466.27,46260.375,48931.477,0.38509223,-0.036634203,3661,4,2,6
228812.91254807916,3359188.7188391048,-1,0,1539.4309,18.771584,94.0856,-0.009924994,8.099674,10.08344,1549.838,27003.303,49271.594,35496.16,0.45452544,-0.11436494,3661,3,2,6
230474.7550684674,3375003.954851111,-1,0,1736.4589,14.096045,146.30994,0.021650223,6.525151,11.507728,1293.6865,16113.811,34698.547,23919.072,0.37039497,-0.037276722,3661,2,2,3
282614.1729966712,3397724.286660997,-1,0,3052.731,28.628485,120.963745,0.007430941,10.604328,11.759605,1514.0682,14866.005,15067.451,70574.016,0.5163176,-0.21276073,3717,2,2,6
249903.28465991165,3372633.9224911667,-1,0,1306.1176,25.582779,2.290619,0.023056885,10.364545,10.900346,1233.2732,2446.5896,30103.79,41618.277,0.29791155,0.042000655,3661,2,11,3
245246.9627226495,3356229.860540616,-1,0,1220.8308,39.86065,200.69547,-0.004298018,16.345804,8.6338415,1258.2291,12777.797,47093.094,47587.26,0.49737817,-0.16657248,3661,4,2,7
260864.74982497416,3350099.3837930737,-1,0,884.5944,26.714798,207.47444,0.0027659368,9.489023,7.9789586,930.58295,963.84644,47249.574,63201.7,0.52724487,-0.20912735,3661,2,2,5
241908.46784556645,3338309.2250670576,-1,0,903.2772,33.562458,183.17984,-0.0037125575,14.005524,8.798401,1054.0076,2909.8628,65317.402,60094.613,0.47997853,-0.14571926,3671,4,2,6
276908.86457918084,3369579.474016665,-1,0,928.114,10.945934,221.18593,0.0027941754,3.6744404,10.007272,1580.1453,20211.84,34748.562,67866.83,0.3900171,-0.05634124,3661,3,2,10
268222.8612919488,3344244.5646137083,-1,0,1411.643,31.993933,6.5819397,-0.00012323062,11.720847,9.915185,1045.0326,2375.8787,40906.484,72607.195,0.38958585,-0.06122138,3661,2,11,6
231010.3965692736,3360773.9477121425,-1,0,1589.9681,30.54329,240.46121,0.00048872153,11.944262,10.823725,1476.2207,24349.432,46903.742,35215.29,0.26950112,0.06495306,3661,3,11,6
234356.5728418208,3361628.7116656736,-1,0,1620.2904,14.402616,278.74615,0.005093786,5.416142,10.094521,1383.8813,21076.266,44817.82,36400.31,0.3029815,0.041828603,3661,3,2,6
257554.396803802,3342474.094233492,-1,0,1686.0559,28.241444,345.5297,0.0006445141,9.734329,9.6813345,951.9785,7211.1025,51697.582,66043.18,0.42647147,-0.09158007,3661,3,11,6
257816.63191908007,3348025.4820325114,-1,0,1194.4645,31.289751,101.63364,-0.0013863213,11.714966,7.041204,932.87006,2573.8687,50492.984,62298.844,0.42692745,-0.09781415,3661,2,2,7
254483.78637009743,3372709.467350392,-1,0,1245.7166,18.412481,255.25644,0.0026683183,6.0861864,10.788762,1254.355,1700.0,29585.49,45757.74,0.25712112,0.060406473,3661,2,11,6
267661.5758522548,3390211.645450829,-1,0,2292.1914,33.767883,252.64598,0.004871185,12.64225,11.669939,1363.5167,13383.468,13541.938,55271.832,0.19789779,0.1271952,3661,6,11,5
307458.1842326617,3372932.119471859,-1,0,2024.0646,24.600521,21.801422,0.004721594,8.562842,10.797068,1946.9166,18648.03,18871.91,96699.305,0.44878,-0.114664584,3717,1,2,5
274153.9229944791,3367357.5902661225,-1,0,1061.6985,20.43692,299.0546,0.0016219809,6.927691,10.701221,1486.9615,17155.842,36351.95,66008.99,0.47794688,-0.15349081,3661,3,2,6
294494.54608545103,3359785.080334981,-1,0,2239.59,21.699127,320.44034,-0.014695798,7.9921174,8.484644,1743.6862,11284.3955,14656.453,87715.36,0.47578064,-0.14321831,3661,3,2,9
293985.1577721841,3369907.090909975,-1,0,2461.3232,6.47711,341.56506,0.00982497,2.4693813,10.755748,1826.1968,20502.117,21187.87,84187.234,0.3366165,0.010227429,3717,1,2,6
289402.4414673042,3384826.111278084,-1,0,2619.6064,31.51267,288.9704,0.007388591,10.84402,11.6407385,1757.6538,28869.943,29161.838,77231.12,0.38882288,-0.06340055,3717,1,11,3
249671.8213093999,3367731.5521500595,-1,0,1545.888,30.099916,237.80428,-0.004862943,11.169119,8.659542,1218.0042,4620.444,34976.25,43767.38,0.40764976,-0.092048265,3661,2,11,9
273821.79162396875,3392668.823827279,-1,0,2448.2107,23.57486,290.85446,-0.002829017,8.392561,9.810744,1439.4166,13502.504,13714.94,61462.875,0.30179843,0.025515318,3661,2,11,6
235114.1224144665,3388781.6144348523,-1,0,1328.4368,31.769518,54.865814,-0.006160524,11.283245,9.561351,1399.5101,7793.587,21071.8,22797.648,0.5088652,-0.1860498,3661,2,11,9
304384.39238609216,3365512.0916755185,-1,0,1509.2343,21.663307,349.2157,0.0044603636,7.006336,11.285072,1915.8978,12098.066,12061.525,95366.05,0.41606778,-0.078350015,3717,8,2,6
244403.6320664948,3374058.231222831,-1,0,1074.6539,38.47088,272.72632,-0.0007552956,14.599427,9.0549,1204.3138,5790.0,29919.2,36058.29,0.35711065,-0.024972953,3661,2,11,6
260876.27334769897,3344562.6234742776,-1,0,1756.2771,13.09816,90.0,-0.025194306,5.8596807,9.851562,936.2801,3749.4534,48013.156,66899.33,0.39756402,-0.045540553,3661,2,2,6
307699.28666825243,3368406.9556439687,-1,0,1735.0717,23.235134,58.570435,-0.0073242476,8.528249,10.622729,1953.23,14152.745,14377.361,97862.93,0.2522549,0.074863255,3717,2,11,7
235248.694103432,3357332.553114798,-1,0,1704.0033,24.706806,326.88867,0.0044392743,8.471073,10.72079,1427.0847,22244.64,48569.71,40410.535,0.41903022,-0.07608465,3661,3,2,3
284478.2416445276,3380497.846404248,-1,0,1815.215,25.717266,357.70938,-0.0059755123,9.4494,8.846819,1783.2081,29462.97,29577.287,72792.53,0.44906282,-0.12721214,3661,1,7,6
295223.6757367801,3403318.898428372,-1,0,4389.452,22.930252,60.945404,0.00048356943,7.888141,11.647769,1602.7388,23158.0,23850.758,83245.48,0.18277664,0.118047744,3717,1,9,5
299212.7347643301,3375065.429399459,-1,0,1999.3457,10.098647,102.52881,0.0035325114,3.5582783,9.235089,1902.0361,22692.613,22818.469,88210.39,0.3529532,-0.03367464,3717,1,11,5
214837.13721490116,3384793.809667536,-1,0,1293.3705,25.819244,77.00537,0.006303811,9.611345,11.088359,1612.8071,5155.8506,39938.914,6356.926,0.33445898,0.0057764007,3661,2,11,5
305879.3035282634,3407224.212749977,-1,0,4626.5645,23.918577,87.614044,-0.007481247,8.307923,7.5955524,1722.4032,30786.434,33666.27,93871.36,0.031305302,0.29729223,3717,1,11,6
291868.0498102857,3355772.0404390064,-1,0,1971.6764,34.734173,324.63754,0.0029698566,11.942499,9.452901,1657.7004,8076.664,16189.262,86791.66,0.28204829,0.032423805,3661,3,11,5
261694.2024177709,3335054.855151894,-1,0,1679.3849,34.32408,36.57303,0.0011925288,12.8707485,10.609574,981.32794,6055.7573,49983.32,74316.63,0.45460975,-0.11606996,3661,3,2,6
299117.7680830272,3415844.2984336964,-1,0,5094.237,3.8857172,251.56506,-0.0075812493,1.426128,11.063577,1612.086,22008.838,26449.32,87681.336,-0.07573967,0.40109932,3717,8,9,9
246554.8641589018,3368420.05741497,-1,0,1813.0857,33.969494,80.2724,-0.00015245163,12.684566,9.280265,1224.7843,7240.6978,34920.293,40761.79,0.39487678,-0.040738225,3661,2,2,6
296273.2954119932,3413513.897061436,-1,0,5184.583,16.3986,345.06857,-0.006305082,6.007338,9.041609,1588.4498,19670.715,23510.035,84615.664,-0.0712165,0.39751473,3717,8,9,9
301394.44940907287,3359845.057099366,-1,0,1225.3806,39.948444,52.352386,-0.009581079,16.95802,9.851562,1859.4904,8003.9053,8796.203,94185.31,0.47117743,-0.122805014,3661,6,2,7
275296.97886332346,3398205.273879555,-1,0,3460.4333,26.017252,232.12503,0.0021241996,9.094493,10.50372,1396.6633,9630.369,9863.29,63350.31,0.34009615,-0.032073658,3717,2,11,5
299802.0274395833,3404686.062668694,-1,0,3835.0796,36.01549,280.71313,0.011285146,13.2141485,12.214506,1655.4159,26288.266,28042.146,87796.52,0.13515063,0.1577678,3717,1,11,5
283843.87229742145,3347300.066458938,-1,0,744.09143,32.01199,322.52383,0.0034052436,11.551558,9.14677,1352.5775,2533.9692,25018.283,83577.46,0.31970513,-0.0064286296,3661,2,11,5
302179.6331826601,3368258.0971259926,-1,0,2016.3433,35.813194,143.8418,0.0005240082,13.622602,9.926717,1896.751,15322.695,15403.664,92532.195,0.50548613,-0.17821714,3717,1,2,6
274892.7703208932,3353950.8281566706,-1,0,1406.0859,35.904858,101.30994,-0.0027541944,13.262734,9.722202,1282.8206,7509.441,33060.016,72483.61,0.4448103,-0.092212774,3661,2,2,6
302729.9076337524,3368119.415719512,-1,0,2215.1426,32.252663,161.56506,-0.0017904616,11.819072,9.944703,1902.07,15043.643,15072.561,93099.734,0.4952887,-0.16134141,3717,1,2,6
240603.39972005048,3360301.6031639148,-1,0,1723.7046,37.375328,12.380768,0.0048765573,13.279212,10.818004,1308.092,16288.897,44191.242,41443.14,0.43122208,-0.08967952,3661,4,2,6
250368.3976109413,3352633.107851275,-1,0,1876.0999,28.579723,305.7539,0.009756564,9.973784,11.533563,1148.9908,8354.047,49880.977,53740.133,0.3232708,0.000980105,3661,2,11,3
260174.2400600564,3353127.316432916,-1,0,1232.9998,14.776701,244.98312,0.0058209836,4.560353,10.688815,965.8041,1460.0,47787.56,60757.133,0.3126282,0.004762631,3661,2,11,3
300453.4949683107,3410543.7467626645,-1,0,4812.711,11.807346,69.44394,0.007386649,4.079432,12.442632,1643.7156,24545.04,27853.117,88569.08,-0.057587318,0.38399744,3717,1,9,7
294337.58904753014,3353287.0487911883,-1,0,1137.6948,27.028425,21.037506,-0.0141736185,10.516645,9.851562,1685.816,4889.591,13637.467,90059.31,0.35525948,-0.006782361,3661,3,2,7
300667.019079216,3407761.359353401,-1,0,4856.234,45.667175,272.0454,-0.00013152287,18.716198,9.415292,1655.8495,25763.59,28428.506,88672.56,0.08557057,0.23771481,3717,1,9,5
289742.6709769372,3380743.587818024,-1,0,1742.6742,17.017242,219.09387,-0.008247679,5.3991504,9.4801445,1809.8843,31876.857,32368.22,77983.516,0.31318852,0.009637552,3717,1,11,9
298026.7898891168,3410284.696154341,-1,0,5319.0503,15.057639,45.0,0.007912982,4.5541687,11.950504,1616.3114,22361.512,25470.777,86128.68,-0.027743883,0.35039863,3717,1,9,2
227529.4535194637,3375878.122446724,-1,0,1404.1199,27.222569,21.037506,-0.0014906912,9.751075,8.330232,1363.0924,16062.036,35755.12,21151.012,0.27822903,0.051492125,3661,3,11,7
252668.8963777408,3346656.720787319,-1,0,2112.5583,21.165977,301.42957,-0.011292812,7.2520957,8.489793,1050.7863,7323.0596,55681.32,59646.23,0.32770035,0.016419392,3661,3,2,6
285254.34739889734,3398347.6925090007,-1,0,3605.984,32.303123,275.04245,-0.0141940545,12.450752,9.851562,1542.3204,16566.406,16680.002,73264.695,0.19928665,0.099371895,3717,2,11,9
251498.7736271839,3343617.2312056334,-1,0,1363.9155,31.609978,22.109436,0.002789636,11.679837,10.47972,1048.2396,10135.526,57402.62,61168.39,0.40267074,-0.07027548,3661,3,11,5
293212.597697364,3393692.579248229,-1,0,2623.2236,34.628185,313.91907,-0.0020123962,12.431736,9.169604,1685.3469,25777.918,25865.646,80876.78,0.27171102,0.0747611,3717,1,2,7
291173.12714905344,3365341.676296447,-1,0,2209.5383,22.370693,0.0,-0.0075815795,7.353679,10.182785,1748.8479,17346.54,20263.71,82748.97,0.4479735,-0.11133394,3661,1,2,7
301429.0007115387,3407552.098282991,-1,0,4695.5327,47.82194,287.52557,0.00267699,20.912268,11.392508,1665.9685,26547.707,29205.336,89427.92,0.15449893,0.13951528,3717,1,9,6
296216.5945927642,3392567.28166464,-1,0,2693.3816,33.59438,255.17352,-0.0001965968,12.718062,8.74216,1726.6766,28915.37,28982.484,83841.76,0.43583182,-0.11101481,3717,2,2,7
298147.8152497475,3362992.1982833147,-1,0,1567.9587,25.981712,245.37643,-0.00013137543,8.995553,11.300232,1823.6444,12458.3545,13319.767,90103.78,0.34978443,-0.030568417,3661,1,11,6
298281.4451681861,3391648.8798619253,-1,0,3366.1123,33.133633,136.16913,0.009146528,12.9234915,12.045146,1755.4019,31163.096,31221.697,85895.7,0.26212433,0.07958708,3717,1,2,5
284922.43343489704,3368294.6085419715,-1,0,1691.6729,21.714901,34.38034,0.002098972,7.691468,10.251565,1714.7744,21810.844,27113.78,75901.37,0.44184184,-0.10203589,3661,1,2,6
304885.95076040126,3364922.007104268,-1,0,1486.5452,20.324654,30.068573,-0.009258001,6.905252,5.9179864,1921.5212,11412.471,11350.422,96004.93,0.47236478,-0.13953094,3717,8,11,7
273450.92856129154,3352430.833608419,-1,0,1347.7622,20.714317,336.0375,0.0011727313,7.054789,10.20596,1228.2477,6914.4487,34534.8,72040.66,0.31875783,0.025381548,3661,2,11,6
226446.5931663833,3384244.7968933284,-1,0,2148.0952,30.686518,332.70044,0.016158089,11.159174,11.504634,1428.1619,14832.997,30555.27,15447.294,0.40961614,-0.072778314,3661,2,11,3
254564.83066196748,3354853.861417582,-1,0,1660.3901,25.242435,292.61987,-0.0038143594,9.022389,9.907299,1077.837,4072.0754,47442.53,55323.277,0.38082656,-0.06657417,3661,2,11,6
239240.55520575307,3345170.260116856,-1,0,937.6854,31.240812,283.627,0.00012118896,11.47134,8.631971,1289.086,10218.4,59231.09,52822.934,0.40689048,-0.07180394,3661,2,11,6
280695.8886359794,3400057.863705104,-1,0,3141.4885,28.811617,338.55228,0.0017207953,10.145309,12.079075,1453.7264,11884.549,12077.604,68915.3,0.36245456,-0.033560473,3717,2,2,5
280014.85679898574,3386341.9955077376,-1,0,2109.3535,36.480686,91.4321,-0.0007923976,13.394384,9.607475,1624.7793,22132.684,22253.602,67757.86,0.4346057,-0.10557047,3661,2,2,6
297549.710698546,3406520.1005761903,-1,0,3995.0264,20.770084,297.75854,0.005551294,7.0697265,11.146818,1620.7767,23430.72,25486.389,85533.375,0.18863845,0.10709093,3717,1,11,7
301231.42117447744,3385215.4810666945,-1,0,2754.8704,23.06922,153.43494,0.009171165,8.157265,11.570963,1838.3749,32014.637,31923.578,89007.016,0.4103049,-0.077154525,3717,1,2,6
246629.3716471123,3379114.501631694,-1,0,1017.88074,36.368504,70.144775,0.0017592727,14.040884,10.658067,1232.6472,1067.7546,24498.254,36126.1,0.38820785,-0.039311487,3661,2,2,6
237615.7226162585,3359886.95435252,-1,0,1457.2885,13.379828,305.5377,-0.022177625,6.354815,-10.143432,1352.2142,18997.318,45419.75,39784.938,0.3042922,0.028480314,3661,3,11,10
259611.3100537112,3347433.3990742518,-1,0,1112.2346,21.699165,327.09476,-0.0030783387,7.5223756,7.577358,899.77124,1948.3326,48781.74,64020.004,0.38446575,-0.0475144,3661,2,11,5
284674.4710477106,3366179.454080243,-1,0,1859.7451,20.532238,149.03625,-0.0037678815,7.043326,10.549507,1678.3483,19701.19,26283.045,76312.96,0.4819615,-0.15309514,3661,1,2,6
293375.9385589626,3408921.6191624403,-1,0,4711.0444,38.948433,183.99092,-0.0005578851,15.3315115,11.1185465,1564.1312,18626.46,21066.365,81421.34,0.09314978,0.22334686,3717,1,11,6
237395.23587374864,3389507.9067784403,-1,0,1891.7451,24.166267,70.820984,0.002114098,8.664522,10.080636,1402.7032,5502.3267,18973.459,25026.436,0.42431274,-0.08311989,3661,2,2,6
273136.8719096346,3353136.07504269,-1,0,1603.2601,22.968431,336.25052,0.012054109,7.957624,10.622852,1233.1006,7671.897,34830.375,71399.22,0.39517426,-0.06567696,3661,2,11,3
266017.5116891485,3351481.253970124,-1,0,1313.7717,25.918076,315.0,0.0018723374,8.803376,10.494995,1059.2949,4801.0103,42014.445,66409.16,0.4168071,-0.07922539,3661,2,11,7
306858.55693082226,3409377.0284441137,-1,0,4273.684,14.012696,180.0,-2.2367185e-06,4.3759046,11.574674,1723.4502,30986.006,34344.098,94909.06,0.016102843,0.312735,3717,1,8,9
288104.9004279124,3360884.133060722,-1,0,1738.6516,32.250546,218.3675,-0.0020279936,11.965743,10.639664,1650.0166,14056.105,21015.055,81356.33,0.4262589,-0.10073248,3661,3,11,6
261642.8470715156,3347300.267394604,-1,0,887.52344,26.148458,117.552795,0.0019322989,8.932917,9.282608,937.1771,980.051,46789.297,65617.47,0.4076718,-0.07362656,3661,2,11,5
308162.68034190114,3408650.705320637,-1,0,5304.707,47.415443,124.2157,0.0079008555,20.139189,11.973281,1742.9004,32455.732,35737.516,96193.43,0.008533348,0.33444196,3717,1,9,5
276780.62027838395,3363088.796087444,-1,0,2161.3818,23.382706,79.2157,0.008453174,8.857619,10.310872,1471.4331,15967.072,32474.004,70044.11,0.4331966,-0.09739868,3661,3,2,3
292840.37762906286,3379725.12802469,-1,0,2421.372,30.492985,298.8866,-0.00029405812,11.549174,10.827153,1839.1268,29472.81,29847.273,81190.43,0.41084236,-0.07659433,3717,1,11,6
296765.77858125104,3391140.155631186,-1,0,3272.6729,9.800235,26.565063,0.025436522,2.9044752,12.096394,1746.3687,30143.79,30235.8,84371.37,0.31678665,0.017235423,3717,3,2,3
299268.6649813284,3407817.5003246865,-1,0,4396.9067,44.698772,221.82019,-0.0025964426,18.16119,10.821915,1638.4397,24443.848,27029.236,87274.31,0.08743055,0.23082581,3717,1,11,7
251930.82252088355,3355393.3696220326,-1,0,1815.2828,35.346436,30.699707,0.0035424687,13.322116,11.066973,1132.7422,6644.0044,47003.664,52984.758,0.4905758,-0.15639889,3661,2,2,6
257554.31464867448,3390870.2827594336,-1,0,2156.2434,26.782156,156.25049,-0.013205696,9.051136,9.851562,1259.6742,12474.013,11684.062,45160.49,0.41351333,-0.07378347,3661,3,2,9
278425.4280249245,3370737.6071124207,-1,0,1024.5671,16.801182,254.47589,0.004865027,5.8602242,8.124897,1630.5691,21925.822,33954.652,68969.32,0.40541506,-0.07346193,3661,1,2,9
289918.8804254673,3379303.937855653,-1,0,1883.7402,21.88465,51.34018,0.0014782067,7.4122133,10.29768,1828.3208,30563.59,31089.29,78347.945,0.44977835,-0.124725714,3717,1,11,6
271280.4136874609,3360958.779516741,-1,0,1352.6641,12.731011,278.74615,-0.00787234,4.115918,8.998078,1322.9883,13381.308,37328.4,65955.45,0.24834982,0.07877322,3661,3,7,7
272204.4903990999,3351788.984668548,-1,0,1212.1776,23.212282,292.24902,0.0009351488,7.986179,8.5301075,1192.0006,7249.669,35817.016,71331.01,0.37938595,-0.04502948,3661,2,11,6
228321.62815959725,3385101.4915267453,-1,0,2110.9307,38.389248,252.80147,-0.00031542423,15.025013,9.093492,1408.4255,14924.463,28562.172,16872.418,0.43621385,-0.097028255,3661,2,11,7
275552.66040620185,3382808.4480899856,-1,0,1539.8059,24.59708,163.07251,-0.0078888675,8.459205,7.988294,1588.4672,23005.637,23197.332,63645.957,0.5049686,-0.17917109,3661,1,5,7
261186.13580174177,3363349.6765440097,-1,0,802.8082,29.829832,151.82141,-0.0002459454,10.251725,10.390369,1153.4247,4010.0,39414.89,55913.324,0.13372685,0.23282741,3661,2,1,6
299699.9480736999,3357954.6908923653,-1,0,1610.5178,25.515549,46.548157,0.01734337,8.902175,10.694835,1822.5322,7724.798,9164.523,93226.79,0.4366514,-0.10813844,3661,3,2,5
256878.2187352244,3340819.5623307903,-1,0,1164.9429,38.964573,293.0255,-0.004953684,14.8229065,8.792118,963.8781,8967.993,52748.004,66801.914,0.4479789,-0.1205872,3661,3,11,6
279288.201135485,3386702.980013846,-1,0,1802.8209,21.228073,130.60129,-0.0065264734,7.4629693,8.59194,1607.0511,21432.295,21566.014,67007.12,0.48430234,-0.1625196,3661,2,2,6
286796.6580939023,3371855.4745141445,-1,0,2051.1187,25.938917,291.0375,-0.002720455,8.906775,9.820342,1786.504,24880.637,27696.254,76740.97,0.27297434,0.06015208,3661,1,11,6
293464.3198455319,3359082.2435543616,-1,0,2422.0793,37.88593,245.89777,-0.006052318,14.4305,9.3631315,1719.8578,10733.709,15361.318,87003.68,0.13856024,0.20000497,3661,3,11,6
225441.51190743764,3374851.2991298223,-1,0,2163.3323,14.507215,246.80142,0.012142361,5.2848787,11.692047,1433.172,14443.077,37877.227,20500.21,0.3419728,-0.004495835,3661,4,2,3
213115.94240915112,3383585.5852614627,-1,0,1383.325,38.409637,60.945404,-0.0020572096,14.737462,10.200882,1658.466,3323.9888,42027.285,7116.516,0.41008592,-0.07208496,3661,2,2,6
276207.751441953,3380247.8710614606,-1,0,1658.1776,26.680773,201.80142,-0.0020996835,9.220021,9.617918,1632.443,23602.73,25781.043,64653.57,0.45463696,-0.121045366,3661,2,2,5
264016.5813714782,3338497.0123092635,-1,0,1957.779,44.90262,132.06433,0.0014858834,17.982512,10.6031885,987.84033,4283.783,46587.062,73384.54,0.3155999,0.02172609,3661,3,2,5
295363.4028676318,3380894.157228212,-1,0,3297.6301,29.074392,72.12131,-0.003063309,9.816693,11.68731,1840.73,29492.133,29708.957,83543.24,0.4659601,-0.14832279,3717,1,11,5
244117.0955556373,3351044.8585490542,-1,0,1715.9316,13.067662,140.1944,0.028091993,7.1062193,11.495835,1297.1107,14659.949,52404.64,50753.355,0.3933559,-0.052958947,3661,3,2,3
241580.18553393416,3363863.3271447835,-1,0,1857.2323,31.003895,105.25513,-0.0007359095,10.745209,9.854395,1268.9,13590.946,40501.824,39619.598,0.46645382,-0.12539949,3661,3,2,7
283836.75590931845,3353125.082729253,-1,0,1390.0223,30.972359,40.030273,0.000982352,11.702996,9.866903,1453.9805,7164.3633,24135.328,80702.695,0.4897524,-0.15514332,3661,3,2,6
234988.44685436023,3375116.405623189,-1,0,1639.2894,30.01849,99.16235,-0.0068980833,10.941444,9.940093,1168.3301,12345.721,32265.06,27418.965,0.34989965,-0.030428197,3661,2,11,7
280503.98681821924,3373175.504846085,-1,0,1511.8015,26.237932,160.97437,0.009292433,9.140234,11.106378,1713.3898,24532.283,33492.664,70319.78,0.4496478,-0.124829434,3661,1,2,5
289776.50005037826,3401961.4636928407,-1,0,4561.5938,9.459009,234.46234,0.001318387,3.2905633,12.213534,1548.7743,19106.902,18975.451,77852.305,0.122370474,0.20192868,3717,1,8,6
280992.30987742275,3401747.195690659,-1,0,3586.6577,23.500463,182.48956,-0.022480266,8.640734,9.851562,1435.5769,11141.714,11233.348,69095.875,0.13855202,0.17661166,3717,2,11,6
275635.2937008178,3354889.011001984,-1,0,986.2161,34.643524,110.376434,0.0015829277,12.498519,10.560011,1313.471,8150.9814,32332.809,72655.28,0.4352955,-0.08685308,3661,2,2,6
265867.04005532,3377270.3542525973,-1,0,2230.1497,20.122955,354.55966,-0.0053999363,6.852238,9.665521,1463.0807,13698.412,25967.8,55121.074,0.34355804,0.0026008142,3661,3,11,6
266508.96393562393,3347539.65120874,-1,0,1130.8796,35.231564,181.39719,0.014051991,12.879472,10.56629,1026.0328,2167.7869,41947.3,69189.78,0.47340316,-0.14840867,3661,2,11,3
229408.5419566627,3378399.3224843764,-1,0,1592.2656,38.316647,270.0,0.0009803266,14.963635,9.034963,1300.3271,15608.667,32613.87,20967.777,0.337704,-0.016620915,3661,2,11,6
301865.51603474724,3353837.5140228425,-1,0,1532.983,37.6529,125.36246,0.00018816807,13.8718605,9.885304,1849.7576,3261.7173,6091.609,96750.16,0.50435746,-0.15233271,3661,3,2,6
286230.20017963613,3389574.0072146505,-1,0,2812.647,23.852892,90.0,-0.007600072,8.148645,9.851562,1671.6987,23217.588,23490.955,73838.05,0.385543,-0.050923925,3717,2,2,6
297691.8055503955,3406583.4909879784,-1,0,3952.7415,16.286215,335.22485,-0.014663589,6.17097,9.851562,1622.5104,23537.139,25625.441,85683.92,0.027910367,0.2940695,3717,6,8,9
289685.8077489445,3401173.145362609,-1,0,4556.299,30.589437,158.19861,-0.00036194437,11.532038,10.507252,1557.4974,19271.432,19173.234,77804.914,0.06253479,0.26834473,3717,1,8,6
230774.21076799883,3359797.073801658,-1,0,1230.6727,20.926426,150.94537,0.0014523834,7.358548,10.308312,1495.4276,25090.256,47886.37,35918.85,0.52219784,-0.20650385,3661,3,2,6
244158.9829416372,3367731.7237829394,-1,0,2204.4875,36.113693,315.0,-0.0006295892,12.9551525,10.460903,1231.8391,9730.802,36143.094,39172.47,0.45057467,-0.11831289,3661,2,11,6
267502.70699425635,3361484.7574496213,-1,0,931.5085,8.753901,56.309937,-0.021771805,4.003246,9.851562,1253.427,9888.59,41139.43,62358.516,0.48730782,-0.16364355,3661,2,2,9
303209.7950471335,3381954.949552181,-1,0,2921.6194,18.785194,60.255127,0.0009438332,6.402676,11.588028,1878.5776,28350.328,28343.266,91226.75,0.23329231,0.097922035,3717,1,2,5
224279.84667604355,3363495.8988343976,-1,0,1324.2888,15.8103,3.366455,-0.007481116,5.658775,8.389142,1603.283,20836.312,47720.082,29653.723,0.46280205,-0.12773111,3661,4,2,6
265966.1287128054,3355228.6448100707,-1,0,1076.369,12.930182,294.44397,-0.0036374277,4.329798,8.559338,1119.527,7324.616,42008.6,64226.4,0.40169832,-0.056957643,3661,2,5,7
289931.9820484046,3375896.361513669,-1,0,2413.369,30.141397,155.85443,-0.003504261,10.860882,8.7361765,1861.3153,27723.752,28368.441,78934.18,0.49525017,-0.17717583,3717,1,2,7
268472.52502393903,3348922.4199331524,-1,0,1094.0205,34.83618,254.876,0.0008010423,12.994793,9.25887,1068.4696,4570.0107,39802.938,69908.47,0.36020678,-0.035738602,3661,2,11,6
241103.85518923265,3340960.554984671,-1,0,1513.4391,20.53661,261.46924,-0.0020765804,7.05254,9.883714,1133.8514,5665.139,62896.516,57396.465,0.46599975,-0.13455844,3661,4,11,5
229684.35662879568,3377463.018793938,-1,0,1519.4297,35.778767,277.94348,-0.0063354364,13.231564,9.834222,1282.2892,15704.359,33174.727,21752.795,0.31424138,0.016513798,3661,2,11,6
304366.04109731613,3380230.094754247,-1,0,2402.3677,23.635967,74.74487,-0.0008241968,8.167246,10.225058,1898.792,26405.297,26462.773,92559.52,0.36710423,-0.02123309,3717,1,2,6
235517.8460452207,3371049.783278358,-1,0,1712.0079,20.346869,39.805573,-0.015561589,7.886705,10.139395,1214.5402,14684.536,35683.51,30316.441,0.44095322,-0.11259371,3661,2,2,9
299322.961686148,3376560.2924882434,-1,0,1928.2804,28.69158,328.73627,-0.003978271,10.738821,9.492377,1903.3744,24089.469,24170.076,88066.086,0.4639098,-0.13148402,3717,1,2,6
249114.11100780717,3364862.265952046,-1,0,1377.712,15.820505,312.27368,-0.028457327,6.3372364,9.851562,1212.4281,6772.629,37898.395,44877.594,0.36664087,-0.040269375,3661,2,11,9
239395.96278242127,3362491.6135900025,-1,0,1849.075,34.117058,202.10947,0.0073052715,12.702452,11.2183275,1301.0176,16156.303,42407.812,39019.85,0.47883388,-0.14577338,3661,4,2,6
288791.47331931675,3400292.523878371,-1,0,3987.324,41.63841,239.82649,0.0011382201,16.195032,11.002219,1557.785,18761.178,18714.188,76973.89,0.16639683,0.12935713,3717,1,11,6
268746.2803815679,3355352.613805663,-1,0,1529.0348,27.288364,197.74469,-0.0030922308,9.829175,9.851562,1178.8441,9535.491,39233.926,66499.016,0.42564067,-0.08425675,3661,2,2,6
283507.9784951896,3388610.695595179,-1,0,2123.176,28.546864,206.56505,-0.009511609,10.227324,9.851562,1655.0559,22196.012,22455.316,71139.54,0.28798768,0.053561766,3717,2,2,9
249823.72259300045,3356838.81762038,-1,0,1490.6179,15.770989,97.594635,-0.008503969,5.1727915,8.732528,1178.3715,8306.925,45749.92,50445.984,0.50855774,-0.18207338,3661,2,2,7
276356.20768170035,3375264.1606483045,-1,0,2120.0063,38.9072,246.44774,0.001696847,15.2616825,11.387335,1661.7272,21316.24,30413.184,65787.85,0.31183088,0.013135369,3661,2,11,6
261037.866005514,3365970.8371150973,-1,0,1296.084,36.49385,218.8845,-0.0055332957,13.1808815,8.508096,1193.0782,3975.173,36804.145,54547.65,0.42356443,-0.087901704,3661,2,11,6
244459.24081896705,3369470.592651152,-1,0,2075.7808,33.48501,327.65256,0.0010797038,12.308353,10.52635,1224.0265,8485.705,34378.844,38429.93,0.45042184,-0.10828956,3661,2,2,6
229996.97632646537,3359022.0631059525,-1,0,1300.9803,18.489758,351.8699,-0.0039336905,7.147131,9.851562,1524.5287,26123.479,48919.49,36205.656,0.49026245,-0.16178371,3661,3,2,6
301794.73226130626,3384235.569567723,-1,0,2757.2175,32.891396,113.19858,0.0026525662,12.352213,11.629835,1850.676,30918.584,30848.082,89630.94,0.34698525,-0.019417934,3717,1,2,5
237688.10210313447,3339908.4743559137,-1,0,777.1575,26.825535,237.99463,0.0022093914,9.062211,8.777319,1130.907,6338.012,64702.773,56702.26,0.44713485,-0.11826733,3671,3,2,6
253404.6163724852,3334662.9445128264,-1,0,501.75903,26.710604,104.036255,-0.0031227237,9.446556,10.096412,971.4777,9206.59,57870.242,69410.516,0.38579017,-0.034320723,3661,5,2,6
243845.3199290188,3344227.9918241035,-1,0,1442.1802,42.014645,48.366455,0.0010159566,15.747713,9.503624,1183.1703,8727.021,59132.29,56078.94,0.4907038,-0.15361989,3661,3,2,5
262930.225029211,3344075.108444964,-1,0,1290.5269,33.941185,301.2184,-0.0020285663,12.379269,8.729833,967.9439,2292.0078,46097.812,68738.055,0.27744433,0.0552414,3661,2,11,5
301307.9027518488,3374655.28639832,-1,0,1883.6702,14.02138,321.84277,-0.005898162,4.578415,9.851562,1911.6102,21718.46,21706.055,90339.96,0.35238433,-0.012523537,3717,1,11,9
282408.4263880469,3365364.202366825,-1,0,1509.2622,10.5521965,339.44397,0.003805015,3.604698,11.3675,1624.7281,18463.545,27969.748,74441.19,0.48890197,-0.15199171,3661,6,2,3
255700.463221458,3377782.4798226124,-1,0,2018.112,46.502445,354.09387,0.0047745174,17.881218,10.906808,1303.7136,5289.3286,24517.84,45184.63,0.28450152,0.053764958,3661,3,11,5
295846.29738674907,3411413.265236803,-1,0,5418.11,15.819794,339.44397,-0.0034958916,5.41494,9.577387,1588.3884,19918.496,23179.0,84020.19,-0.04206232,0.36951536,3717,1,9,7
271924.01003288926,3344292.1997713265,-1,0,836.7129,8.270747,36.869904,-0.022467613,2.7714043,9.851562,1100.4536,1783.3115,37310.28,75458.586,0.18810473,0.13130705,3661,2,11,9
281363.46313923853,3386726.220057507,-1,0,2128.8245,24.85055,118.61044,0.00076558074,8.964229,8.703736,1643.6805,22557.008,22682.074,69082.445,0.5021658,-0.18138978,3661,2,2,6
269653.8763573878,3361658.8279976714,-1,0,1112.4052,30.925247,72.645966,0.0037824672,10.99237,10.865634,1300.771,12004.02,39062.418,64184.945,0.49933875,-0.17184159,3661,2,2,7
289514.6415596619,3356835.5757235168,-1,0,1471.3251,23.391012,272.29062,-0.0018300677,8.050607,9.155861,1623.6626,9773.315,18658.941,84213.8,0.2752304,0.045177717,3661,3,11,9
244849.870582542,3347357.8035167605,-1,0,1408.7858,36.266296,293.9625,0.0037778553,13.913887,10.346043,1235.4778,11894.306,55870.824,54110.004,0.48520127,-0.15965278,3661,3,11,5
292704.63934024255,3352367.2020202684,-1,0,1168.1412,25.295805,196.69925,-0.011484729,9.270497,9.064641,1641.6232,4623.008,15334.751,88970.9,0.42421967,-0.09299705,3661,3,2,7
270688.310130618,3380315.074455505,-1,0,1429.4979,26.078535,249.14555,0.007876855,9.762633,10.846096,1525.3893,19305.672,23861.277,59201.742,0.3432897,-0.0049914164,3661,3,11,6
279502.08468782896,3353728.958972125,-1,0,1112.1807,11.451605,261.25385,0.002736527,4.000237,8.176259,1374.3116,6532.052,28451.098,76600.11,0.3729344,-0.04147431,3661,2,11,6
294246.0655673261,3391530.9354620283,-1,0,2551.264,22.938177,22.619873,-0.004911104,7.9755683,7.495273,1719.1079,27840.375,27964.047,81854.625,0.28978044,0.03512847,3717,2,11,6
279774.6199929569,3393281.1817276417,-1,0,2802.652,21.250908,92.60257,-0.008651403,7.399906,9.12449,1529.0823,16223.282,16479.262,67430.92,0.30638936,0.025524149,3717,2,11,7
278044.10480335704,3366257.5008608424,-1,0,1189.2328,36.97214,63.434937,0.0033451018,13.748598,10.162827,1549.3638,19031.797,32332.746,70037.72,0.50419533,-0.1721542,3661,3,2,6
283764.1967197495,3388148.533124271,-1,0,2267.516,20.041382,98.53076,-0.0024069012,7.0400386,8.639507,1666.03,22720.178,22978.201,71414.125,0.41363475,-0.07946889,3717,2,2,7
232624.92296495257,3378402.694480907,-1,0,1829.0754,33.035877,27.897278,0.008516166,12.820635,11.439062,1217.4692,12640.479,30678.586,23655.031,0.3649805,-0.016925577,3661,2,11,5
266702.2397452487,3362729.642615308,-1,0,722.86475,31.648586,249.67688,-0.002010958,10.851804,8.923559,1257.3265,9524.73,40499.66,61070.953,-0.00431292,0.36611053,3661,2,1,10
238202.16785828373,3371728.197589752,-1,0,2240.364,29.898838,280.61966,0.0028412123,10.865243,10.023064,1198.775,12255.448,34008.977,32007.828,0.2614258,0.05207557,3661,2,11,5
304577.1554838193,3365556.3831709293,-1,0,1457.1783,15.734723,343.61047,0.002411612,5.3323994,10.863956,1918.284,12093.904,12042.861,95538.81,0.21185546,0.115179524,3717,8,5,7
258774.65772816885,3377475.255515386,-1,0,1384.229,35.768005,1.468811,0.004819085,11.99247,9.692174,1333.2185,7638.409,25092.797,48219.086,0.36833116,-0.043699007,3661,8,11,5
260619.14956919503,3349728.477262596,-1,0,675.305,33.470837,171.86987,-0.005613807,13.028357,8.518031,919.39075,518.6521,47530.39,63248.98,0.48741663,-0.16052225,3661,2,11,7
249272.4190092813,3340183.256250087,-1,0,1071.8801,47.53035,67.671326,0.0017193954,20.020012,9.928558,1038.2146,6891.415,60280.863,62516.914,0.56999373,-0.25463873,3661,3,2,6
282188.5682998593,3394926.101461427,-1,0,2905.765,38.011566,198.00417,0.00052575616,14.476585,10.495673,1545.778,16552.105,16794.672,69919.89,0.4477126,-0.12474653,3717,2,2,7
294239.8438866224,3408979.6123641985,-1,0,5342.2837,18.381416,119.35776,-0.0052288887,5.8880277,10.245074,1574.3921,19374.297,21920.02,82283.03,-0.022147004,0.35175848,3717,1,9,6
225565.83369547845,3382467.907579906,-1,0,1982.2325,29.629196,325.7843,0.010222913,11.033353,11.558307,1429.8416,13606.84,32369.691,15508.868,0.3509601,-0.021820007,3661,2,2,5
276663.5707720292,3363167.149933665,-1,0,2088.1135,36.042637,127.14667,-0.0016531566,13.635012,10.449887,1470.2637,16061.363,32611.658,69902.31,0.48190686,-0.14462522,3661,3,2,6
289952.6137835768,3351549.848966785,-1,0,1329.2734,24.993954,196.92752,0.006651155,9.430172,11.173349,1570.4062,4675.3076,18163.285,86862.805,0.44215947,-0.10746238,3661,3,2,6
268945.54779348575,3382172.5194371208,-1,0,1589.9642,37.41234,60.255127,0.0051462064,13.690118,10.259612,1471.7439,18836.637,21680.021,57183.758,0.54874027,-0.2377188,3661,3,2,6
237301.1495329417,3383222.411327724,-1,0,2107.616,36.997288,342.47443,0.003540804,14.024485,11.381912,1253.663,6592.071,24080.002,25997.342,0.4504164,-0.11006446,3661,2,2,6
240652.2745199919,3367556.50874231,-1,0,2233.1807,29.101204,39.2894,-0.01374706,10.694522,9.4285965,1243.1564,12577.095,37190.87,36499.83,0.3851574,-0.04716141,3661,2,2,7
277491.4350007669,3357187.7614384945,-1,0,1608.9934,44.840168,252.89728,-0.0035243996,19.2021,8.994679,1389.5033,10024.515,30628.674,73200.07,0.4566556,-0.1302458,3661,3,11,6
254941.43896228715,3373926.0534080374,-1,0,943.18884,26.904814,154.44,-0.0051842453,10.145243,8.498009,1268.4231,2628.8018,28370.213,45724.5,0.38243082,-0.056746017,3661,2,11,7
219683.3277584732,3383088.695687494,-1,0,2081.0293,30.11271,231.07246,0.01455236,11.424566,11.688739,1541.7759,8030.3984,36663.98,10509.472,0.4129945,-0.07811894,3661,2,2,3
236974.33663684168,3358362.17279444,-1,0,1443.5096,23.166399,333.43494,-0.008980349,7.715011,8.671836,1381.6293,20375.225,47068.574,40588.992,0.32764316,0.018303586,3661,3,2,10
252205.31225354268,3335450.229061344,-1,0,643.4507,37.131447,0.0,0.0020977827,13.488185,9.396766,976.00525,7970.0566,58748.82,68066.0,0.43091035,-0.091478124,3661,3,2,6
268078.2606882869,3389927.9634858062,-1,0,2281.272,24.658516,198.43495,-0.0067020077,8.146354,8.185468,1373.4554,13760.818,13899.82,55684.785,0.40147084,-0.06481583,3661,6,2,7
275483.38437601534,3348824.5573306065,-1,0,1201.1206,26.569283,186.51982,0.0063850703,9.391619,10.630213,1211.0225,2828.7454,32877.445,75702.93,0.4755788,-0.14933367,3661,2,2,3
269312.94356257847,3347920.729543843,-1,0,1248.6016,28.722584,243.43497,0.011531883,10.716579,10.79393,1080.4412,4802.3433,39112.312,71180.01,0.28729802,0.043252677,3661,2,11,5
306462.16632358107,3414707.7113373377,-1,0,5776.771,40.30769,240.42216,-0.00039343696,16.35205,9.993518,1692.2292,29443.459,33719.957,94873.09,-0.038725957,0.34531927,3717,8,9,6
299297.340332758,3368454.5075933565,-1,0,1449.898,20.020779,29.744873,-0.0014459259,6.8330545,7.922355,1867.8414,16511.344,16863.467,89693.33,0.5480266,-0.23340803,3717,1,2,7
285317.0172773757,3399711.236026482,-1,0,4064.296,43.128815,268.89832,-0.007494563,16.919138,9.91253,1524.1724,15897.554,15952.357,73479.445,0.15732692,0.15037696,3717,2,11,6
265126.75539436855,3348730.3390031136,-1,0,1027.5009,19.037832,348.11133,-0.0009335331,6.5475883,8.578596,1000.6229,2044.8228,43150.566,67368.97,0.19852495,0.13442765,3661,2,11,6
216230.04565585664,3379308.414200316,-1,0,992.1897,30.55343,210.65068,-0.016507093,11.900383,9.851562,1641.0342,4254.6562,41665.797,11978.789,0.46243727,-0.13020664,3661,3,2,9
276499.4271984,3357479.200874466,-1,0,1436.2577,37.601048,325.61966,0.004098807,14.4609585,9.902598,1373.612,10477.881,31654.092,72178.41,0.47186327,-0.14749017,3661,3,2,7
292042.99640897184,3355719.8810209394,-1,0,1927.8494,27.672098,272.0454,0.009034844,9.349374,10.8356,1660.7725,7959.8115,16004.864,86976.58,0.3546399,-0.038694117,3661,3,11,3
242790.61183245617,3360207.2729272507,-1,0,1732.207,36.207253,305.36246,0.0015608323,13.008419,10.3549385,1280.4642,14429.154,43782.062,43027.46,0.43165478,-0.09095404,3661,4,2,5
268563.97371592914,3350549.893244233,-1,0,1045.5309,28.033316,294.77515,-0.0045497064,9.640132,9.747588,1096.6729,5681.1445,39539.06,69020.875,0.48366705,-0.15480019,3661,2,2,9
225126.4301969884,3375308.235376575,-1,0,1934.935,33.43802,166.37299,0.0040146066,12.733178,11.147943,1436.2461,13973.907,37738.98,19941.8,0.21310619,0.14728911,3661,4,2,5
266349.92882190493,3372346.959780967,-1,0,1634.4685,15.627902,14.931427,-0.01075475,5.467074,9.063548,1407.0244,11060.3125,30907.18,56972.438,0.25449446,0.06377179,3661,8,11,9
301997.8844631696,3374075.361115495,-1,0,2306.3792,24.749657,197.74469,-0.0034845108,8.874119,9.851562,1913.5591,20981.768,20944.92,91122.93,0.38119593,-0.047825634,3717,1,2,6
278432.36782675755,3390857.142466365,-1,0,2831.7666,48.769344,248.55228,-0.006524366,21.665733,9.668501,1538.3888,17488.262,17610.225,66040.305,0.3613517,-0.029907258,3661,2,11,6
283837.5347500589,3368177.0622463766,-1,0,1748.282,21.973854,82.23483,-0.0040770373,7.724551,9.851562,1700.5026,21478.885,27989.541,74893.42,0.39538613,-0.051314346,3661,1,2,6
310453.2400992687,3367095.4820785318,-1,0,1429.8218,20.189182,342.47443,-0.00047092023,6.812531,9.687202,1926.244,12491.678,12574.657,100852.9,0.0,0.33333334,3717,2,5,6
275509.2486962325,3385557.5652932427,-1,0,1409.5146,32.920628,253.81079,-0.0033740876,12.008214,9.018314,1553.8336,20517.996,20756.62,63315.734,0.44245273,-0.11798071,3661,2,11,9
283419.4030349447,3349741.8849457484,-1,0,977.0249,29.003826,202.47945,0.0033080594,10.189841,10.146772,1389.5541,4101.1465,24903.598,81965.16,0.36137772,-0.034277916,3661,2,2,5
255307.39523091092,3363914.7558464142,-1,0,1298.2579,28.763721,320.19443,-0.0036833885,9.664934,9.935794,1164.7051,1870.0,38380.63,50565.113,0.3161741,0.010970082,3661,2,11,6
256433.8590474368,3378316.5271579786,-1,0,1695.2035,27.403997,185.90616,-0.0006451761,9.867649,9.340133,1308.4176,6189.7095,24007.986,45736.17,0.40151477,-0.08433193,3661,3,11,7
293815.6690228251,3399762.30462552,-1,0,3594.2144,31.864391,335.69547,0.00039545223,11.596454,10.872687,1624.0292,23635.223,23531.727,81926.95,0.2648998,0.06302374,3717,1,11,7
267574.55367410305,3368360.6037317244,-1,0,1319.8239,36.94763,43.025055,0.002335502,13.195577,10.310023,1367.2837,10818.143,35032.47,59515.734,0.4808904,-0.14033614,3661,3,2,5
239494.68193002205,3374044.6915166248,-1,0,1959.8397,40.335728,68.459015,-0.002059711,15.893173,11.4921875,1176.4393,9732.76,31391.701,31790.477,0.5347963,-0.21122122,3661,2,2,5
234288.278142618,3372276.9221089077,-1,0,1778.5977,22.108006,39.472473,-0.005702975,7.392818,9.260933,1229.0433,14765.216,35110.78,28583.148,0.34376866,-0.014796365,3661,2,11,6
256724.3368386067,3362511.159978577,-1,0,1097.0676,23.23867,119.24884,0.0062311497,8.305788,10.946355,1136.6559,440.0,39813.793,52512.582,0.4375432,-0.09502043,3661,2,2,5
230065.2150313427,3358199.1363105443,-1,0,1053.1823,39.924374,116.56503,-0.000365644,15.281922,10.011257,1534.1633,25857.441,49636.8,36957.82,0.51967436,-0.18990391,3661,4,2,6
212807.51114476117,3379136.532447024,-1,0,882.724,30.617966,62.650116,0.0050014565,10.504809,10.280826,1731.2327,1445.3374,44579.18,11527.294,0.5291737,-0.20822918,3661,3,2,6
308480.0904075235,3414235.9074286083,-1,0,5431.1626,38.572998,285.9454,-0.0011498458,15.410338,10.809455,1715.7589,31500.225,35716.477,96831.16,-0.03294513,0.34812406,3717,8,9,5
301077.3926125509,3385465.3707161504,-1,0,2677.1523,42.168354,294.44397,0.0048227585,17.96334,11.639857,1835.0527,32298.965,32202.25,88832.33,0.3459215,-0.011309303,3717,1,2,6
254221.46374128992,3347041.9456087085,-1,0,1630.3192,24.68649,65.55603,0.0031726381,8.627664,10.780366,1017.98627,5828.9277,54176.348,60435.53,0.35021684,0.0046665743,3661,3,2,6
306368.03745263425,3379492.423631989,-1,0,2359.1775,40.57402,181.27304,0.0038519548,16.223728,11.04858,1915.3766,25297.914,25507.812,94631.55,0.5331252,-0.21728316,3717,1,2,6
304360.16682369565,3372238.451486147,-1,0,2221.676,22.386566,54.162354,-0.0003269275,7.6140637,9.851562,1924.9255,18686.55,18588.088,93786.66,0.4122211,-0.073873706,3717,1,2,7
239149.1568617888,3369936.702551175,-1,0,1993.9641,36.940178,305.2176,0.0010887876,12.692214,9.799169,1221.296,12405.39,35373.44,33836.09,0.32638848,0.006379848,3661,2,2,6
251197.3501452589,3365901.150246535,-1,0,1464.8749,30.792282,253.49564,0.00589557,11.417951,11.001439,1205.064,4536.573,36594.15,46027.14,0.37239444,-0.04054201,3661,2,11,5
243885.7706978796,3377849.574072129,-1,0,1261.4927,41.212414,108.43494,-0.004332499,15.729719,8.037597,1193.3792,3924.9585,26405.969,33995.824,0.347437,0.005518375,3661,2,2,7
294788.2294910803,3385201.47551237,-1,0,2892.944,13.811331,116.56503,0.004876075,4.426097,10.628603,1791.6368,32306.098,32515.012,82570.72,0.45899552,-0.13725139,3717,1,2,6
243987.76874292493,3352461.0506385006,-1,0,1376.7391,22.989782,33.690063,0.005273436,8.210802,9.633028,1295.2739,14736.163,51044.82,49569.83,0.46157905,-0.13382627,3661,3,2,5
226034.5913630764,3390667.3970845547,-1,0,1853.4551,24.15754,221.42366,0.0021071832,7.9032655,10.7709465,1482.616,16911.594,27289.926,13640.004,0.31449854,-0.0019730201,3661,2,11,6
246257.7150960969,3359270.555819116,-1,0,1181.663,35.814976,206.00336,0.008257882,13.680665,10.584736,1237.1775,11071.44,43910.824,46171.76,0.413586,-0.08248498,3661,5,11,5
233897.26037231824,3386366.14542135,-1,0,2001.3505,28.618269,233.47115,-0.010313396,11.101893,9.851562,1357.1838,9217.076,23659.873,21925.783,0.35785022,-0.0121125765,3661,2,2,7
259920.20963885623,3345258.5084749423,-1,0,1269.3583,15.981401,156.80139,-0.004865651,4.7494535,10.503532,918.0229,3602.5686,48824.996,65721.46,0.35943392,-0.009489364,3661,2,2,7
292666.7890102399,3386321.8135102354,-1,0,2288.5608,41.56178,140.79279,-0.0007727252,15.664551,9.740633,1763.6804,30009.611,30222.074,80387.24,0.5661235,-0.2596951,3717,1,2,5
288780.7060278507,3388980.0033517666,-1,0,3433.766,36.866318,259.69516,-0.008586421,15.958563,10.074966,1700.985,25399.787,25616.951,76408.47,0.33300245,-0.0045561823,3717,6,11,7
258581.0634434161,3383033.962474604,-1,0,1458.8992,42.354263,344.84595,-0.00094146037,16.9986,9.397695,1296.2898,10959.713,19575.434,46815.945,0.32022783,0.003820891,0,8,11,6
265687.3571368561,3366754.40330239,-1,0,2063.1074,35.594086,233.1301,0.0037937432,12.715704,10.933063,1301.9152,8688.936,36395.793,58408.15,0.4042161,-0.069093324,3661,3,11,6
254504.13531122784,3363958.269453411,-1,0,1571.0729,15.351522,304.69516,0.007859325,4.987205,10.531471,1170.918,2670.0,38333.945,49861.23,0.11257024,0.21855636,3661,2,7,3
304089.71356722043,3406291.61212026,-1,0,3695.7654,27.635416,12.528809,-0.0041011157,10.261047,9.445079,1704.3257,29484.707,31992.926,92071.52,0.15485358,0.15104488,3717,1,11,9
267718.45941578125,3345135.5846633785,-1,0,1615.4072,8.62097,318.36646,0.011158495,3.7185102,11.435467,1040.5427,2595.1492,41201.7,71646.94,0.30514264,0.02492337,3661,2,11,2
266016.14745453646,3357306.7698687376,-1,0,1568.8448,18.063025,295.2011,0.0016927703,5.757772,8.285508,1154.5377,7557.566,42071.992,63145.28,0.39711264,-0.06731034,3661,2,11,7
253724.9855019094,3334392.063071686,-1,0,688.6999,12.821576,144.46231,0.024379442,6.646541,10.427428,970.6238,9444.003,57659.875,69817.49,0.38457167,-0.037036967,3661,5,11,3
285091.04828763247,3388176.9354373105,-1,0,2647.5461,19.458506,198.43495,-0.008755851,6.225364,8.711988,1681.2534,23514.934,23791.229,72742.28,0.35998505,-0.021826252,3717,2,2,6
268680.61333655915,3340384.464214276,-1,0,623.70636,31.810596,213.23172,-0.0021865624,11.320067,8.188457,1033.7653,740.0,41558.305,75476.1,0.39867178,-0.06032388,3661,3,11,7
302967.8323118091,3361370.824086484,-1,0,945.23944,32.00299,172.875,-0.021335807,11.923248,7.2498064,1888.9196,8548.053,8916.962,95188.39,0.2787839,0.07762103,3661,1,2,9
237539.2907571219,3385009.359015606,-1,0,1900.5557,17.47402,100.61966,0.01574433,6.5217547,11.343792,1295.9929,5959.6055,22451.56,25767.072,0.35333294,-0.032532945,3661,2,11,5
236426.87328138825,3380369.457906982,-1,0,2098.5303,29.815966,196.69925,-0.0054401145,10.765334,9.925039,1180.9106,8363.791,26975.102,26140.486,0.48455098,-0.15716879,3661,2,2,9
274332.2202790638,3379045.524260928,-1,0,1207.359,31.53263,121.82745,-0.021030143,10.967922,9.22484,1610.9951,21375.803,26157.686,63020.54,0.40861404,-0.07595405,3661,1,2,9
258080.2146774105,3376915.118703661,-1,0,1542.4631,31.261776,318.36646,0.0107353665,10.889501,10.630071,1329.9697,6761.871,25555.518,47704.562,0.2900767,0.032810632,3661,8,11,5
218741.49631028663,3389410.932160196,-1,0,1916.1183,35.535152,268.5679,-0.006049217,12.934537,9.42231,1526.5063,11178.412,34382.066,6471.8623,0.29036626,0.023759024,3661,2,11,6
253717.85700969488,3347600.0858711936,-1,0,1684.6671,46.575348,326.97614,-0.0013532275,19.522612,8.903693,1032.5569,5935.6973,54613.938,59678.355,0.4193052,-0.07865136,3661,3,2,6
257356.99849228127,3346339.7643235,-1,0,1496.2942,9.246003,5.1944275,0.016211463,3.414003,9.153647,947.27563,4115.264,51173.523,63132.113,0.46758425,-0.12738079,3661,3,2,6
296891.94267009245,3399692.416172956,-1,0,2923.9128,32.964405,97.125,0.0022431659,12.126495,9.700028,1661.3899,26579.902,26445.09,84981.125,0.25001973,0.09905553,3717,1,2,6
296852.2488861958,3412655.0492293816,-1,0,5155.087,28.033361,5.527527,0.007188012,9.808846,11.618035,1596.829,20466.191,24106.807,85119.31,-0.015219996,0.34292132,3717,1,9,6
298830.59234100475,3413110.361281578,-1,0,4797.161,9.329578,353.65982,0.015150196,3.163485,12.343219,1617.3059,22248.223,26073.713,87130.56,0.00013835018,0.3223465,3717,8,8,7
306469.84529075614,3415303.68172445,-1,0,6017.282,28.24036,115.64099,4.7768324e-05,10.349568,12.560904,1689.2997,29370.53,33745.406,94930.58,-0.011539286,0.34348744,3717,8,9,3
234057.81096859695,3363516.178832256,-1,0,1918.9701,34.09799,154.9831,0.0036103134,12.364835,11.157768,1363.4762,20272.0,43181.414,34731.516,0.37266383,-0.023852939,3661,3,2,6
264762.5684297064,3379042.6653878293,-1,0,2007.8091,32.170242,144.46231,-3.3795583e-05,11.454377,10.614784,1423.5741,13698.153,24075.426,53643.652,0.36359298,-0.026564328,3661,3,2,6
304135.37001167185,3376325.0955106528,-1,0,2276.474,10.203704,118.61044,0.024449436,4.0838313,11.704127,1927.005,22670.51,22637.283,92853.984,0.43678585,-0.09770455,3717,1,2,3
214529.188287929,3382095.537974526,-1,0,1757.6354,37.651722,84.427795,0.0022111528,13.447093,10.483129,1650.9883,2937.7712,41547.867,8830.73,0.3552048,-0.00417913,3661,2,2,3
305491.3592777855,3412315.753064353,-1,0,4982.2363,31.330286,197.35403,-0.011286742,11.8201885,9.851562,1693.4708,28911.467,32753.48,93709.19,-0.04536767,0.3747354,3717,1,9,9
236228.32497854007,3369376.968071706,-1,0,2010.2075,25.94192,240.01837,0.0019004887,8.930116,10.851184,1230.1278,15214.115,36927.7,31948.512,0.3745299,-0.041885816,3661,3,7,6
269025.94991433463,3388032.6836902634,-1,0,2176.946,27.515215,329.42078,-0.004448699,9.567206,9.761044,1410.1193,15852.748,15968.798,56691.04,0.46914434,-0.1410245,3661,3,2,9
230891.46120032427,3372431.803584578,-1,0,2170.3274,41.415215,152.40271,-0.0053200945,15.457142,9.292476,1317.5525,17215.371,36628.574,25972.734,0.39492336,-0.046633154,3661,4,2,6
281382.0298192182,3375464.16647069,-1,0,1449.6284,26.392756,135.0,0.010555134,9.211687,9.958779,1769.1105,26064.094,32443.55,70644.6,0.5282954,-0.20182806,3661,1,2,5
296587.18650841113,3374139.856511242,-1,0,2373.8596,29.007051,199.02562,0.003560347,10.650942,10.890779,1881.0956,22813.691,23145.25,85795.484,0.43454728,-0.101285584,3717,1,2,5
293944.6910838518,3370720.3729237807,-1,0,2530.1404,26.441734,306.02737,-0.011905762,9.037783,9.851562,1833.257,21189.795,21829.055,83952.41,0.4744232,-0.14835522,3717,1,2,7
280643.77591084025,3381994.4748970848,-1,0,2578.951,15.852768,171.25385,0.012946641,5.703945,11.403266,1694.3945,26161.5,26330.484,68798.484,0.43943703,-0.11514645,3661,2,2,3
300896.0046724637,3410423.500821256,-1,0,4879.5693,37.05136,158.19861,-0.0006820754,14.580888,11.646271,1649.227,25000.01,28303.602,89002.08,-0.04000429,0.3689188,3717,1,9,5
302685.60687838343,3385006.6477892227,-1,0,2940.594,34.801727,174.95752,-0.012087956,12.570746,10.289543,1850.5935,31444.797,31447.105,90466.6,0.30796024,0.03729959,3717,2,2,9
219585.9700740389,3388203.004898541,-1,0,1523.6587,29.775217,338.1986,-0.0009172542,10.834732,8.955399,1524.929,10792.822,34149.88,7599.1904,0.41672128,-0.098370366,3661,2,11,6
254720.60133951216,3332401.245526962,-1,0,889.86664,26.59277,238.67131,-0.0023243872,9.32008,7.8378863,967.6717,7424.453,57438.047,72014.28,0.39448708,-0.061061803,3661,4,11,7
288047.5281602555,3392941.7030269974,-1,0,3107.0786,37.615086,317.81555,-0.0033472716,13.853237,10.481286,1643.864,22100.062,22300.467,75684.35,0.3474251,-0.017338565,3717,2,11,6
291619.41112711065,3392768.4720204268,-1,0,3185.563,25.178848,112.61987,0.0044361176,8.352574,9.157632,1680.2886,24982.605,25124.102,79248.09,0.27088836,0.07558613,3717,2,2,6
272762.394465163,3359599.1849173093,-1,0,1403.5178,26.622751,278.42697,0.0013209594,9.429458,9.508558,1331.3054,13544.686,35635.945,67891.53,0.43507108,-0.099152364,3661,3,2,6
222333.15572973253,3386760.851384434,-1,0,1584.8165,8.465075,216.8699,-0.014950981,3.3216207,9.851562,1497.3495,12032.078,32448.42,10677.715,0.46966562,-0.14870878,3661,2,2,9
248997.78835054848,3370175.784210114,-1,0,1550.2115,32.326435,162.75854,-0.004070916,12.70504,8.485882,1224.6647,4340.795,32686.664,41945.203,0.5098044,-0.18076037,3661,2,2,6
268645.35021035525,3356621.4894689308,-1,0,1938.6799,22.366188,275.19443,0.0018140476,7.5007377,10.24131,1197.5387,10075.838,39398.55,65747.88,0.4371369,-0.110470824,3661,2,11,6
233946.14366891317,3363325.337111472,-1,0,1868.1776,26.007936,131.82016,-0.012995623,9.5749855,10.001536,1368.9594,20474.008,43398.96,34812.04,0.42317128,-0.07559817,3661,3,2,7
240943.079566667,3343521.596439447,-1,0,1043.0596,17.414843,202.61987,-0.011521876,5.733286,9.851562,1210.0524,8207.313,60440.094,55111.543,0.41324368,-0.07324853,3661,4,11,9
257809.46211139488,3350911.3029249124,-1,0,895.206,33.11773,280.008,0.002574601,12.643351,9.39188,956.5733,990.05054,50243.875,60350.07,0.36492163,-0.037048362,3661,2,11,6
264019.4845289692,3353587.0110527254,-1,0,976.48706,25.118889,87.79739,-0.0003030167,9.056435,8.811325,1052.5142,5313.3984,43941.727,63551.625,0.31143624,0.044003826,3661,2,2,6
300590.89290684625,3383974.821768992,-1,0,2446.1128,37.92302,329.65674,-0.0052569103,13.8088255,10.706694,1844.5685,30938.734,30862.658,88453.36,0.4383681,-0.099093094,3717,1,2,7
273900.02375716885,3363702.550010472,-1,0,1721.5426,26.665752,65.55603,-0.00489747,9.918439,10.042832,1421.7124,16644.053,35419.797,67149.77,0.55645025,-0.24637605,3661,3,2,9
255287.53060858636,3331996.119351519,-1,0,1183.3605,34.16476,105.42215,-0.0030548181,13.19019,9.176074,970.07086,6730.6016,57076.168,72675.45,0.416231,-0.051461913,3661,3,2,6
291799.55265977554,3375137.807958536,-1,0,2634.609,24.99593,142.125,0.0019939926,8.683513,10.416123,1862.3728,26051.496,26625.01,80902.59,0.44756204,-0.12460876,3717,1,2,7
225364.1354432357,3358976.629142912,-1,0,850.98834,40.54416,189.86581,0.002038693,16.053196,9.197613,1633.1927,25195.383,51038.33,34232.195,0.44056535,-0.0949083,3661,3,2,6
234555.3332829676,3374446.503622808,-1,0,1584.5618,31.01328,244.23068,0.0016465612,10.9050045,10.821986,1189.9596,13108.185,33058.35,27455.959,0.31861013,-0.016538758,3661,2,11,6
304024.82617073023,3374331.471195493,-1,0,2183.2085,17.353659,341.56506,-0.011629327,6.2191715,8.478946,1926.188,20786.777,20702.02,93073.766,0.2886554,0.04262693,3717,1,11,7
284682.3145762414,3358299.593943744,-1,0,1724.7639,40.270695,350.75388,-0.0036880374,14.864839,9.0541315,1553.7622,12200.037,23667.6,79202.36,0.33142245,-0.019126622,3661,3,11,7
282055.5859848463,3374364.00945328,-1,0,1987.6364,27.95518,187.85333,0.0032958311,10.217503,9.377696,1764.9565,26353.066,32956.855,71541.63,0.40887964,-0.069371715,3661,1,2,5
249759.03537368373,3370320.2142460244,-1,0,1581.8306,27.062061,27.552795,0.0027298986,9.267684,10.809,1225.8331,3578.058,32406.34,42538.043,0.4843444,-0.16280946,3661,2,2,5
279337.1581367596,3368608.8773193574,-1,0,1626.7706,31.99752,180.0,-0.00667259,11.9872265,10.194193,1614.5098,21377.6,32142.516,70478.125,0.50015634,-0.16980343,3661,1,2,6
237799.3670808384,3374794.665430686,-1,0,2384.2349,41.7514,107.281494,-0.0019362111,17.56304,9.342454,1157.0692,10480.458,31336.742,29950.238,0.41203514,-0.06870277,3661,2,2,6
309565.7933325336,3406682.4470798657,-1,0,5128.192,4.03833,213.69008,-0.00029410666,1.2788987,11.425841,1755.2412,34424.41,37391.555,97554.336,-0.042495243,0.36962333,3717,8,9,7
248030.9003430685,3338135.0749333045,-1,0,474.3952,29.551828,231.63252,-0.0035930518,10.1531925,8.342697,1018.2423,4632.7637,61980.875,63479.215,0.4824803,-0.15001112,3661,3,2,9
229815.94196894023,3379184.4132343493,-1,0,1814.3484,48.939064,141.34018,0.0021560588,20.909966,10.161123,1301.2874,14963.904,31750.887,20862.568,0.47802317,-0.1620408,3661,2,2,6
287740.26063318213,3371173.6251810184,-1,0,2144.1414,26.663788,139.1849,0.00015611773,9.072017,10.248168,1784.7799,23920.271,26531.873,77829.83,0.4770087,-0.1450502,3661,1,11,6
258810.35814839456,3389175.7326569995,-1,0,2107.0078,21.358015,254.35776,-0.0059708618,7.8326783,9.257479,1258.0718,13851.996,13638.658,46443.906,0.40736482,-0.065988004,3661,3,11,7
258079.99698495932,3367820.889885785,-1,0,1084.4186,21.969265,187.43141,0.005122377,7.6226482,9.764203,1201.9474,1632.4828,34599.438,51071.793,0.15059698,0.17972408,3661,2,7,6
248796.0236526571,3353428.564735913,-1,0,1189.5629,27.048883,177.95459,-0.0050698887,9.29575,7.7549586,1186.8329,9892.644,49259.383,52067.58,0.40029836,-0.06434714,3661,3,11,7
233334.4012116508,3365956.090420893,-1,0,1653.3925,28.705856,230.44034,-0.0049021672,10.240282,9.469271,1345.7886,19448.057,41228.05,32389.314,0.41523442,-0.08873474,3661,4,11,7
275538.34145250666,3372608.3833388044,-1,0,1883.7706,8.070624,251.56506,0.028357506,3.2670567,11.568383,1601.3955,19607.754,32616.148,65669.34,0.46648303,-0.12854081,3661,3,2,3
248023.9339409436,3370221.128133633,-1,0,1305.5177,37.282627,274.96973,-0.005656694,13.986657,9.662853,1223.8387,5199.1157,32831.477,41076.64,0.49211818,-0.17336972,3661,2,11,7
245282.6019884302,3337873.03795289,-1,0,1279.5134,19.673283,283.24054,0.013044232,6.769743,10.93076,1027.195,2610.4788,64707.504,62197.56,0.48603588,-0.16033807,3661,4,2,2
294292.7977371882,3349964.009320567,-1,0,1240.4865,25.216343,257.4712,0.015120205,8.918452,10.7557955,1656.9962,1779.2415,14239.242,91455.45,0.46317542,-0.1302237,3661,3,2,3
292967.13787984906,3401560.0519420207,-1,0,4656.5825,37.94011,311.42368,0.0019272532,13.885174,10.960294,1593.4052,22278.533,22124.162,81058.37,0.10527342,0.21633369,3717,1,9,5
287772.54703383206,3362467.95006157,-1,0,1454.7848,17.308737,100.61966,-0.006548334,5.822337,10.163081,1666.1564,15674.403,21893.205,80478.695,0.2240443,0.109753475,3661,3,11,9
214481.6353366486,3389897.080180855,-1,0,1127.8488,33.71265,107.52557,-0.0008824646,12.859335,9.190911,1553.3792,9781.462,38120.074,2223.893,0.2088659,0.10140433,3661,3,2,6
221848.6541775122,3391438.33055593,-1,0,1817.4938,22.808266,7.765167,0.0034027477,7.8353076,9.8882885,1503.0914,14708.29,30724.656,9482.136,0.39065212,-0.071380086,3661,2,11,5
225047.9074537751,3363989.845908325,-1,0,1219.9243,27.783466,310.36453,0.0042446717,9.702102,9.78954,1578.2513,20899.793,46885.062,29517.984,0.44991526,-0.117147185,3661,3,2,6
302770.3545620766,3403887.30715535,-1,0,4014.8516,28.833605,105.42215,0.007647618,9.3874035,11.099423,1697.5575,29284.617,31111.621,90779.055,0.19090852,0.10394213,3717,1,11,7
225107.7261570785,3377930.1857658075,-1,0,1241.6672,27.933325,256.42957,0.0066518555,10.376658,9.342326,1409.2656,13224.617,35826.496,17988.803,0.30938035,0.005699546,3661,2,11,6
258117.0009914052,3344585.7038942,-1,0,1864.7946,34.4259,95.04245,0.0017179468,13.038249,10.662228,936.53436,5150.398,50718.69,64912.9,0.3777955,-0.024802608,3661,3,2,6
280402.78118413023,3396461.9907627106,-1,0,2710.624,31.587748,132.51044,0.0016362335,10.781514,9.920808,1497.121,14210.718,14472.335,68256.87,0.43205926,-0.106854126,3717,2,2,6
247468.54211685056,3356865.559433692,-1,0,1675.4343,36.123394,160.64099,0.0025970587,14.141208,11.244035,1218.6787,10477.881,46059.668,48706.723,0.47210526,-0.13358289,3661,4,2,5
244519.89893503475,3349309.64800529,-1,0,1638.7831,34.0501,105.52411,0.0014576898,12.626931,11.021799,1287.5454,13826.688,54018.258,52359.496,0.44253537,-0.098084785,3661,3,2,5
296277.95032983844,3370410.7167386063,-1,0,2442.64,33.609295,293.80594,0.0026628375,12.493727,9.09427,1851.2256,19659.26,20158.553,86289.73,0.3992586,-0.06696485,3717,1,11,6
256833.48260782412,3358896.987430265,-1,0,1202.5394,16.935854,284.03625,0.0036727497,5.550023,10.622445,1088.2007,1051.0947,43425.277,54622.44,0.37598822,-0.050887097,3661,2,11,3
279525.5766220448,3390976.521279238,-1,0,3125.5662,17.929148,306.25385,0.00902894,6.102768,11.516221,1555.1367,17986.8,18161.258,67130.766,0.3538338,-0.021092761,3661,2,2,3
285227.6726435023,3395296.474062169,-1,0,2761.9526,35.486195,316.16913,-0.00055030745,13.383581,9.246631,1584.202,18424.777,18626.71,72977.66,0.41823173,-0.09009342,3717,2,2,7
297664.37167551,3399518.2079089764,-1,0,3294.7969,46.116886,213.11136,-0.010867648,20.300283,8.504332,1672.2332,27365.559,27228.387,85729.06,0.33349088,-0.0068457164,3717,1,11,7
298439.0408974973,3368622.211677363,-1,0,1576.6644,17.3148,75.06857,-0.0022727412,5.733525,7.431581,1859.9781,17045.217,17463.104,88818.04,0.22974135,0.09610672,3717,1,11,7
297554.4238694503,3394215.0695362627,-1,0,3198.173,28.857397,264.09387,-0.007663441,10.53721,8.53559,1723.413,29281.207,29289.281,85233.97,0.3419342,-0.003425163,3717,1,2,7
274071.744449995,3350831.496137849,-1,0,939.5418,22.704086,249.14555,-0.001977693,8.10445,8.542287,1214.8523,5267.447,34026.12,73422.414,0.41722602,-0.086723864,3661,2,11,6
280882.7695951062,3400846.436003332,-1,0,3316.3652,37.24178,316.6847,-0.013736962,14.657519,9.851562,1445.9902,11551.73,11700.018,69044.09,0.24843,0.06513788,3717,2,11,6
211814.58608703583,3381173.768010367,-1,0,1281.4414,30.416334,145.7843,0.0019966895,10.741991,8.90219,1727.8417,731.7103,44346.01,9507.707,0.44511518,-0.117028475,3661,2,11,5
259196.1279422159,3388712.0544435303,-1,0,2047.9897,28.580664,353.41806,0.008793885,10.34714,10.419301,1258.4341,14237.56,14186.367,46840.605,0.41838324,-0.071736366,3661,3,2,5
239017.795551195,3383505.66967451,-1,0,1767.4563,32.63526,257.125,-0.0031223907,11.875631,9.404422,1264.0304,4873.366,22975.334,27566.104,0.3024582,0.0082734525,3661,2,11,6
265384.0412970638,3341967.9596367097,-1,0,1226.15,38.39666,307.40536,0.0011263716,14.535426,9.73684,1001.6015,1230.3658,44231.72,71962.88,0.35868168,-0.036614817,3661,2,11,5
237068.86889165975,3380559.758741485,-1,0,2230.5432,49.53055,17.161926,-0.0020392565,22.598032,9.859006,1189.6812,7703.2007,26492.092,26657.438,0.42936236,-0.09003531,3661,2,2,6
302864.7879387392,3381358.3635148657,-1,0,3027.3074,47.786537,313.49255,-0.0008283812,20.905289,10.433652,1881.1628,27866.77,27824.043,90946.75,0.31209245,0.031429786,3717,1,2,6
272863.3166147952,3369430.7509619007,-1,0,1010.07587,21.64702,20.55603,0.0025725628,7.938521,10.261747,1494.1506,16215.203,34951.465,64088.484,0.45316446,-0.12316717,3661,3,2,6
276173.5608261836,3398573.0908945687,-1,0,3502.6887,33.55458,320.59933,0.0021166636,12.421631,9.851562,1405.4708,9830.412,10098.287,64268.63,0.19693,0.10196799,3717,2,11,5
295741.18696878635,3385167.190086097,-1,0,2944.9944,25.449501,192.80428,-0.002406904,8.866507,10.356502,1798.8843,33024.4,33229.066,83530.61,0.3249968,0.012355704,3717,1,2,6
293336.56451799406,3359325.8179402486,-1,0,2471.6138,32.20228,210.37914,-0.005827188,11.920275,9.439387,1719.8323,10994.271,15564.703,86795.62,0.23479052,0.11466756,3661,3,11,6
301843.6816331185,3370326.5124804694,-1,0,1836.001,24.125273,142.59464,-0.0010801345,8.371471,10.012456,1900.1155,17406.402,17450.926,91731.19,0.39702842,-0.049777858,3717,1,2,6
244759.03284984097,3376842.3226321405,-1,0,1549.9755,22.998587,265.23636,-0.010422449,8.301709,9.384624,1195.0878,3976.443,27139.17,35187.527,0.3539092,-0.024898028,3661,2,11,6
220660.5528014732,3377373.3377281674,-1,0,1043.9288,29.393324,321.6325,-0.0014052058,9.948424,9.851562,1535.3282,9074.365,39417.777,15653.019,0.3995648,-0.07720469,3661,4,11,9
249759.8445718253,3343459.890137369,-1,0,1496.6903,35.078117,82.092834,0.0057910867,13.499195,10.771461,1074.0956,9703.134,59068.258,60196.426,0.40331727,-0.043420568,3661,3,2,5
244542.8953523932,3373940.935551566,-1,0,1080.3508,39.674,84.685455,0.0025604148,15.684628,9.466331,1205.6476,5727.8706,30001.988,36237.836,0.4522992,-0.113119654,3661,2,2,7
284339.7269266722,3367551.7260585288,-1,0,1976.5251,32.26134,84.95755,-0.0018442243,11.685726,9.851562,1696.3527,20959.203,27240.582,75560.805,0.5252235,-0.20492432,3661,1,2,6
258181.92097188905,3378218.007730172,-1,0,1497.6283,17.771072,341.56506,-0.008028808,6.1990886,9.851562,1323.305,7502.333,24268.807,47449.734,0.2403136,0.08286145,3661,8,11,7
255595.0685203465,3336398.6114997217,-1,0,1168.7388,36.39479,297.34988,-0.008899013,14.213673,8.53929,974.17664,9646.269,55232.47,69356.96,0.34050965,-0.011776525,3661,3,11,9
264938.5011175837,3336308.435242924,-1,0,1325.8663,26.514025,0.0,0.0025484194,8.933206,9.992853,993.93604,3695.2402,46507.52,75593.484,0.4129558,-0.07896248,3661,3,11,6
297968.07611693884,3393125.752509664,-1,0,3152.0212,40.60645,148.134,0.0021968947,15.845315,10.66769,1738.1605,30154.992,30184.043,85605.35,0.23631938,0.11041709,3717,1,2,6
283070.8520191785,3367134.6477320334,-1,0,2065.9666,16.441582,55.30484,-0.007127389,5.2864738,9.839461,1667.5822,20315.209,28141.375,74493.78,0.47314975,-0.14629818,3661,1,2,5
237755.4179852068,3385304.362851853,-1,0,1713.166,33.18704,337.89056,-0.004904043,12.879115,8.696256,1302.7119,5680.748,22088.186,25920.246,0.40660515,-0.066115655,3661,2,2,7
242912.26154561533,3350697.155781619,-1,0,1935.248,27.216106,315.0,0.0038929696,9.961887,8.459483,1329.0441,15180.398,52999.133,50281.92,0.3133669,0.025301075,3661,3,11,5
250111.14654689105,3363531.917006844,-1,0,1200.6622,17.145105,17.525574,0.008426886,5.958614,11.023267,1201.0614,6999.7856,39073.535,46463.266,0.35631523,-0.026296303,3661,2,11,6
250908.7420018709,3347122.502053963,-1,0,1534.168,36.514137,130.91437,-0.0007821809,13.181195,9.187251,1094.1967,8658.892,55325.863,58127.03,0.46823034,-0.11704186,3661,3,2,7
252457.3432758076,3344617.55766736,-1,0,1415.0071,40.715054,0.0,0.0045550535,16.321371,10.211445,1040.1194,8750.822,56283.742,61028.56,0.29692018,0.022229582,3661,3,11,6
239614.5677242156,3367196.992809539,-1,0,2586.161,23.346222,295.3462,-0.0031996751,8.315317,10.409281,1250.2203,13612.88,37842.785,35934.664,0.4382708,-0.103650324,3661,5,2,5
272151.5225509848,3349664.125692393,-1,0,1371.6752,20.617527,30.963745,0.002244665,6.910611,9.361289,1156.1279,6023.1636,36059.707,72472.46,0.5099358,-0.17750044,3661,2,2,5
258107.523448572,3374778.855705809,-1,0,1196.461,35.49084,80.07376,-0.004379197,12.64284,9.30959,1300.9071,5855.7754,27675.27,48389.86,0.47781807,-0.13691413,3661,3,2,7
304680.76205244515,3412627.31648076,-1,0,4930.497,41.368446,253.0725,0.002408184,16.735216,10.9757,1683.0741,28051.385,31933.254,92924.3,0.097613655,0.22165923,3717,1,8,6
284958.4363659989,3356577.8416837407,-1,0,1413.4948,39.448025,111.57129,0.00135689,15.986623,10.005931,1532.0544,10755.487,23146.488,80164.83,0.47235212,-0.13136624,3661,3,2,6
254882.25193970327,3346850.204665478,-1,0,1857.2699,10.013599,18.434937,-0.01538309,3.687919,9.853318,1002.3237,5453.118,53546.816,61030.453,0.46326414,-0.12517153,3661,3,2,5
267358.3479580184,3382862.911549845,-1,0,2011.2942,28.580666,306.52887,0.011998008,10.917518,11.2422,1434.5236,17749.379,20758.625,55510.734,0.4146308,-0.07978918,3661,3,11,5
287603.7475439081,3385936.4701923085,-1,0,3270.7637,19.874977,274.96973,0.01611751,8.534514,12.140904,1730.5245,26843.129,27126.637,75357.96,0.33089912,0.0050152713,3717,2,2,3
251996.04131321984,3363865.7718846123,-1,0,1317.2899,38.647457,185.31456,0.009598533,14.652345,10.5844555,1188.321,5180.0,38551.633,47816.312,0.42072564,-0.080227725,3661,2,11,6
303215.7771247125,3352609.7650353345,-1,0,1207.7227,43.193165,312.6467,0.0005107939,16.59607,9.189764,1875.9103,1797.2479,4934.0146,98468.66,0.4964475,-0.16857679,3661,3,11,6
289430.3330813629,3365823.639384825,-1,0,2313.2043,12.51837,138.36646,-0.0055849473,4.0,10.610075,1732.4646,18311.799,21981.266,80945.58,0.4958256,-0.161811,3661,1,2,6
276032.7231061163,3356403.373747949,-1,0,1199.6365,36.768047,175.71082,-0.00060652697,13.685086,9.403051,1346.4401,9523.261,32011.604,72275.84,0.5375458,-0.21292815,3661,2,2,6
271142.06183996826,3351229.3218678287,-1,0,1301.9467,22.061266,334.53665,-0.0016863436,7.444464,8.628991,1160.9844,7713.1387,36912.582,70755.125,0.38514522,-0.050924,3661,2,11,6
277436.7480187213,3383942.677117885,-1,0,2151.7583,9.081781,220.6013,0.02367754,3.5615537,11.654909,1609.1991,22869.64,23143.26,65386.234,0.38872406,-0.06434719,3661,2,11,3
290727.37826815934,3397264.6393153085,-1,0,3508.391,28.846542,280.88553,0.0010192133,10.330815,9.42323,1617.6174,21816.729,21844.46,78607.56,0.3172263,0.009301323,3717,1,11,7
286938.4966242807,3355790.095631579,-1,0,1816.8817,25.188484,285.9454,-0.0083898,8.89773,9.851562,1559.5575,9803.611,21097.783,82292.94,0.47841853,-0.14951728,3661,3,2,7
259443.06074214543,3339922.594917979,-1,0,1452.9004,29.223064,210.96376,-0.012668315,11.044662,8.864654,944.16376,7048.645,50506.47,69197.18,0.4115641,-0.09122812,3661,3,11,7
305837.94029602606,3406405.7149707293,-1,0,4893.954,36.885693,192.09477,0.0042923335,14.256669,10.551787,1725.9071,31063.164,33715.344,93822.19,0.026629645,0.3065308,3717,1,9,5
225005.37494856288,3388894.384804385,-1,0,2437.3699,32.841957,8.530762,0.011089281,11.695476,11.38817,1477.8489,15429.273,29062.928,12733.617,0.4510211,-0.11824604,3661,2,2,5
245013.79978347511,3360462.508021952,-1,0,1367.6663,21.74181,237.72437,-0.0074667465,7.798193,7.7229867,1251.2864,12196.151,43018.027,44453.395,0.33274588,-0.0030532,3661,3,11,7
295718.3813918449,3410339.172420574,-1,0,5409.904,20.95173,32.905243,0.002085873,7.239935,10.635471,1589.2294,20212.74,23173.402,83825.22,-0.053070743,0.3858351,3717,1,9,5
296516.5870955785,3408326.491350428,-1,0,5205.3228,52.55241,269.19308,0.00022818791,23.712719,10.51811,1603.3705,21717.414,24243.75,84539.07,0.042117033,0.27462825,3717,1,9,6
286027.6432941163,3362062.0915824464,-1,0,1489.6123,15.047632,78.69006,0.016310968,5.2411933,10.850177,1633.7195,15871.5625,23371.164,78989.47,0.40619677,-0.064121895,3661,3,2,6
285598.6477553089,3355661.03796822,-1,0,1567.4102,41.276867,248.80595,-0.0040889066,16.745146,8.523724,1530.7656,10231.578,22423.025,81137.17,0.45690435,-0.12767552,3661,3,11,7
268236.2328253744,3351864.4533298803,-1,0,1336.9017,18.42629,341.56506,-0.0051603112,6.390953,9.851562,1111.281,6409.618,39776.535,67996.66,0.45007753,-0.11642213,3661,2,11,7
236971.78885251615,3344252.948823222,-1,0,816.0676,34.960827,348.11133,0.00293352,13.532408,9.738755,1295.6353,10298.762,60641.18,52517.28,0.4553067,-0.12580651,3661,2,11,6
302817.23916670494,3357621.697674077,-1,0,1349.8387,40.1424,103.73627,0.00087764504,16.345442,9.257465,1878.0189,5370.8843,6298.349,96267.43,0.53126574,-0.17823175,3661,3,2,5
249418.66940094647,3363031.6538250386,-1,0,1315.0709,12.23983,30.963745,-0.02382425,4.447143,6.888597,1205.1576,7750.0,39663.047,46194.125,0.14184032,0.15247619,3661,2,7,9
266256.06407371373,3359156.862877865,-1,0,2048.3298,38.59353,104.349304,0.0015708145,14.853081,9.867383,1189.7133,8072.187,42020.5,62395.11,0.35908693,-0.008023413,3661,2,2,5
217082.3854469517,3386080.923854667,-1,0,1033.0812,30.41452,82.14667,-0.0006692671,11.787825,8.744631,1566.6284,7539.8804,37346.473,6555.3413,0.5148838,-0.1964692,3661,2,2,7
287758.2393663039,3356814.355243416,-1,0,2187.625,32.508205,356.82016,0.0021983131,12.188937,9.3867445,1589.6051,10369.768,20397.277,82613.27,0.417622,-0.09325962,3661,8,2,6
233206.9697510788,3357650.8233415373,-1,0,1425.1459,36.6467,281.59216,-0.005434609,14.275508,8.998456,1469.3308,23927.508,48946.64,39021.996,0.32036784,0.009296464,3661,3,11,7
305268.6497363886,3405613.2913267827,-1,0,4434.4517,42.144382,195.15408,-0.00043562797,17.120916,8.590162,1722.463,30833.39,33255.562,93250.11,0.12586768,0.18102072,3717,1,11,6
274779.002052659,3351477.4375181035,-1,0,970.6812,16.321148,312.27368,0.0054669445,5.5027995,9.685133,1239.9225,5388.924,33274.05,73663.67,0.3623355,-0.03088867,3661,2,11,7
268093.0472227914,3339904.553769122,-1,0,803.6966,26.826595,1.9749451,-0.00043157185,9.507111,8.098946,1025.7744,22.36068,42273.703,75359.59,0.28181937,0.02970604,3661,3,11,5
306748.0743703013,3381260.152248517,-1,0,2845.1313,23.843401,53.61563,-0.0010144039,7.8619437,10.520353,1905.5454,26986.756,27162.197,94817.1,0.3944769,-0.061268385,3717,2,2,3
257298.5516417442,3384573.061566084,-1,0,1716.8097,40.23043,56.976135,-0.00585892,15.991375,9.736372,1287.6586,10628.34,17857.281,45311.13,0.31388864,0.03607173,3661,3,2,7
276077.6444878187,3382253.700497601,-1,0,1643.2867,9.685733,339.44397,0.0044578025,3.1952333,11.419198,1605.1182,23733.623,23932.875,64232.938,0.32197046,-0.008626264,3661,2,11,3
296646.5753193241,3415451.3499334664,-1,0,5383.926,11.456188,323.1301,-0.005704035,4.1551876,9.851562,1587.8398,19621.053,23955.467,85182.94,-0.06593938,0.39231697,3717,8,9,7
293168.5776846566,3407147.148397278,-1,0,4630.3374,36.213203,120.69971,-0.00314208,13.725305,9.165816,1564.2969,19299.34,21061.72,81161.91,0.023428783,0.29927272,0,1,9,7
303003.0247204514,3406963.9171171915,-1,0,3528.6096,23.52169,307.875,-0.0010135018,7.8101616,8.762181,1687.8912,28234.072,30839.256,90997.91,0.045128535,0.27990502,3717,1,11,9
292716.10528733965,3401065.318551769,-1,0,4410.928,36.812542,310.6013,-0.000871433,13.623673,9.851562,1596.0399,22181.535,22047.133,80836.164,0.046926003,0.2828084,3717,1,11,6
235151.0571432532,3365002.4795419374,-1,0,2000.4701,34.92723,250.14479,0.0058111628,13.169381,11.5848055,1314.2103,18502.434,41387.87,34299.46,0.35606107,-0.0240755,3661,4,2,5
257788.76898527812,3390209.263371705,-1,0,2469.7869,13.601849,120.963745,0.019528545,5.977568,11.785863,1260.5278,13048.957,12378.062,45392.23,0.4091001,-0.074795485,3661,3,2,3
304452.14917933586,3375077.406182113,-1,0,2112.7666,18.332361,348.69006,0.00018877086,6.221508,9.9505005,1929.7755,21390.129,21360.7,93369.055,0.45660785,-0.1252918,3717,1,2,5
287805.31915319443,3366731.0981879868,-1,0,2094.5215,27.959312,119.24884,0.0016620762,9.574699,9.392657,1724.4492,19748.727,23845.02,79115.82,0.524198,-0.20223853,3661,1,2,6
279922.0745858418,3395717.116644569,-1,0,2810.5085,40.34079,145.61966,-0.0005587282,15.990018,10.069875,1499.4005,14425.91,14724.959,67719.305,0.41526818,-0.07706923,3717,2,2,6
284097.8856465722,3375373.0837655286,-1,0,2098.9724,43.905224,101.94418,-0.00011816624,18.226902,10.436261,1822.9253,28601.678,32044.215,73312.17,0.34351504,0.0067881187,3661,1,2,6
215347.13555196155,3376797.820973551,-1,0,1310.0951,39.27101,61.782654,0.0019807448,15.442936,9.5995865,1688.9669,4844.0684,43873.18,14170.467,0.5174331,-0.19330364,3661,4,2,6
307655.6800924528,3372441.994776604,-1,0,1992.544,28.275902,56.309937,-0.006165335,10.029953,8.063923,1948.7289,18132.824,18348.56,96986.79,0.35608456,-0.007467285,3717,1,2,7
285799.42474462383,3375877.736394396,-1,0,2058.0564,39.00352,59.62088,0.018582936,16.984888,11.263074,1840.2269,29009.75,31155.666,74873.28,0.54149437,-0.21361746,3661,1,2,5
269808.2011261611,3380963.4461138505,-1,0,1552.6527,33.592197,355.6013,0.0032152173,12.165021,10.178412,1501.2687,19070.945,23033.004,58223.69,0.4438483,-0.1254241,3661,3,11,5
275926.64493753656,3374195.21557138,-1,0,1709.3804,22.72213,217.30396,-0.0027156326,7.2935786,9.851562,1635.3186,20506.5,31257.25,65630.19,0.41519514,-0.07774607,3661,1,2,6
231663.25937818497,3363814.8882333376,-1,0,1487.3246,45.80018,121.13898,0.0018323619,19.217049,9.7476015,1417.8578,22026.703,43872.664,33049.29,0.35782018,0.0073233484,3661,3,2,6
291860.40192780865,3374985.215517945,-1,0,2690.996,28.489458,154.35901,-0.0038425825,10.201994,8.96365,1861.0206,25879.57,26455.398,81002.12,0.4657541,-0.14133947,3717,1,2,7
217799.36889703825,3382386.202974047,-1,0,1811.3529,28.617641,227.60257,-0.0028132957,9.752914,10.784007,1581.6515,6011.9297,38629.73,9885.262,0.30118436,0.0073331334,3661,2,11,9
280432.7418878197,3362034.5281708743,-1,0,2127.4731,36.0506,25.407715,0.0073615923,13.798286,11.392044,1529.4694,14883.984,28673.207,73818.14,0.23945789,0.118629135,3661,3,2,5
238179.0625431016,3366411.1093730936,-1,0,2368.1763,21.214275,93.366455,0.014909455,7.9637756,11.508381,1265.3734,15236.075,39028.902,35393.09,0.42204583,-0.07555259,3661,4,2,2
301221.5900423317,3383731.467578278,-1,0,2766.3818,31.814495,212.73523,0.007842989,10.7431345,11.239285,1850.9677,30574.508,30481.955,89099.914,0.48415938,-0.16089618,3717,1,2,5
254971.64583901447,3375262.90855648,-1,0,1320.9158,49.312233,225.0,-0.0021440466,22.091248,9.851562,1281.7443,3251.246,27030.117,45279.316,0.33051872,0.0017786003,3661,3,11,5
239407.5051067432,3380358.9581519826,-1,0,1879.2538,32.66519,338.83875,-0.0019299497,11.777469,10.585765,1200.3324,5701.5435,25602.57,28907.268,0.36498758,-0.022710148,3661,2,2,6
276211.23686041223,3394880.429405806,-1,0,2569.5764,27.186441,263.88452,-0.010298434,9.730988,9.851562,1451.4548,12910.654,13052.05,63959.37,0.38691518,-0.05806623,3661,2,11,6
263412.2851102008,3345645.53991483,-1,0,1297.7999,17.46025,310.23636,0.0072965412,5.5080466,10.623919,972.1754,1414.9559,45314.098,68042.94,0.33198392,-0.003845095,3661,2,11,3
301810.5350508833,3414123.1278411765,-1,0,5094.7437,1.8882396,225.0,-0.015588883,0.92255914,10.7095375,1645.9581,24942.96,29055.59,90188.3,-0.06420389,0.3910288,3717,8,9,7
277647.3486240717,3358432.995742159,-1,0,1594.1539,27.929829,4.085602,-0.0024034665,9.434591,9.976781,1412.9021,11241.041,30634.924,72775.93,0.46617973,-0.13520887,3661,3,2,6
299963.95139265293,3374748.397417236,-1,0,1886.0375,20.645807,354.2894,-0.0025238204,7.071694,9.240814,1904.5527,22171.766,22251.094,89003.555,0.348067,-0.014138118,3717,1,11,7
299894.1500372926,3375401.705866399,-1,0,1791.9866,5.7536225,56.309937,-0.011434323,2.069829,9.851562,1907.3365,22814.842,22882.941,88820.7,0.20841205,0.11970174,3717,1,11,10
240534.22090842476,3383842.804719054,-1,0,1278.1604,16.993073,9.462311,-0.009449986,5.9988704,9.271061,1273.7065,3323.5674,21978.436,28954.652,0.3611438,-0.03315486,3661,2,11,5
259839.2695987184,3330789.637485356,-1,0,872.6382,25.43019,333.43494,0.020720163,8.810517,10.484466,997.33325,2615.8364,53416.387,76386.98,0.43747193,-0.10275621,3661,4,11,3
300062.9047531873,3369351.7887137765,-1,0,1613.5217,25.17202,313.0251,9.969688e-05,8.762027,8.4558935,1879.874,17032.123,17276.834,90222.75,0.4828209,-0.14369477,3717,1,2,5
277884.8721737414,3357866.0024937773,-1,0,1546.4319,32.635204,351.11935,0.0024964206,13.311171,10.376005,1408.5231,10652.385,30319.29,73244.66,0.4987292,-0.17295812,3661,3,2,6
286977.192821812,3396096.51486151,-1,0,3042.109,31.55899,133.78113,0.0050609396,11.360566,10.294857,1591.7003,19272.074,19420.799,74778.14,0.3363151,0.006341613,3717,2,2,6
278547.8935066005,3383851.1709620897,-1,0,2343.2725,8.207888,195.9454,0.015152421,3.017137,11.402857,1630.7777,23501.34,23711.28,66499.62,0.34406683,-0.03179658,3661,2,2,3
251427.24584500477,3365991.221597753,-1,0,1420.0293,22.104183,329.93143,-0.0026806057,7.5776796,9.225596,1204.4823,4307.261,36481.047,46173.043,0.35572112,-0.026036339,3661,2,11,5
205412.3690154841,3380177.285802247,-1,0,686.23145,25.481499,248.6294,-0.0070954724,8.87782,6.8971963,1991.5713,1608.0112,50420.777,12591.695,0.34690621,-0.00907701,3661,2,11,9
268629.01230726123,3343638.4511535354,-1,0,1488.2163,25.813513,350.90973,-0.0046389177,9.520238,8.826091,1048.229,2268.127,40666.504,73298.66,0.4204502,-0.08917978,3661,2,11,3
266995.24805055803,3347016.708859027,-1,0,1094.503,37.22769,242.1759,-0.00093159697,13.99267,10.008776,1033.8868,2315.016,41547.117,69897.13,0.45601612,-0.12690426,3661,2,11,6
290271.0994495757,3352121.724808997,-1,0,1558.0309,45.381447,197.81891,-0.0027631023,18.978188,9.569632,1584.2761,5062.055,17777.57,86894.336,0.45656314,-0.11451593,3661,3,2,6
212548.7150933975,3385877.801793953,-1,0,819.28467,25.140455,298.44293,-0.018399408,9.039409,9.851562,1632.3984,5482.846,41492.508,4782.353,0.24174131,0.102139294,3661,7,11,9
253383.17605190916,3375608.5843649474,-1,0,938.3886,32.661163,317.1211,-0.012649073,12.208155,9.069142,1271.4939,2114.2612,26732.215,43665.58,0.4021482,-0.07275918,3661,3,11,9
266050.5194289392,3378144.282109017,-1,0,1963.175,30.718708,299.74487,-0.0003730254,11.30259,9.987663,1458.0356,14447.107,25135.059,55101.234,0.4057364,-0.066936135,3661,3,2,6
259598.67109503443,3388580.1350770025,-1,0,1809.6442,21.18098,37.405365,-0.01613117,7.867224,8.614158,1256.7886,14298.144,14429.806,47245.812,0.40074557,-0.07043727,3661,3,2,7
289948.72854636004,3376601.8846466225,-1,0,2298.3198,25.275743,152.354,0.0023483164,8.779965,9.4565525,1861.1245,28301.21,28914.09,78814.25,0.47183347,-0.14241575,3717,1,2,6
286272.2225031837,3372214.986927264,-1,0,2167.8699,24.402647,284.03625,-0.0038673624,8.897589,7.876848,1787.6676,25402.309,28325.877,76148.914,0.3739871,-0.03197139,3661,1,11,6
269124.1842968926,3395358.3895082423,-1,0,2606.688,17.877161,270.0,-0.0032238767,5.9826303,10.302631,1333.2013,8932.239,9096.329,56924.36,0.40162328,-0.07224096,3661,3,2,9
276315.0435256299,3383427.6739682457,-1,0,1741.7433,20.050608,174.28943,-0.0055204523,6.522847,9.319951,1594.9359,22781.873,23007.986,64327.594,0.38767448,-0.07302264,3661,2,11,6
227870.69791770104,3382011.652068748,-1,0,1824.6892,35.09865,274.51398,-0.0057529677,12.782093,9.232494,1380.8251,15841.01,30980.447,17732.82,0.39716738,-0.07623628,3661,2,11,6
265107.34407853935,3337574.384220161,-1,0,1528.7283,20.476671,302.90524,0.0032904744,6.9885936,10.584531,995.73083,3565.4453,45884.758,74812.375,0.35358214,-0.016869841,3661,3,11,5
266796.413517461,3389280.0910236547,-1,0,2392.5508,32.90169,78.36636,-0.004618386,12.05846,8.903079,1358.1729,14088.949,14324.849,54417.5,0.30601764,0.042688366,3661,3,2,6
246870.811865462,3337441.109939944,-1,0,667.4852,29.614258,338.83875,-0.011170565,10.412496,8.635531,1012.3125,3288.039,63279.84,63413.24,0.46697527,-0.13656156,3661,4,2,9
304460.37678725785,3364141.3487865096,-1,0,1623.5006,21.657242,301.42957,-0.0059028566,7.7038593,9.851562,1915.2308,10749.232,10737.342,95813.34,0.43952024,-0.10705293,3717,8,11,6
293792.3853667162,3350539.5006023943,-1,0,1485.9346,21.901878,323.1301,0.0074667577,7.302954,10.956824,1649.9857,2510.7769,14571.863,90750.07,0.46353728,-0.13280702,3661,3,2,3
288582.6468917595,3355857.048941366,-1,0,1925.4998,35.379192,315.971,-0.0008480253,12.801731,10.145274,1593.44,9163.979,19461.02,83761.31,0.38916418,-0.055656448,3661,3,11,5
278764.063904349,3384345.2229217114,-1,0,2419.7026,17.807636,183.36647,-0.005639928,5.866165,9.898963,1628.4587,23186.703,23373.303,66670.23,0.44343665,-0.11306349,3661,2,2,3
297718.62744000845,3354735.2139332555,-1,0,1963.9752,26.755665,349.5085,0.010365742,9.93645,11.630851,1767.4282,5877.1846,10267.43,92576.81,0.40229106,-0.0712532,3661,3,11,3
259742.788196914,3360179.1055486263,-1,0,1137.6469,35.78631,140.01312,0.0030358003,12.4150915,9.1010895,1071.9615,2120.7783,42367.062,56312.105,0.46337733,-0.12527958,3661,2,2,5
265346.8636739622,3341837.880893384,-1,0,1154.1626,29.629484,304.8245,0.0018741839,11.662685,9.076496,1001.0261,1350.5925,44305.664,72021.49,0.34998792,-0.031156914,3661,2,11,5
225514.17079896183,3392516.4267337164,-1,0,2208.049,28.169786,75.963745,0.0035768836,10.430553,10.8628025,1496.5098,16699.568,26931.951,13251.189,0.514601,-0.191376,3661,2,2,3
294829.61683026707,3382304.2419603253,-1,0,3219.7244,16.402626,63.434937,0.0072724135,5.4247184,11.79637,1822.6654,31001.84,31215.04,82852.85,0.4078765,-0.08617808,3717,1,11,3
233886.2523083336,3383546.81142255,-1,0,2359.365,26.720413,345.46555,-0.0017935819,9.55137,9.474984,1297.1825,9842.967,25792.14,22635.64,0.3727621,-0.028139537,3661,2,2,6
290635.38613343344,3391819.844292399,-1,0,3165.8748,29.792404,249.22775,-0.0037221434,11.533176,7.640988,1682.3223,24795.809,24981.07,78248.6,0.2730701,0.049280185,3717,2,2,7
284524.2859817819,3376223.175795933,-1,0,1880.3519,9.577665,192.52881,-0.0043443693,3.3236167,9.1884985,1839.2188,29278.213,32304.527,73561.2,0.2578255,0.056831554,3661,1,11,5
270056.00349979737,3375796.9940922074,-1,0,1438.0668,29.065462,10.491486,-0.0054132612,10.942054,9.274832,1540.1621,16018.046,28145.871,59544.062,0.40273035,-0.064755924,3661,3,2,6
237474.10173051507,3338425.174045818,-1,0,588.58594,25.386833,148.6713,-0.0026309274,9.123548,8.327328,1079.6937,5379.3867,66203.016,57948.46,0.41516227,-0.06811596,3671,3,2,7
249282.60311762991,3339280.0886339494,-1,0,1146.9282,25.86705,158.55225,0.014642579,8.691778,11.092961,1026.4023,6320.008,60483.54,63251.688,0.4050003,-0.06422722,3661,3,2,3
233202.95765124244,3381800.8654466392,-1,0,2589.736,20.835876,136.73569,0.0071302806,6.882497,11.510226,1272.738,10926.051,27588.195,22617.598,0.4279834,-0.08575924,3661,2,2,3
265508.51974386466,3374584.830167361,-1,0,2415.2266,21.56189,0.0,0.022068981,7.8081627,11.504553,1426.0626,11629.896,28589.93,55490.89,0.38313293,-0.0605294,3661,3,2,3
308577.5081425236,3410054.1080796267,-1,0,4532.446,11.510506,74.74487,-0.00021059348,3.9269555,9.851985,1740.0072,32447.684,35980.633,96655.25,-0.022093778,0.35253376,3717,8,8,9
292902.8040148229,3395990.128240432,-1,0,2776.8433,17.105513,333.43494,-0.029903354,7.649539,9.851562,1656.1611,24338.475,24367.387,80686.24,0.15738669,0.1845197,3717,1,2,9
308660.2366962629,3413349.054941374,-1,0,4990.6123,34.237095,218.15724,0.0026918042,12.762976,10.965339,1722.6464,31822.766,35900.555,96947.57,-0.049293213,0.37368932,3717,8,9,7
285317.2633612058,3399212.75987677,-1,0,3793.4087,36.31658,349.8245,0.002647691,13.79774,11.122759,1531.0963,16152.158,16228.607,73419.54,0.2500737,0.06142722,3717,2,11,6
298796.3659280394,3363711.944034635,-1,0,1708.8313,12.885173,57.52881,0.0012543657,4.167635,10.543113,1836.8488,12665.559,13363.326,90505.59,0.45011932,-0.10694419,3661,1,2,3
245659.08401547492,3344303.05173982,-1,0,733.8949,38.63996,31.865967,0.001686921,15.015718,9.403192,1154.4615,8933.577,58746.914,57056.79,0.4316494,-0.09907642,3661,3,2,6
282272.8779828078,3399888.453062498,-1,0,3427.6296,24.26479,308.65982,-0.011050018,7.7091465,10.693145,1479.2559,13240.673,13383.143,70486.93,0.27568376,0.036444988,3717,2,11,6
308078.1116610777,3412986.3660080475,-1,0,4515.1167,9.135656,255.96376,-0.025687935,3.1506598,9.851562,1718.3092,31305.906,35314.6,96330.945,-0.00058962585,0.3179467,3717,1,8,9
288363.46320858685,3358291.5662888503,-1,0,2120.9475,31.724241,59.036255,0.014340051,12.130299,11.261204,1620.5144,11511.776,20058.52,82578.8,0.48450038,-0.15784429,3661,8,2,6
213327.63236396253,3386977.7857050323,-1,0,849.0242,40.580467,173.79651,-0.0017989175,15.661857,8.54669,1605.103,6680.4937,40321.79,3795.6948,0.48380616,-0.16088805,3661,7,2,6
255746.6348975579,3336998.22016641,-1,0,1371.7764,40.089737,208.8108,0.0034860289,15.952257,10.156685,974.0458,10051.169,54901.773,68982.74,0.32030743,0.026016563,3661,3,11,6
282175.899813022,3388082.3500310183,-1,0,1817.5828,11.486279,251.56506,-0.031530794,4.9859595,9.851562,1639.3485,21866.285,22079.873,69827.68,0.18698362,0.14448161,3717,2,2,10
212052.89328447948,3378649.71806893,-1,0,1153.8467,23.992506,22.249023,-0.005436249,8.38919,8.823578,1758.9556,1760.0,45475.055,12014.8125,0.39112958,-0.06969305,3661,5,11,5
300365.235525392,3375363.7021077545,-1,0,1909.4471,17.0371,237.26479,0.0016262485,5.6150594,9.748744,1909.5435,22648.27,22682.55,89290.59,0.38649017,-0.045532178,3717,1,2,7
243252.7369588416,3375460.5686652223,-1,0,1667.5051,9.094266,333.43494,-0.021864068,3.2825634,9.851562,1189.1372,6014.158,28875.752,34400.285,0.41412273,-0.07087631,3661,2,2,6
250092.61062870905,3359517.0443816865,-1,0,1674.891,7.4474792,164.05457,0.026432397,3.1703155,11.469497,1185.107,7234.1206,43056.64,48897.742,0.17986304,0.15568574,3661,2,7,5
295537.024711861,3371866.909440293,-1,0,2334.0857,20.100565,320.90613,0.0034496756,6.748768,11.3358755,1856.337,21292.883,21778.625,85236.87,0.3793881,-0.04132079,3717,1,2,6
253469.2790279282,3333253.2968610404,-1,0,520.58203,39.872917,120.529724,-0.0014943123,15.391613,8.862411,965.093,8942.002,58300.023,70587.91,0.41965267,-0.06914086,3661,4,2,6
231472.01221294084,3382279.119151066,-1,0,1878.1781,19.019558,165.25641,-0.00049936963,6.179734,10.410479,1315.1947,12475.232,28312.152,20839.164,0.41497785,-0.06841159,3661,2,2,7
268775.0888794851,3388587.2857178715,-1,0,2203.5078,31.595036,299.74487,-0.0073113674,11.924966,9.229233,1399.7478,15243.9795,15364.641,56417.99,0.4191381,-0.081917316,3661,3,2,7
276697.79748236993,3392949.8588086893,-1,0,2350.4666,39.07973,120.73547,0.0005036467,14.906727,9.258265,1483.0929,14785.783,14902.285,64340.766,0.5046424,-0.1667056,3661,2,2,6
293285.61690732813,3385109.055310292,-1,0,2775.8794,25.38516,172.875,0.0025279992,9.206652,9.824489,1781.8186,31306.396,31520.701,81080.17,0.42573512,-0.09745165,3717,1,2,6
275136.5389842468,3348802.5861801263,-1,0,1003.9608,21.830332,237.09477,-0.006642098,7.829895,7.548908,1203.5049,3068.6316,33226.266,75422.59,0.46019703,-0.13116933,3661,2,11,6
272496.89145917894,3347213.0880089453,-1,0,1159.9054,10.613544,36.869904,-0.008488064,4.146753,7.7923384,1135.3567,3798.9077,36100.477,74161.4,0.42491385,-0.09100151,3661,2,2,7
296451.36298242724,3407350.709105457,-1,0,4603.3667,19.04447,300.96375,-0.00769035,6.8339386,9.851562,1604.9855,22083.408,24289.92,84454.97,0.02475954,0.294225,3717,1,9,7
272931.1425455605,3380677.7700757063,-1,0,1799.834,25.110523,272.60257,-0.006930238,8.924305,8.542004,1564.4252,21242.602,24138.957,61357.086,0.38634863,-0.06489672,3661,3,11,6
289683.3224210284,3382166.463421051,-1,0,1787.2366,31.284283,136.27301,0.008255237,11.6804905,10.322965,1792.0688,31074.016,31346.299,77754.9,0.55020505,-0.23317419,3717,1,2,6
286026.1321939822,3352213.573129656,-1,0,1236.283,33.99865,177.20728,0.0055896896,11.800934,10.227191,1489.0908,6822.9395,22001.312,83064.914,0.30374253,-0.004314017,3661,3,2,6
293918.0253953633,3388552.084889952,-1,0,2170.6135,14.476098,291.80142,-0.021393482,6.534537,9.851562,1748.7445,29410.49,29605.408,81547.3,0.21619417,0.1333398,3717,2,2,10
296248.7537068849,3351032.850638809,-1,0,919.6407,33.381264,257.4712,-0.0057468736,12.858638,7.962504,1711.4136,2470.0,12075.868,92743.516,0.3257397,-0.0042202445,3661,6,11,7
281318.1085133001,3388370.667221698,-1,0,2143.2292,21.037054,313.0251,0.0003178574,7.600988,9.855001,1620.4471,21151.008,21321.035,68958.03,0.35492274,-0.0258455,3661,2,11,6
243482.7865516753,3337903.6988795693,-1,0,723.0471,30.649832,262.64764,0.0008057475,11.246119,8.536502,1036.0056,2390.0,65421.227,61238.92,0.46035612,-0.13056722,3661,4,2,7
306010.38421616284,3411792.363384299,-1,0,5238.067,33.822094,310.23636,0.0034896636,12.028103,10.975782,1701.7482,29535.324,33296.547,94193.21,-0.0047151125,0.3271304,3717,1,9,3
292452.2629873608,3350530.239327991,-1,0,1365.0974,17.923311,109.98309,0.0248432,7.0205727,10.961937,1618.0779,2989.398,15879.311,89554.57,0.49585173,-0.15471096,3661,3,2,3
242152.5562570559,3345373.630200811,-1,0,1208.9515,29.368406,242.59244,0.0022895597,9.741048,9.799506,1241.8907,9888.347,58363.484,54192.637,0.49330986,-0.1698601,3661,2,11,6
290152.87638970563,3362714.041607847,-1,0,1715.757,29.177694,282.20047,-0.008862197,9.802791,9.851562,1704.691,15142.804,19825.562,82630.625,0.28487855,0.049747515,3661,3,11,7
271140.39589908364,3374394.158049434,-1,0,1333.8599,33.943687,3.2704773,0.0050164107,12.194697,10.221983,1539.6733,16248.237,29738.166,60961.258,0.47754484,-0.1437659,3661,8,2,5
236997.84430987283,3336811.6645239354,-1,0,447.9677,4.436342,258.69006,0.0040750145,1.5738653,8.410949,1023.70404,4887.0137,67878.63,59202.89,0.46114418,-0.12301637,3671,7,2,6
243985.6521514434,3367576.9564224333,-1,0,2178.5906,31.722954,276.70984,0.008807385,11.625139,10.7303505,1232.9862,9942.6455,36325.473,39123.07,0.44178605,-0.10442692,3661,2,2,5
289919.9268766933,3394520.117291448,-1,0,3504.5261,35.26959,346.67548,-0.0014809513,13.180271,11.081663,1642.4485,22578.797,22707.465,77616.04,0.19170389,0.14179984,3717,2,11,7
217627.3259232433,3381291.6652457365,-1,0,1551.4109,20.564999,338.1986,0.0018751111,6.6522007,10.401469,1592.3923,5579.8296,39380.516,10730.787,0.20358504,0.13445735,3661,2,11,6
275064.5017202358,3382565.9070714186,-1,0,1454.1238,18.579115,49.398712,-0.004235208,5.997338,9.882148,1582.3596,23032.812,23205.25,63191.29,0.43199196,-0.11247887,3661,1,11,6
249980.12636640808,3372866.312474632,-1,0,1179.6084,26.517458,90.0,-0.0013928666,9.040793,9.042354,1234.3008,2234.3901,29865.219,41582.406,0.36454663,-0.020320391,3661,2,11,6
257129.86196721537,3357541.1314143525,-1,0,1051.352,25.753672,72.25531,0.0023599141,8.908865,9.432689,1065.5872,1167.6044,44796.477,55657.05,0.52422446,-0.1966615,3661,2,11,5
301274.79890218354,3365122.023955293,-1,0,1402.6989,43.143833,244.91641,-0.003394945,17.699331,9.134779,1876.0461,12660.751,12989.303,92476.73,0.45087713,-0.12071375,3717,1,2,6
277590.5347567851,3394140.614191738,-1,0,2299.739,38.150017,264.80557,-0.0009436972,14.422545,9.203316,1482.7639,14286.305,14488.727,65292.805,0.37603354,-0.052304704,3661,2,11,6
284349.3775126757,3349700.2410175013,-1,0,780.249,33.304134,111.501434,0.00071536866,12.280324,10.493106,1411.3517,4672.6973,23994.803,82792.05,0.38601717,-0.035842884,3661,2,2,7
307139.3287184574,3408902.477512001,-1,0,4581.9385,39.56208,141.51978,0.008161736,15.747161,10.16172,1729.2504,31398.887,34683.13,95171.81,0.044698045,0.30157033,3717,1,9,5
293761.4617291787,3358457.929264028,-1,0,2271.2551,37.990833,152.85034,-0.0001852244,14.605741,9.8979,1719.5038,10069.722,14880.406,87509.52,0.48096037,-0.15041532,3661,3,2,6
235463.84795432555,3362965.079683305,-1,0,1973.3804,17.42966,85.91437,0.011536306,5.791717,11.045658,1337.1443,19509.84,43181.598,36048.785,0.35819268,-0.010383542,3661,3,2,3
234618.02991750315,3368531.664554149,-1,0,1945.459,22.26514,287.65015,0.012687258,8.311111,11.559911,1275.4843,17033.887,38349.625,31360.252,0.31142318,0.00593392,3661,4,11,6
227416.42835428676,3360286.975119289,-1,0,1705.8177,23.526922,74.74487,0.012471664,8.262461,11.213483,1568.2335,25276.559,48914.43,33881.223,0.47118053,-0.13556096,3661,3,2,2
286563.61163363635,3380808.6436130577,-1,0,2190.4446,27.841082,287.8189,-0.00032921307,9.624265,10.164576,1790.7905,30352.94,30518.26,74821.195,0.39817667,-0.05991078,3717,1,2,5
216818.3494923888,3378608.2690792102,-1,0,842.0973,27.03738,79.508514,-0.00025185721,9.255369,8.855415,1631.5413,5032.8916,41606.14,12835.064,0.53039324,-0.20760301,3661,5,2,9
259308.8007793172,3366676.848600687,-1,0,1319.6304,21.499035,261.8699,0.005228098,7.50919,9.353595,1181.5663,2379.7688,35859.176,52683.85,0.31231755,0.01693829,3661,2,11,5
253629.82596966805,3375598.4977789894,-1,0,1053.6461,27.229452,188.13011,0.00060250494,10.348146,7.59708,1273.4667,2279.6929,26728.281,43894.38,0.37198478,-0.05280633,3661,3,11,6
224604.11020108568,3389766.263930222,-1,0,2110.4443,25.953335,117.552795,0.014586171,8.779422,11.66555,1485.1942,15602.007,28980.94,12243.125,0.4811366,-0.16183302,3661,2,2,3
255410.73373865863,3338148.265432258,-1,0,1172.4005,41.15872,215.94211,-0.0006810447,15.489282,10.311112,976.6411,11195.699,54872.95,67882.41,0.38546354,-0.05154306,3661,3,11,6
278228.5955715199,3380996.018368057,-1,0,1856.1174,27.682173,131.0091,-0.005098648,8.94206,9.520927,1661.7493,25696.816,26074.62,66536.44,0.4015537,-0.05943346,3661,2,2,7
289569.9233703404,3365055.6699228,-1,0,2372.4854,48.512836,223.1524,-0.002207921,20.33482,10.923072,1724.623,17542.662,21464.785,81308.555,0.25515473,0.060080457,3661,1,11,6
228971.34263415152,3383283.140693638,-1,0,1569.5262,24.863506,330.25513,-0.01224719,9.144096,-16.81574,1375.736,14690.082,29306.45,18148.3,0.3202344,-0.008862547,3661,2,11,9
275624.94822070026,3351096.263294044,-1,0,1296.4745,20.543983,212.73523,0.006783438,7.3379784,11.098037,1251.0656,4612.9927,32458.914,74591.01,0.37846655,-0.045091037,3661,2,2,3
287259.38557444286,3370949.2611789,-1,0,2044.1595,14.781284,127.87497,-0.005845557,4.781772,8.372638,1777.458,23876.887,26766.975,77411.266,0.433441,-0.09939871,3661,1,11,7
218963.07290693477,3382120.2625934654,-1,0,2107.3772,17.993763,189.46233,-0.016448684,6.786667,8.262129,1559.4974,7060.2124,37806.3,10774.809,0.4576552,-0.13080002,3661,2,2,7
294535.2074434791,3403050.843845308,-1,0,4650.032,17.483675,61.92752,-0.0011784276,6.0201807,9.851562,1596.6938,22776.55,23237.186,82564.16,0.003341015,0.32630175,3717,1,9,5
283464.41545746784,3386046.061310468,-1,0,2318.3325,36.068157,204.22775,-0.0026411945,13.623747,11.463502,1690.4332,24279.326,24479.781,71220.01,0.40677375,-0.068957806,3717,2,2,6
250781.0046365207,3366580.6376061155,-1,0,1660.4812,36.177048,196.69925,0.00022834203,13.64018,10.026327,1210.1647,4380.982,35964.383,45317.09,0.35466993,-0.034076467,3661,2,11,6
217840.0109250293,3388327.4563715043,-1,0,1626.3855,25.425947,170.90973,0.0009040209,8.32695,10.248209,1541.0361,9769.586,35662.992,5917.981,0.30219913,0.01365733,3661,2,11,6
289383.72947824583,3375824.6432071966,-1,0,2451.854,40.230255,52.125,0.00525353,16.311535,11.307513,1857.6705,27955.867,28667.586,78407.18,0.42668018,-0.09599741,3661,1,2,6
271838.89472177543,3364793.740042568,-1,0,1247.3342,28.91402,51.95294,-0.00074125757,10.314094,10.540535,1396.9789,14660.0,37702.926,64825.695,0.547053,-0.22613253,3661,8,2,7
266066.07043472107,3385566.750381079,-1,0,2262.2292,34.099754,270.0,-0.0035634167,11.621678,10.339398,1382.9446,17550.434,17826.736,53910.824,0.34011862,0.0005061759,3661,3,11,6
293976.97590164363,3385513.6582729123,-1,0,2715.5576,32.41041,79.04593,-0.006284192,12.074175,9.154446,1782.4153,31509.594,31720.822,81742.39,0.3947733,-0.055626135,3717,1,2,6
278490.94661725534,3360867.592697378,-1,0,1457.6807,24.926432,177.70935,0.0034057326,8.605225,9.627653,1470.4049,13631.775,30254.979,72502.79,0.21555978,0.113782175,3661,3,7,6
296161.1343572338,3405249.141516988,-1,0,4404.3896,35.926426,319.3987,-0.003112783,12.957655,9.37002,1606.2754,22850.0,24363.582,84151.484,0.14631397,0.15183125,3717,1,9,6
303761.78016194724,3368442.5714427326,-1,0,2510.4246,39.564266,329.03625,-0.00019075732,14.648719,10.48671,1913.4808,15091.975,15043.619,94033.0,0.40334788,-0.07022808,3717,1,11,5
241704.3472909169,3357761.9680400565,-1,0,1542.0885,30.869179,59.349335,0.0063194307,11.426679,10.371572,1312.0206,15800.987,46405.85,44062.3,0.4380497,-0.092210576,3661,3,2,5
285214.88408058655,3384584.9159133425,-1,0,2593.2075,30.63166,228.99092,-0.0067501334,11.455499,10.627611,1731.5793,26467.717,26710.254,73073.375,0.42736837,-0.09329137,3717,2,2,7
298498.018170053,3403051.078991137,-1,0,2974.1206,23.06632,17.650116,-0.011248385,8.530007,9.851562,1648.06,25995.107,27107.172,86522.14,0.02411587,0.2920155,3717,1,8,10
267493.6773524374,3348830.772079114,-1,0,941.58716,13.004552,298.30075,-0.021739822,4.3825374,7.4389133,1048.3075,3754.1042,40786.445,69179.18,0.42325708,-0.09272679,3661,2,11,9
253333.8514959008,3354731.9196973634,-1,0,1928.913,13.644716,53.972626,-0.00906658,4.3509717,10.945568,1100.6654,5305.893,47591.094,54470.62,0.4896343,-0.15982953,3661,2,11,3
267994.83871293673,3383363.767486147,-1,0,1976.1094,22.479794,327.72437,0.01736015,7.8170285,11.532649,1441.2345,18553.375,20352.014,56077.18,0.3988949,-0.060569376,3661,3,11,3
269994.51684038504,3360645.87545076,-1,0,1217.6191,27.984625,112.47943,-0.004322715,9.88092,10.754862,1291.1182,12052.307,38539.812,64953.523,0.40883017,-0.06447529,3661,2,2,7
234202.83282866285,3374870.9486395875,-1,0,1556.6332,28.031515,181.97495,0.0008118893,10.334195,9.646997,1193.3818,13106.216,32855.03,26925.828,0.38087395,-0.06952637,3661,2,11,6
240732.63007084164,3375865.905660312,-1,0,2080.9749,26.585588,302.61926,-0.018438566,10.270629,9.851562,1166.1439,7586.567,29258.232,31971.795,0.47190323,-0.14590673,3661,2,2,7
287996.94140993553,3383951.881402581,-1,0,2380.1072,12.065526,15.255127,-0.0012163934,3.8174825,11.1726265,1758.8784,28628.465,28898.184,75897.195,0.38163552,-0.04476209,3717,1,2,7
306669.2595307144,3369162.0795320533,-1,0,1807.3014,14.275309,290.22485,-0.019926563,5.468323,6.699776,1942.5962,15102.881,15193.238,96690.66,0.35957757,-0.012866554,3717,1,2,9
282920.11405981344,3352613.674160734,-1,0,1143.8768,42.43578,281.7683,0.0052036108,17.298769,10.335927,1426.2925,6292.297,25077.451,80130.35,0.42764327,-0.09691603,3661,8,11,5
286382.465489996,3376182.1175904763,-1,0,2010.3893,35.055763,190.17552,-0.00014753589,12.970709,10.940522,1847.7336,29102.607,30953.27,75393.57,0.47203514,-0.13238989,3661,1,2,5
280249.19759362075,3349727.3163404837,-1,0,705.5163,32.17587,351.63412,0.0023916843,11.105214,9.269982,1324.0421,2687.0059,28034.025,79239.43,0.33022335,0.001356541,3661,2,2,6
256619.6661956963,3383298.381398226,-1,0,2034.903,8.591199,12.528809,-0.00040701908,2.6045644,10.374161,1292.266,9377.127,19051.535,44828.316,0.24129772,0.08455051,3661,8,7,5
284603.29968718585,3354065.489094307,-1,0,1342.7882,34.93268,334.0935,0.0077509545,13.090527,10.743817,1485.6986,8352.97,23350.137,80955.81,0.4830591,-0.15155417,3661,3,2,5
266679.9443213022,3337182.7605969147,-1,0,1079.3995,30.081926,99.46231,0.0040599247,11.022042,9.465543,1005.3645,2100.4048,44567.688,76199.93,0.35574654,-0.01320864,3661,3,11,6
292784.58728065895,3357073.5931010866,-1,0,2074.354,41.49799,91.16913,-0.003991989,16.487682,9.494268,1688.5359,8950.14,15481.505,87125.43,0.45174864,-0.12175923,3661,3,2,6
279687.6268371929,3357858.935851834,-1,0,1176.3915,20.238451,136.8476,0.01657073,6.537885,10.655191,1445.6763,10659.775,28535.02,74858.43,0.43193808,-0.09328156,3661,3,2,3
266088.46937743726,3359007.0157479164,-1,0,2125.8877,30.930435,91.591125,-0.0051448136,10.961634,9.837264,1183.7533,7876.103,42171.055,62324.46,0.43634722,-0.0938522,3661,2,2,5
238125.1924787888,3353494.353845925,-1,0,1270.832,34.782784,338.1986,0.005541149,13.194836,10.820397,1420.7552,18544.209,51409.633,45206.656,0.4335917,-0.09928745,3661,3,11,6
295943.63544910576,3406845.79984949,-1,0,4709.7856,16.829636,6.709839,-0.0024543218,5.7538753,9.851562,1599.7938,21865.484,23856.252,83936.95,0.03767182,0.26838836,3717,1,8,6
270605.4498141893,3398227.1338113192,-1,0,2859.558,15.499308,93.17981,0.0032266642,5.4842415,10.8186655,1325.0637,7077.429,7329.4067,58700.16,0.30800757,0.037750933,0,3,2,7
259592.37984555552,3375745.354757244,-1,0,1471.463,27.759148,176.05481,0.0031913184,10.21132,9.609569,1327.8079,7611.524,26930.33,49501.984,0.32554653,0.0029713283,3661,8,11,3
308649.57934642665,3409139.066431567,-1,0,5051.0903,23.373207,187.43141,-0.0073392093,8.395395,10.478947,1745.9087,32767.355,36150.0,96689.09,-0.049144756,0.37459853,3717,8,9,7
297027.433541865,3393582.234179568,-1,0,3195.265,28.885937,325.71313,-0.0053308797,10.607778,8.733492,1724.3496,29109.648,29140.477,84680.36,0.38584915,-0.053472597,3717,1,2,6
288092.82741136383,3377680.441476838,-1,0,2175.2703,31.559095,83.088776,-0.003889434,10.754678,10.115104,1839.2999,30064.922,30921.023,76804.76,0.34317166,-0.002873862,3717,1,2,5
290442.7987807022,3371050.830269131,-1,0,2151.0437,20.202095,302.00537,-0.0051527843,7.0095844,10.554741,1806.4069,23069.516,24453.732,80475.8,0.2910758,0.04142791,3661,1,7,7
305670.1078760005,3369855.871871658,-1,0,2051.9092,14.910457,36.869904,-0.012689393,4.6266894,10.153968,1933.3406,16028.605,16004.024,95563.32,0.38254455,-0.04187314,3717,1,2,9
221074.7396790709,3392909.773910135,-1,0,2091.8484,21.836943,35.837646,0.0007004916,7.349125,9.570064,1503.5988,15379.584,30890.842,8966.878,0.52613384,-0.20703198,3661,2,2,6
221424.4577757844,3379314.9849190726,-1,0,1555.1166,36.11029,334.7223,0.0014091964,13.8032465,9.008327,1509.7849,9374.759,37569.332,14503.91,0.25450268,0.06643722,3661,2,11,7
242746.0897758561,3365962.313710573,-1,0,1659.814,26.903933,15.642242,0.0034551811,9.321778,10.9256935,1246.699,11671.367,38181.383,39130.71,0.4307002,-0.09991888,3661,2,11,9
286824.29709534766,3391819.951550977,-1,0,2697.482,45.15977,204.77515,0.00045208514,18.939415,11.587632,1646.9984,21992.334,22206.436,74439.04,0.52514774,-0.21232694,3717,2,2,6
281703.6128688346,3386806.9728032867,-1,0,2161.85,21.023762,105.94537,0.0008669437,7.190614,9.91729,1648.4792,22668.68,22805.758,69416.84,0.352271,-0.011522317,3661,2,2,6
263948.0187140012,3341425.063094976,-1,0,1171.8562,49.798187,48.990906,-0.008288142,21.997005,7.8460016,984.9395,2581.0269,45767.168,71288.01,0.40396565,-0.06541062,3661,3,2,7
303035.6849089117,3363147.056044604,-1,0,1774.3801,30.711658,282.72437,-0.0013542437,11.789185,9.47822,1893.9161,10185.956,10406.503,94722.805,0.36249745,-0.038551237,3717,1,11,5
285887.4130863515,3364702.9560767966,-1,0,2068.7073,21.74249,149.9314,0.00827553,7.6155643,11.541633,1671.0817,18382.363,24535.754,77940.375,0.48593676,-0.14258802,3661,3,2,3
231114.4390950165,3363648.2562273126,-1,0,1484.1296,33.900414,206.56505,0.0050805085,13.2387495,11.015906,1433.6218,22570.002,44254.773,32863.027,0.29898116,0.052081723,3661,3,2,6
283899.2186356557,3365341.368721992,-1,0,1519.332,35.780914,140.5993,0.0013866795,13.935679,10.760936,1654.7897,18706.13,26607.014,75850.85,0.59409356,-0.27101794,3661,3,2,6
275174.0111263448,3386312.248650842,-1,0,1838.477,43.63966,236.00354,0.00040597783,17.070646,10.111003,1538.7554,19700.672,19942.623,62930.523,0.43271622,-0.100801215,3661,2,2,5
249565.57993829675,3369045.308613221,-1,0,1793.8258,26.715677,39.805573,-0.0041943286,9.410582,10.001314,1222.0315,4204.2954,33700.188,43000.387,0.28175086,0.051598642,3661,2,11,5
266402.8607258993,3345302.593638946,-1,0,1260.7242,26.127314,218.29016,-0.00038904767,8.759316,9.247778,1020.1962,1330.0376,42446.97,70530.914,0.38302037,-0.04949982,3661,2,11,5
300319.3123677799,3413660.520708429,-1,0,4923.399,22.533562,270.0,0.002384723,7.689365,8.996243,1631.5819,23562.285,27550.219,88652.695,0.07536035,0.23638795,3717,8,11,6
284896.0150866304,3357334.223004809,-1,0,1470.018,25.668379,266.42368,0.015422139,9.629276,10.963593,1542.52,11401.021,23302.062,79794.36,0.18169612,0.14488143,3661,3,7,6
291918.12545047473,3391006.094207696,-1,0,2966.6267,33.63276,235.00798,-0.011204159,12.551363,9.851562,1703.7627,26305.447,26484.385,79520.73,0.32197088,0.019204602,3717,2,2,7
300785.0905063525,3353508.831956865,-1,0,1334.4059,22.704082,124.69516,0.022092642,9.013061,11.055221,1825.8026,3266.3894,7185.388,95879.69,0.409627,-0.057889305,3661,3,2,3
288094.43540860433,3359050.2380103185,-1,0,2125.9546,28.508497,135.0,0.0028676703,9.68339,10.405786,1625.6458,12318.3,20496.938,82034.64,0.4872853,-0.15386513,3661,3,2,6
270167.6664932599,3397814.755946184,-1,0,3123.2446,27.183697,330.75116,0.002185238,9.208241,10.80678,1322.9512,7222.6445,7577.981,58210.785,0.40582082,-0.07805302,3661,3,2,6
300246.2485235537,3382620.644989576,-1,0,2404.6765,33.845,339.62357,0.0052187573,12.676428,11.563827,1854.1139,29701.807,29645.467,88217.14,0.45482302,-0.13014483,3717,1,2,6
279511.7484118568,3348652.8116949075,-1,0,841.35944,14.160267,201.03752,-0.0132752415,5.097288,7.3119187,1291.2494,1507.6472,28935.145,79182.92,0.27856722,0.04538734,3661,2,11,7
264222.4243920154,3349668.128528975,-1,0,1217.4108,22.127018,34.38034,0.002833478,7.6140223,10.968767,992.82556,2336.0007,43941.88,66079.72,0.395598,-0.057872206,3661,2,11,3
272921.174568965,3370915.4174516704,-1,0,888.0094,14.684393,201.03752,-0.0039408016,4.5942383,6.755131,1519.5964,16625.057,33524.434,63670.586,0.32053468,0.0032841552,3661,6,11,10
262811.09122346627,3365995.2556066997,-1,0,1471.9926,30.383003,246.0375,0.0040146867,11.533907,9.403097,1230.1904,5737.883,36994.867,56131.855,0.35565066,-0.041914206,3661,3,11,6
283152.12085556355,3396021.638291353,-1,0,3488.281,18.113308,45.0,0.008402275,6.256513,11.481242,1545.8721,16426.105,16638.225,70962.72,0.25232843,0.04162092,3717,2,11,2
299452.2672368252,3371408.1260548146,-1,0,1781.4205,20.273136,23.629364,0.0061527323,6.708841,11.204023,1884.4891,19173.078,19391.926,89162.805,0.177537,0.14615473,3717,1,7,6
257305.9718599112,3387658.7698427527,-1,0,2032.6504,33.985355,289.85522,-0.0010416945,12.9131565,11.047838,1274.7662,12586.851,14797.476,45010.086,0.40652895,-0.063658275,3661,3,2,6
266330.9142666733,3375845.341034727,-1,0,2354.6814,30.358582,244.23068,0.0042685103,10.962836,10.25149,1463.8171,13082.159,27450.938,55938.86,0.3349365,0.012574879,3661,3,2,6
238644.50121177867,3378967.498371355,-1,0,1953.5726,27.828457,213.11136,0.009102968,9.833996,11.212942,1165.5442,7087.63,27184.555,28735.32,0.2580013,0.050102174,3661,2,11,6
298828.91448635334,3355710.7622864298,-1,0,1374.8666,41.164387,315.0,-0.0071001872,15.526053,10.181462,1795.2064,6073.8867,9292.459,93229.0,0.29840782,0.0148634445,3661,8,11,7
272026.99330518726,3356216.957138948,-1,0,1620.5537,32.855824,334.13364,0.0022771026,12.517282,10.858056,1260.747,10861.869,35999.758,68861.09,0.4601463,-0.12674485,3661,2,2,5
257423.91105039764,3372240.0632458525,-1,0,2032.6027,26.270456,213.11136,0.013310046,10.159262,11.49917,1262.2103,4270.948,30140.969,48651.797,0.40738818,-0.07442492,3661,3,2,3
220590.66780102105,3388238.5392610608,-1,0,1340.407,21.523823,125.21759,0.004251745,7.426691,10.37311,1515.153,11542.066,33233.867,8549.644,0.31826976,-0.0017699986,3661,2,11,6
303204.7537277051,3355156.897564609,-1,0,1391.1361,23.75582,116.56503,-0.006042528,8.189085,10.190786,1880.4086,3242.0518,4894.3745,97502.34,0.46250108,-0.115778156,3661,3,2,5
220102.9843893014,3389683.90903593,-1,0,1936.3313,11.119359,347.4712,0.027691852,4.9646397,11.616675,1515.4136,12238.178,33034.0,7772.033,0.37731704,-0.049839344,3661,2,2,3
214983.281154734,3384494.5483675348,-1,0,1414.9131,28.76103,97.8533,-0.00040664637,10.482989,9.23995,1613.8848,4988.3164,39949.86,6691.562,0.4139973,-0.099772535,3661,2,11,5
272030.54030012485,3377013.64831227,-1,0,1036.6665,23.348272,12.2647705,-0.010523244,8.511704,6.0646195,1589.4272,18337.713,27391.623,61182.125,0.32599744,-0.0032821198,3661,6,11,9
275471.2600200189,3359745.7696330496,-1,0,2198.1523,34.80289,251.56506,0.0031721282,13.036195,11.664035,1389.5476,12905.196,32986.785,70250.5,0.08409384,0.25854987,3661,3,2,3
272396.0627882423,3360863.94514988,-1,0,1542.0042,20.304958,266.9872,0.0067390953,6.5950255,10.985875,1344.2747,14434.633,36219.445,66992.836,0.32513836,-0.002467357,3661,3,11,7
253231.8497671202,3338678.8866286827,-1,0,814.0223,31.020998,255.46555,-0.0017875221,12.285816,8.271404,992.3736,9551.963,56818.73,66104.66,0.45950282,-0.13163476,3661,3,2,6
298147.0812747688,3403903.346456706,-1,0,3481.3215,36.870144,261.8699,-0.00017040984,13.961973,9.697753,1635.8741,25243.982,26601.541,86149.86,0.39686474,-0.07578008,3717,1,2,6
243983.2301235933,3358255.495666845,-1,0,1852.0568,14.136085,282.09476,0.010645989,4.909501,11.424689,1273.1295,13470.133,45409.98,45258.55,0.44058397,-0.09934467,3661,4,2,3
248371.0646787931,3357285.7533389395,-1,0,1503.4869,20.417135,50.527527,0.006486645,6.996841,11.00235,1203.9559,9478.001,45502.992,49079.37,0.41622993,-0.085199684,3661,4,2,6
296626.9370191649,3415730.426801335,-1,0,5448.2314,21.8524,291.80142,-0.00078947935,7.760417,12.088009,1586.9725,19557.701,23959.383,85195.38,-0.062302716,0.38554683,3717,8,9,7
244191.0106431881,3376879.928167272,-1,0,1672.0367,22.503824,235.00798,0.0035661855,7.7461777,10.228673,1189.4944,4363.8174,27248.24,34657.3,0.2939281,0.024433304,3661,2,11,5
290650.9573269712,3382675.920922929,-1,0,1952.4884,18.0002,100.007965,-0.005022656,6.208033,9.210324,1792.1189,31310.805,31596.422,78666.81,0.41953552,-0.08481387,3717,1,2,7
268717.6276114562,3354607.826705005,-1,0,1409.4679,25.445374,223.45184,0.008054112,8.231718,9.834405,1166.1296,8913.899,39245.055,66869.61,0.43849766,-0.10227244,3661,2,11,5
267997.8272847575,3381466.664423176,-1,0,2251.4216,19.986729,58.392487,0.010698388,6.70676,11.447753,1461.2041,17673.883,22223.992,56354.38,0.39556637,-0.056711145,3661,3,2,2
261310.4546884045,3351697.628363837,-1,0,1324.6874,35.414757,213.69008,0.0074400455,13.322083,10.390195,965.97546,2503.158,46695.695,62538.375,0.37026986,-0.046943374,3661,2,11,5
213250.4424098612,3388822.782474621,-1,0,1013.2266,44.328564,11.725098,8.940638e-06,18.67672,9.0380535,1578.4955,8486.701,39660.99,2031.0588,0.40306494,-0.079118535,3661,2,11,5
219422.03126397688,3387711.0074576307,-1,0,1510.371,40.08629,351.34747,-0.0005704325,16.11573,10.940588,1528.506,10330.832,34516.293,7623.87,0.30903295,0.0065117264,3661,2,11,6
270809.8527107204,3353440.6419597,-1,0,1604.323,32.865955,291.16125,-0.007496044,11.756122,9.851562,1190.1135,9298.672,37153.92,69260.79,0.41791087,-0.08096924,3661,2,2,6
237648.46722257,3352541.171630718,-1,0,1271.4856,39.822964,83.36749,-0.0038245574,15.61084,9.846044,1443.0347,17741.145,52452.86,45724.14,0.519872,-0.19258733,3661,4,2,6
281827.7051339972,3385416.375079277,-1,0,2568.5754,19.194899,233.74617,-0.006714894,6.49288,9.926016,1669.7452,23904.805,24021.926,69628.21,0.46469998,-0.134846,3661,2,2,5
238338.70004978156,3339781.536814253,-1,0,956.712,20.445887,161.56506,-0.0038135173,6.3621526,7.691919,1121.4193,5823.787,64692.445,57110.93,0.45102233,-0.11280412,3671,3,7,5
268569.067238416,3373489.8517771745,-1,0,1658.4756,16.2644,115.01688,-0.0051682596,5.68726,8.656917,1471.5774,13554.295,30162.521,58735.66,0.54918545,-0.23418967,3661,3,2,7
295517.5449443609,3408430.025800624,-1,0,5485.943,15.548889,7.1250305,-0.0028637892,5.233663,9.349666,1590.9662,20766.707,23238.832,83542.67,-0.03430106,0.3648933,3717,1,9,3
305747.0642597676,3372300.788879799,-1,0,2194.1484,31.57916,91.68469,-0.0023071968,11.19179,9.965062,1935.097,18372.078,18418.352,95138.39,0.4054272,-0.061562866,3717,1,2,7
268497.2257141666,3380393.567892772,-1,0,1858.2968,29.845375,191.30994,-0.0005527046,10.67724,9.665562,1482.2759,17642.902,23363.154,57032.297,0.49364394,-0.17453618,3661,3,11,6
233935.7769291917,3371442.423812545,-1,0,1901.2411,32.94877,329.03625,0.00027378,10.93928,10.9028845,1250.6188,15589.705,36018.586,28868.322,0.38403594,-0.05241126,3661,2,2,6
277829.53079268953,3377656.1796074687,-1,0,2324.9219,15.783616,95.71057,0.0007266935,5.128223,11.011337,1696.9658,23678.057,28827.766,66710.91,0.46384048,-0.13164888,3661,2,2,5
265403.0205947104,3340092.289654973,-1,0,1423.6036,34.569637,96.519806,0.005346489,12.849602,9.932516,1000.21375,2428.9297,44759.742,73262.44,0.42125392,-0.06656599,3661,3,2,5
258724.9139807204,3351128.998687772,-1,0,658.648,34.27958,217.18471,0.0058356924,12.463252,9.11643,937.6611,60.0,49312.426,60902.297,0.33973303,-0.0029059702,3661,2,11,6
234720.2775370436,3369316.4382622987,-1,0,2194.0125,34.625137,276.009,0.00037472922,13.095386,10.190618,1260.9685,16441.047,37585.344,30887.287,0.39197615,-0.055056427,3661,5,11,7
255902.8355279599,3345033.251736055,-1,0,1663.0575,31.286602,232.43143,-0.009623091,11.559882,9.851562,977.58,6050.752,52813.87,63049.32,0.44326976,-0.112687364,3661,3,11,7
271927.19135400385,3383487.2701788307,-1,0,2077.321,60.680904,303.52448,0.0015905657,33.825054,11.566362,1512.8428,21068.77,21153.242,59960.234,0.27595317,0.04055538,3661,3,11,6
288706.85791850486,3357292.757968615,-1,0,1703.6528,38.651173,338.42868,-0.0021425595,14.365487,9.348338,1613.9609,10455.592,19532.502,83287.3,0.41764444,-0.10426784,3661,8,11,6
270855.723588917,3364571.3201976595,-1,0,1336.3663,35.8472,203.19861,0.0032677734,13.92392,11.038574,1373.1324,13680.0,38581.836,64017.652,0.4896599,-0.16095315,3661,3,2,5
221057.942701605,3388478.694869532,-1,0,1429.5168,45.666733,147.45001,-0.0031767683,18.66998,8.62026,1510.4816,12043.608,32715.023,8930.174,0.4310255,-0.10151884,3661,2,11,6
279156.9120855885,3363987.3401545994,-1,0,1704.434,46.191338,67.12634,0.00075614237,19.045,10.730001,1535.1307,16754.54,30490.0,71890.1,0.5553911,-0.23157011,3661,3,2,6
298197.586729817,3409581.768933836,-1,0,5142.715,47.11234,319.18494,-0.0016975979,18.557503,11.065072,1620.2753,22788.41,25738.023,86264.62,0.052917343,0.2592987,3717,1,9,7
292214.1739817012,3370364.9924444,-1,0,2532.658,22.11393,180.0,-0.00056435296,7.4836597,9.771277,1814.3341,21915.95,22716.777,82360.93,0.4739127,-0.14608051,3661,1,2,5
241777.388898606,3367862.630561987,-1,0,2129.5212,26.602793,225.0,0.012728022,9.832667,10.99596,1237.412,11533.711,36586.47,37189.035,0.36069158,-0.01693779,3661,2,2,5
281671.6472186084,3375013.822554124,-1,0,1680.1462,29.825043,127.56857,-0.00045136843,10.243712,10.490924,1767.7411,26190.113,32978.36,71025.63,0.42202124,-0.07009051,3661,1,2,5
293061.8345378261,3384038.2533241403,-1,0,2570.4597,47.11146,224.29268,-0.002562562,19.625607,10.052402,1792.1967,31931.033,32150.45,80941.17,0.43926343,-0.112895,3717,1,2,7
236086.5085930572,3340356.903669537,-1,0,490.16428,4.225515,270.0,-0.021831991,1.4572923,9.851562,1160.4487,7729.612,64630.94,55599.516,0.13571104,0.20627436,3671,3,11,10
289965.0375252836,3372257.135532529,-1,0,2471.3718,7.640262,260.5377,0.022576211,2.6056144,11.687141,1817.0146,24356.094,25647.582,79722.42,0.3242342,-0.00017889144,3661,1,11,5
263010.6997052595,3359561.3105997075,-1,0,1682.7075,18.70918,230.19443,-0.0020566436,6.423086,9.679191,1129.3563,5042.5093,43427.367,59410.39,0.4109432,-0.081879154,3661,2,11,7
271229.3499810755,3368366.7295667552,-1,0,1192.6947,43.550762,254.35776,-0.0011798738,17.839981,9.700207,1442.9083,14409.625,35665.984,62911.152,0.39437664,-0.06364958,3661,3,11,7
266573.6545378484,3371262.295691444,-1,0,1607.4996,28.683554,129.80557,0.0046924814,9.940674,10.512688,1393.9788,10757.812,32018.244,57548.52,0.35505542,-0.012518232,3661,8,2,6
273815.14883105806,3385790.326868968,-1,0,1731.6229,34.60264,312.7974,0.0032941627,11.978256,10.718578,1520.5945,19572.83,19753.648,61612.77,0.3572116,-0.020147614,3661,1,2,5
244656.85423730488,3336250.3364601075,-1,0,391.03833,9.232565,203.19861,-0.00379739,3.0572736,9.097123,995.0595,877.0975,65736.164,63254.688,0.4080676,-0.06748046,3661,4,2,6
294908.9011912875,3358366.396930779,-1,0,2181.2966,32.345936,225.0,0.009887461,11.741044,11.240346,1739.1016,9847.689,13768.609,88603.3,0.3329289,0.0005747474,3661,3,11,6
278449.2183227001,3371848.612676457,-1,0,1464.0242,29.400927,236.30994,0.005940208,10.216219,10.292787,1649.1562,22202.287,34361.996,68676.19,0.41999152,-0.08776403,3661,1,2,5
251232.44077951595,3357499.9967867336,-1,0,1528.5328,13.788812,306.02737,-0.021903088,5.077792,9.851562,1158.3088,6751.7847,44952.6,51069.867,0.42966858,-0.095335096,3661,2,2,9
290363.4107654577,3376780.1690903427,-1,0,2405.3618,36.816624,100.30484,0.010357268,13.24423,10.9346075,1860.8282,28210.781,28796.668,79195.805,0.5381387,-0.2311252,3717,1,2,5
297176.25849376153,3378637.148539216,-1,0,2846.7014,8.936295,0.0,-0.013497451,2.9957252,8.059239,1873.3809,26743.96,26912.127,85627.85,0.30079746,0.04213818,3717,1,2,5
210449.34864302367,3382587.194032434,-1,0,798.29486,33.767376,307.4762,0.011385691,12.273145,10.201475,1753.1908,2054.775,44847.664,8302.253,0.44094118,-0.103770494,3661,2,2,6
296268.3764012204,3350997.882665966,-1,0,907.9961,22.62923,246.50143,-0.011274785,8.138443,7.7126346,1711.6719,2440.0,12063.852,92774.414,0.37260634,-0.038866766,3661,6,11,7
227448.76775365567,3382206.924696393,-1,0,1906.4124,27.747751,208.61046,0.010064408,9.731404,10.776924,1391.3828,15435.313,31151.414,17259.924,0.3779065,-0.048505872,3661,2,11,3
257066.33215862515,3390520.387597952,-1,0,2241.6497,26.570066,131.82016,0.00806344,10.435585,10.649536,1265.501,12635.352,11935.38,44670.22,0.48052588,-0.15407166,3661,3,2,5
287626.35398035665,3396192.394267734,-1,0,3089.291,36.43977,290.9245,-0.005889505,14.885667,10.847687,1597.4327,19744.744,19874.203,75432.98,0.29243216,0.039123226,3717,2,2,7
286331.51839886466,3355717.1997205038,-1,0,1960.0361,28.925106,225.0,0.012893886,11.102078,10.852559,1546.5337,10008.642,21689.904,81779.75,0.34413046,-0.01906703,3661,3,11,3
257701.63020976773,3351967.159575677,-1,0,930.26904,22.204233,285.5241,0.0023022294,7.2198496,9.261295,974.7905,1048.0935,50290.188,59581.137,0.2603235,0.06209264,3661,2,11,3
279217.03348996426,3362671.6683473806,-1,0,1958.0668,35.13199,21.801422,0.0020241612,13.222102,11.121549,1514.7527,15436.561,30025.05,72445.516,0.41876614,-0.07467572,3661,3,2,6
214159.6486135564,3385656.6081842035,-1,0,850.48773,27.00094,45.0,-0.0067611425,8.687989,8.873708,1612.3262,5632.415,40141.93,5300.7173,0.47730544,-0.15327747,3661,2,2,9
249985.9502187213,3363798.1808683868,-1,0,1253.5734,19.050083,298.07248,0.011429384,6.5148873,10.871151,1203.1069,6881.453,38822.48,46200.297,0.37760767,-0.037749134,3661,2,11,6
263763.1285989752,3371805.581427136,-1,0,1947.7732,31.239126,270.0,0.0018500993,11.550228,10.494503,1344.6735,8564.607,31218.504,54722.727,0.3055768,0.027781159,3661,3,11,7
251060.0974716363,3351615.9220189056,-1,0,1563.308,36.635376,265.60132,-0.0023600052,13.498852,9.88972,1127.3833,7703.4346,50837.61,54949.96,0.4145531,-0.0860491,3661,2,11,6
298457.98797975114,3410096.2039063373,-1,0,5271.6655,26.432396,243.43497,-0.007607173,9.182815,10.322436,1621.8732,22831.37,25921.953,86548.375,-0.036501102,0.35797858,3717,1,9,7
235519.05291809712,3362985.813729982,-1,0,1950.4005,35.033012,43.919067,0.005673005,12.3769045,10.760264,1335.6227,19458.791,43145.51,36065.453,0.34585652,0.015678447,3661,3,2,6
234632.2632079645,3371910.089597186,-1,0,1714.1467,25.130375,350.1342,-0.0034218808,9.264519,9.768182,1225.1335,14755.88,35287.2,29089.176,0.32639697,-0.012572796,3661,2,11,6
302101.5030555201,3402301.1337443003,-1,0,4151.726,35.576008,54.637543,-0.00067683717,12.9839325,9.905284,1701.4192,29461.436,30794.172,90156.03,0.2258714,0.07370362,3717,1,11,6
216969.50024362988,3381708.9930695454,-1,0,1886.6908,35.595882,330.06848,-0.004482847,13.386253,10.169845,1603.5605,5021.205,39691.652,10049.249,0.36424208,-0.046566386,3661,2,11,5
295590.34314551664,3407916.911714387,-1,0,5193.5815,38.276443,279.46234,0.0027083498,14.833456,10.750079,1593.0433,21059.633,23368.453,83607.91,-0.030557143,0.36107406,3717,1,9,5
245326.86385575985,3350875.1502122614,-1,0,1060.987,24.786917,291.37064,-0.0029963974,8.994857,8.434259,1267.0073,13457.863,52332.492,51649.098,0.4671481,-0.14305519,3661,3,2,6
246781.3760535651,3369875.2350849635,-1,0,1701.0038,24.452751,24.227753,-0.024317669,10.074316,9.851562,1223.084,6471.051,33458.17,40185.773,0.33828104,0.0049898857,3661,2,2,9
240101.21791973064,3344856.2752547124,-1,0,779.9998,16.939054,293.1986,0.0043212124,5.5189767,10.391343,1263.6986,9680.356,59353.652,53538.773,0.36045033,-0.023403652,3661,3,11,7
300015.9134114089,3402319.6682649427,-1,0,3666.594,32.749798,36.869904,0.0038745143,11.84303,11.2094555,1674.5159,27668.293,28743.914,88066.81,0.3357025,-0.004660866,3717,1,11,7
284742.4847087759,3358463.090858766,-1,0,1753.1127,41.79546,306.8699,-0.0046306215,16.162037,8.263509,1557.3644,12370.792,23638.41,79191.94,0.35656226,-0.025996996,3661,3,11,7
234247.17455175024,3374087.4754461683,-1,0,1432.7352,19.88902,213.69008,-0.012375008,6.872125,9.851562,1203.6694,13578.365,33521.77,27422.387,0.40404508,-0.067873105,3661,2,11,7
245169.2367766669,3356485.285514849,-1,0,1114.6497,45.995144,110.80679,0.0018811312,19.289137,9.259258,1259.1031,12769.73,46865.426,47351.297,0.37403938,-0.030228253,3661,4,2,6
282427.9385561823,3389538.014021144,-1,0,2048.531,40.993355,329.03625,-0.0034718039,15.854479,9.96315,1623.5751,20806.584,21060.152,70038.95,0.3590523,-0.03490327,3717,2,2,6
219416.91327811437,3384813.811748229,-1,0,1750.2925,31.315323,197.87871,-0.002957369,11.57447,9.496685,1540.249,8523.497,35957.016,9137.992,0.37045586,-0.050071478,3661,2,11,6
238217.5955136466,3377795.9895335226,-1,0,1884.2748,34.944893,206.56505,0.0041474546,13.041473,11.332506,1135.9603,8155.501,28434.516,28849.77,0.2604603,0.04459825,3661,2,11,5
276368.9979805608,3356198.62939369,-1,0,1292.348,15.2115555,203.9625,0.011616715,4.912993,10.9143305,1349.976,9256.441,31667.91,72661.22,0.32611528,0.0014165966,3661,2,11,3
305212.62357518787,3414761.1894495883,-1,0,5584.947,27.298887,240.52411,-0.0055515803,10.200643,10.978264,1678.9863,28198.215,32472.55,93633.55,-0.07052473,0.38887116,3717,8,9,6
263180.3654349273,3362305.487633097,-1,0,867.21277,33.284737,19.536652,-0.0024104211,12.385057,8.769182,1177.5985,6020.0,40691.562,58171.414,0.39401188,-0.058060434,3661,2,11,6
304117.51009633346,3407421.544109478,-1,0,3567.6504,7.5300765,198.43495,-0.0025534192,2.4547734,9.778344,1699.7068,29081.562,31895.205,92114.96,0.07985058,0.24373129,3717,1,11,9
280225.4962447245,3390637.0514809494,-1,0,2929.8054,28.451248,17.241455,-0.007183196,10.008303,10.421629,1571.3875,18655.79,18862.992,67830.01,0.21485725,0.13179795,3661,2,2,5
240498.10545567496,3344671.9797766656,-1,0,1003.9783,33.91725,157.01129,0.0062820218,12.988969,10.559272,1251.4591,9421.422,59431.117,53895.176,0.5087215,-0.18123104,3661,3,2,5
266919.1393624437,3381392.045196044,-1,0,1973.1763,28.758568,255.06859,-0.0048675844,10.314795,8.725376,1441.4534,16672.125,22092.086,55302.47,0.26024944,0.06432796,3661,3,11,7
266707.0448559041,3339375.5667625894,-1,0,1360.0144,25.755133,9.090271,0.012678018,9.07697,10.928462,1011.1212,1458.3896,43760.88,74701.01,0.46746016,-0.1361801,3661,3,2,3
254496.38612621184,3385515.950304684,-1,0,2614.8945,37.350235,331.07358,-0.00029900763,14.37726,10.823698,1288.6542,9056.324,16789.342,42413.824,0.37958124,-0.043405388,3661,3,2,6
236088.1833671933,3375191.6278393865,-1,0,2072.637,27.848194,187.12503,0.009187029,9.468395,11.13481,1139.8466,11474.463,31703.67,28293.762,0.4271805,-0.085131995,3661,2,2,3
221224.24463959088,3379528.509373791,-1,0,1671.7583,20.534521,284.74356,0.021807626,7.707269,11.469755,1514.7361,9152.404,37580.22,14207.245,0.27155268,0.033514477,3661,2,11,5
261461.8106832922,3365981.414702487,-1,0,1515.3754,23.46358,249.14555,-0.0011773347,8.205723,8.894616,1202.1278,4401.295,36866.254,54926.93,0.41372707,-0.08139809,3661,2,11,6
293045.926312611,3352964.649143406,-1,0,1430.5334,19.710197,272.86243,0.0208201,6.284702,10.787235,1654.7522,5029.1353,14944.849,89026.48,0.3916967,-0.05479571,3661,3,11,3
287912.8468321032,3395349.1217320287,-1,0,3054.1965,36.462894,92.60257,-0.005978315,13.596129,9.935864,1611.4159,20474.008,20623.291,75665.49,0.35242808,-0.016988758,3717,2,11,7
260491.84307529472,3374930.0328087728,-1,0,1531.118,24.388762,295.55997,-0.0011409641,8.762586,9.373854,1328.0942,8093.1147,27889.742,50606.75,0.21373743,0.11339238,3661,8,7,6
256494.5118784135,3338290.806819014,-1,0,961.22394,33.921303,205.20114,-0.004581226,11.629968,9.834312,969.9864,10417.236,53798.77,68464.78,0.46225926,-0.13784659,3661,3,2,7
243703.88914936516,3350656.721580918,-1,0,1577.5563,37.722675,339.9048,-0.004431477,15.127512,10.646431,1308.9211,15084.887,52862.836,50796.812,0.34757262,0.00015728391,3661,3,2,6
264418.9689318278,3384798.351126965,-1,0,2324.6262,29.817083,162.75854,-0.0013915856,10.696701,11.613735,1360.4971,16458.533,18312.629,52349.023,0.48714435,-0.15500884,3661,3,2,7
250428.7826791118,3355741.8159319856,-1,0,1905.328,23.808306,205.46336,-0.0044187866,8.389727,9.227995,1162.9193,8089.314,46779.69,51630.293,0.4425432,-0.120239556,3661,2,7,6
273626.03679720697,3383647.452625876,-1,0,1283.4006,34.392765,242.74467,-0.003634665,12.39573,9.851562,1542.4724,21477.043,21617.033,61629.97,0.40526393,-0.07287087,3661,1,2,9
277435.6247166699,3362537.2322675707,-1,0,1902.7472,39.544785,326.30994,-0.00540469,14.786991,8.6792145,1475.8562,15353.449,31697.697,70858.56,0.43021595,-0.08994756,3661,3,2,7
228347.6191382675,3379648.232211425,-1,0,1417.6173,32.44723,218.92755,-0.00015622811,12.101079,10.376762,1343.0844,16212.998,32356.395,19380.984,0.28532767,0.032965254,3661,2,11,6
265462.2042825959,3368238.917448322,-1,0,1869.4615,42.523586,345.1414,-0.00038695056,17.421228,8.933866,1321.7017,8733.756,34891.69,57611.47,0.4832466,-0.16102612,3661,3,11,7
226369.1507626112,3382960.017172166,-1,0,1860.9434,29.41004,37.694244,0.012873317,10.608853,10.717761,1418.7234,14476.359,31444.535,15951.518,0.50977856,-0.18629694,3661,2,2,5
306719.48790843604,3408664.92242325,-1,0,4523.686,22.11037,133.02505,0.010444394,9.103268,12.459345,1725.4609,31076.121,34300.36,94744.39,0.15453236,0.16320524,3717,1,8,5
268570.4980072275,3387929.0562176555,-1,0,2479.426,29.113153,43.667786,0.007095676,10.823627,11.386312,1403.2861,15821.508,15960.733,56246.29,0.26997626,0.0759396,3661,3,11,6
227474.3155768208,3360606.387241397,-1,0,1533.0453,33.831646,115.11484,0.002911908,12.723933,11.233568,1562.7594,25067.225,48611.906,33630.492,0.40657517,-0.043689445,3661,3,2,3
258013.98794353768,3388741.130334849,-1,0,2305.504,27.805964,13.626984,0.0021655995,10.854462,9.827952,1265.8573,13832.368,13863.166,45660.387,0.42511094,-0.08578918,3661,3,11,6
277884.70823651674,3362448.8298230404,-1,0,1875.0049,29.930235,284.93143,0.0029517594,11.058869,11.338549,1483.6777,15232.629,31240.133,71307.39,0.3937963,-0.07111588,3661,3,11,6
245331.4271071228,3370613.7965555782,-1,0,1877.6337,41.67607,353.5412,0.003814667,15.215674,10.714712,1220.43,7056.9395,33085.094,38562.234,0.48779306,-0.14555445,3661,2,2,3
267697.35175777675,3356341.563977751,-1,0,1744.587,18.994865,263.991,0.0006624123,6.1662345,10.339168,1173.3588,9105.428,40329.11,65084.195,0.3958978,-0.063689485,3661,2,2,6
244621.91711709936,3339910.6880027098,-1,0,1039.7253,29.82252,35.31122,-0.0045035826,11.226934,7.715204,1074.7181,4447.134,63245.94,60119.34,0.55444276,-0.23639128,3661,5,2,6
295529.4099793898,3353179.262659924,-1,0,1213.7682,40.76385,311.53177,-0.004448707,15.630868,9.770397,1710.7534,4634.76,12455.718,91188.52,0.3590102,-0.03471143,3661,4,11,6
228722.0194391364,3357140.722610017,-1,0,1168.8684,32.225075,297.25534,0.009230309,12.12623,9.355025,1579.4508,25593.273,51159.562,37286.18,0.2616265,0.07455373,3661,3,11,6
257963.7350495365,3369459.239424025,-1,0,1388.1042,33.908443,164.47589,0.00086704205,12.486713,9.880341,1225.4154,2592.682,32956.082,50259.97,0.3630257,-0.015321411,3661,2,2,7
280600.89128871926,3395040.0560813462,-1,0,2678.7107,24.647549,288.43494,-0.008457482,8.778246,9.851562,1519.1204,15386.191,15686.44,68350.484,0.43795714,-0.11298576,3717,2,11,7
298023.2802182032,3359206.931465877,-1,0,1736.9038,39.308483,67.24902,0.00221065,16.663805,11.05137,1799.6598,9587.831,11223.092,91222.805,0.39509,-0.031605218,3661,3,2,6
218980.3918796626,3388327.332308803,-1,0,1555.7277,23.314777,198.43495,-0.0017457018,8.245755,8.9757805,1530.0869,10484.432,34628.188,6989.7783,0.3931077,-0.07695601,3661,2,11,6
259698.14347120613,3369584.974676335,-1,0,1937.2322,47.5506,190.56102,0.0049839756,17.559713,10.503476,1228.361,3965.476,33033.258,51784.71,0.35627905,-0.0063520297,3661,3,11,6
226072.43185079767,3386388.4527158784,-1,0,2567.97,19.29869,163.61047,-0.0003171101,7.470996,8.743591,1450.6438,15186.902,29535.31,14330.922,0.43375215,-0.09764962,3661,2,2,5
288366.7079554266,3370222.731263578,-1,0,2108.2744,28.431044,219.80559,0.0023730164,9.835038,10.702372,1777.418,22822.342,25446.133,78671.69,0.3587001,-0.02921644,3661,1,11,6
271192.0539670122,3374791.2753351973,-1,0,1154.6007,29.666643,328.39252,-0.007928564,11.334669,8.145168,1547.2472,16483.74,29357.129,60904.0,0.4580709,-0.12139852,3661,3,2,7
269873.0246928441,3387481.5154326973,-1,0,2120.3782,35.46771,306.6071,0.00044022573,12.979913,10.646168,1431.0491,16637.154,16726.521,57567.895,0.3288255,0.0008820636,3661,3,11,6
264194.9007745676,3365344.318793078,-1,0,1311.5492,31.184996,197.24147,-0.0031237593,11.380958,10.644347,1248.0968,7033.157,37692.04,57657.11,0.36672536,-0.04009179,3661,3,11,6
264541.44825360045,3375243.604980434,-1,0,2245.0376,39.342274,11.76828,0.0009039724,15.07829,10.346476,1416.9713,11350.106,27837.68,54381.973,0.4852031,-0.15470672,3661,3,2,6
223171.0136872497,3376466.4320801585,-1,0,1463.5197,36.13712,95.44031,-0.0071481466,13.67699,7.8476853,1475.9662,11740.835,38219.836,17820.34,0.36839682,-0.020761197,3661,4,2,7
282164.8893070163,3354384.54106038,-1,0,1368.3779,29.43745,181.90916,-0.005914451,10.268841,9.169402,1439.8334,7653.032,25793.102,78638.99,0.34767637,-0.015445609,3661,3,11,6
281999.1949806084,3362862.112859792,-1,0,1510.673,34.86495,106.14435,-0.0037810719,13.195881,10.220032,1575.2908,15930.304,27436.762,74946.65,0.5390395,-0.20339756,3661,3,2,7
230448.3022252572,3383820.9164514667,-1,0,2158.9126,19.004059,235.49149,0.014130411,6.473636,11.400044,1358.6536,13136.369,27881.78,19302.541,0.4240226,-0.08563914,3661,2,2,3
272955.71073050983,3384070.8941175262,-1,0,1487.1876,28.37027,274.3987,-0.0019927614,10.049997,10.013648,1525.1714,20848.945,20970.861,60917.5,0.40860328,-0.07455353,3661,3,2,7
274318.9026007412,3359446.8770193537,-1,0,1977.1365,29.357634,266.30862,-0.00097152294,10.465867,10.519633,1360.8525,12898.159,34081.82,69340.83,0.4458807,-0.111836515,3661,3,11,6
299776.56531856896,3412977.7594811413,-1,0,4730.4917,3.0851445,63.434937,-0.00082039204,1.2335988,12.494844,1627.9669,23191.285,27016.014,88056.49,0.00029199198,0.32455426,3717,1,8,9
271659.6992311095,3358030.885596771,-1,0,1409.8768,34.479122,279.21103,0.0008038197,13.26616,8.956802,1282.713,12607.363,36525.23,67649.57,0.30082607,0.026640425,3661,2,11,6
297011.07469202275,3408628.051555573,-1,0,5369.155,29.603222,0.0,0.006697711,10.300027,10.942681,1608.7012,22055.75,24717.834,85048.44,-0.025052013,0.35722208,3717,1,9,3
280275.2863706228,3360216.31674682,-1,0,1781.6982,21.616856,55.491486,0.008677438,7.635135,11.37807,1496.3511,13057.603,28372.44,74396.89,0.43328238,-0.09288015,3661,3,2,3
293647.6740403397,3408229.432858248,-1,0,4940.681,38.949352,185.31456,-0.00013765713,15.2103195,8.465202,1568.5228,19181.838,21396.525,81667.36,0.025576528,0.29236335,3717,1,9,6
284659.6327586562,3350026.790749913,-1,0,861.30664,29.698944,263.08878,0.004686839,10.59876,9.6023245,1424.0988,4963.97,23632.445,82899.37,0.33388147,-0.012583638,3661,3,11,9
278053.4851303236,3352444.0312975347,-1,0,924.99695,26.347878,272.1211,-0.0011350475,9.657443,9.694966,1323.277,5241.718,29939.633,75973.7,0.38672352,-0.052408554,3661,2,11,7
270030.294386894,3374811.0855735005,-1,0,1683.9666,42.25377,85.23636,0.0016946548,17.710361,9.916452,1523.5676,15483.4,29117.297,59779.53,0.57887995,-0.24792765,3661,3,2,6
300295.7544597011,3407497.5196375754,-1,0,4729.6626,18.112616,349.38034,-0.014790708,6.2506,9.574869,1652.1862,25517.855,28086.41,88297.15,0.056174975,0.26560453,3717,1,9,5
237455.48725308044,3359592.065452024,-1,0,1584.9565,21.718287,287.52557,-0.0009064024,7.4452257,10.20452,1358.2697,19293.068,45752.78,39916.77,0.3154355,0.016737811,3661,3,2,3
216966.24943461004,3379765.852669196,-1,0,1326.6984,33.731834,299.35776,0.009317644,11.898396,11.012941,1618.7502,4893.363,40802.387,11819.26,0.2761117,0.047639336,3661,2,11,5
295613.65976808337,3362161.906717596,-1,0,1833.0625,12.960142,153.43494,0.021179559,4.573977,11.289527,1780.8058,13278.016,14804.999,87964.875,0.45446703,-0.124567695,3661,3,2,3
290028.89806205407,3390423.57158782,-1,0,3333.8267,44.895462,270.0,-0.006016834,17.761297,10.074969,1693.7767,25260.445,25465.664,77630.375,0.2757437,0.048771612,3717,2,11,6
294044.4534210206,3375987.659005206,-1,0,2751.1252,18.840954,186.3402,0.0011622909,6.328178,10.4837265,1882.5552,25613.816,26037.053,82957.41,0.43609044,-0.110549524,3717,1,2,3
287813.9670521103,3375290.855808328,-1,0,2357.8228,23.778278,195.25513,0.0075401817,8.435683,11.422497,1842.3209,27830.646,29321.25,76970.21,0.44358665,-0.10775699,3661,1,2,5
306504.4027328252,3415315.4507096084,-1,0,6018.772,26.931643,106.504364,0.00019537528,9.352885,10.576334,1689.6598,29409.137,33785.87,94971.375,0.0,0.33333334,3717,8,9,3
262126.052082755,3355878.0371824168,-1,0,1014.8253,25.270895,259.04596,-0.0024525514,8.67345,10.026201,1050.9128,3516.8877,45869.37,60685.43,0.3311989,-0.006053966,3661,2,11,7
253369.66812717923,3358643.266716941,-1,0,1490.4369,31.677872,273.46823,0.0015142174,11.748676,9.58192,1134.1715,4344.9395,43682.703,51998.28,0.4965526,-0.17538472,3661,2,11,5
234482.260503126,3370598.500518388,-1,0,1963.9274,30.137623,331.50436,-0.00047245054,10.132241,10.019974,1248.3783,15748.691,36530.824,29839.098,0.4109613,-0.07818273,3661,3,2,7
236618.27611847105,3361655.222045591,-1,0,1631.3196,28.721134,332.4472,-0.0023934916,10.661582,9.477588,1341.1007,19016.027,44037.992,37791.383,0.35435617,-0.01067035,3661,3,11,6
303432.63968678715,3361207.083675137,-1,0,959.26526,35.70869,291.80142,-0.0061915163,13.545662,8.992715,1895.871,8224.481,8526.623,95684.81,0.47404942,-0.14250837,3661,1,2,7
266411.20794655144,3348877.80526994,-1,0,985.8655,28.894094,51.34018,0.002044871,9.513822,9.576492,1026.633,2969.8486,41851.9,68291.5,0.42773363,-0.10143443,3661,2,11,6
265476.92424735747,3349334.975002135,-1,0,964.2958,23.559353,264.80557,0.00021119228,7.8739057,9.426797,1013.038,2736.4941,42733.746,67272.99,0.4240385,-0.103745244,3661,2,11,6
290261.3995025029,3352088.2406367552,-1,0,1537.4403,43.69907,195.46123,-0.003446051,17.753832,10.408632,1583.7078,5037.956,17790.678,86898.69,0.44198284,-0.10059049,3661,3,2,7
220763.7768243186,3380659.4097732697,-1,0,2177.814,22.250032,306.38437,0.0043925704,7.5123405,10.502239,1524.839,8653.612,37225.434,13040.587,0.3842274,-0.053360716,3661,2,11,3
258682.6373824005,3344402.956275505,-1,0,1756.4412,31.762623,15.255127,0.003911141,11.3220005,9.978699,926.78326,4978.4536,50192.72,65442.734,0.45793748,-0.123128586,3661,3,2,7
280446.7201314626,3402403.2247229,-1,0,3294.911,35.570526,115.86636,-0.01262881,13.416507,9.851562,1419.1177,10335.125,10408.367,68511.95,0.25894463,0.05543016,0,2,11,7
257360.3215202174,3344218.1965492987,-1,0,2093.859,40.962513,271.21887,0.00451419,16.003448,10.524416,951.09705,5865.9785,51522.867,64644.992,0.3413944,-0.008513871,3661,3,11,5
237286.26234462147,3365717.2329513747,-1,0,1871.9751,26.770653,231.00902,-0.007411031,9.072818,9.851562,1279.0458,16362.133,39968.652,35235.15,0.30877224,0.015122991,3661,4,11,9
254964.9987602865,3342468.025519038,-1,0,978.2465,28.880497,233.84183,-0.0076226196,9.552838,9.003667,989.04645,8649.485,54225.64,64299.93,0.42456377,-0.10008436,3661,3,11,7
277785.5883065305,3348351.960089268,-1,0,729.4925,27.04633,261.57303,-0.007839791,9.57439,9.851562,1251.2234,1285.4961,30690.81,77884.45,0.32546988,-0.00032296884,3661,2,11,7
225359.63215339585,3358547.240702287,-1,0,763.14026,3.7126992,135.0,-0.012563133,1.1164858,8.946015,1638.8303,25556.941,51419.98,34626.777,0.3393355,0.013026396,3661,7,2,9
297977.08458866115,3396853.8085720045,-1,0,3598.3176,31.100174,237.80428,-0.0005052727,11.155272,9.507231,1701.9799,28558.63,28492.7,85803.56,0.23922065,0.06982138,3717,1,11,6
287960.0936225028,3392075.0025550853,-1,0,2887.7083,37.544384,92.72632,-0.0023579132,13.682911,9.502485,1654.231,22621.834,22829.092,75573.16,0.4120491,-0.09853792,3717,2,2,7
239155.8949087713,3362731.49650292,-1,0,1785.1212,33.063335,217.47618,0.013005116,11.659817,11.104983,1300.8405,16260.688,42248.43,38680.516,0.3453728,-0.025499325,3661,4,11,5
280562.89911809785,3383028.40333962,-1,0,2381.8164,33.216988,181.63658,0.0065789167,11.813711,10.96544,1678.9338,25224.021,25382.607,68595.67,0.51185864,-0.19096546,3661,2,2,5
272762.1069220673,3386084.2904245174,-1,0,1909.6151,26.938145,270.0,-0.0031738023,9.600843,8.591518,1498.3097,18900.584,19045.902,60543.48,0.38317862,-0.03942832,3661,3,2,5
279142.705632701,3388912.639149961,-1,0,2457.6428,36.086224,166.67548,-0.00050477765,13.965394,9.630511,1575.7299,19508.166,19622.521,66772.94,0.441583,-0.1164427,3661,2,2,6
272386.98570005817,3357818.582543388,-1,0,1240.3394,18.227005,312.8789,0.0030455214,5.6773496,9.949429,1294.3461,12079.279,35776.676,68390.54,0.50947666,-0.18264502,3661,2,2,9
237099.42368588876,3341495.815456917,-1,0,730.895,23.114725,40.10089,0.00470033,7.9886384,9.867005,1192.8916,7933.9526,63294.523,55025.258,0.38087407,-0.032869175,3671,3,2,5
283541.44021568843,3382538.9443042693,-1,0,2303.1216,36.947945,30.529694,-0.007601559,14.191034,8.302491,1741.142,27247.348,27363.363,71611.85,0.29959422,0.051020276,3661,2,2,6
278310.93617849663,3372205.0453535505,-1,0,1580.5842,17.720032,286.38956,0.0023702495,5.90107,9.851562,1652.1971,22166.057,33989.008,68455.95,0.25853255,0.061233856,3661,1,11,5
294485.09380524454,3401917.5721180765,-1,0,4397.3164,47.23161,249.77515,0.0021087963,20.674135,10.470946,1608.4077,23457.795,23473.547,82558.89,0.13139673,0.1877221,3717,1,11,5
269756.0174633058,3382899.542817685,-1,0,1823.0946,35.210457,207.89728,0.00217724,13.359188,10.998618,1479.0293,19887.59,21127.14,57882.53,0.40452656,-0.07173089,3661,3,11,6
296385.4583575475,3402285.427235956,-1,0,3870.748,55.135723,275.7824,-0.0002180296,25.857733,9.987372,1628.6217,24710.342,25216.443,84441.33,0.13909987,0.1699722,3717,1,11,6
297482.39301169285,3405286.4840812813,-1,0,4025.8328,33.427624,278.3659,0.005665406,12.471386,11.011024,1623.32,23964.775,25646.506,85471.24,0.18156692,0.117014,3717,1,11,5
263005.395021909,3380583.463624685,-1,0,2038.2502,32.802383,48.366455,0.005478532,11.218695,10.952827,1374.4435,12842.313,22413.926,51604.055,0.54013497,-0.20634066,3661,3,2,6
259918.53930109047,3361130.1948651224,-1,0,1207.7152,34.883656,317.0454,0.0010548142,12.085851,10.042803,1090.971,2648.49,41442.42,55947.934,0.40162686,-0.06875639,3661,2,11,6
211707.65619390013,3378282.759728835,-1,0,1087.4374,23.905622,139.89908,-0.00645146,7.7670255,8.288924,1779.1182,2150.279,45971.008,12399.214,0.39700368,-0.054882586,3661,5,2,6
234619.60471056864,3386565.6101151584,-1,0,1842.6941,12.221713,355.23636,-0.027786152,4.4313474,9.851562,1353.3506,8473.258,23025.777,22595.098,0.4222434,-0.09957136,3661,2,2,9
270427.84916184435,3375221.352891885,-1,0,1394.299,27.985632,51.009003,-0.003093289,10.262531,9.293718,1538.3403,16026.93,28783.467,60048.938,0.52797765,-0.18788074,3661,3,2,6
280325.51958982274,3400645.3616767093,-1,0,3423.7256,24.846321,323.1301,-0.0024684828,8.254749,9.801789,1440.6315,11232.114,11416.676,68500.87,0.36105353,-0.037819475,3717,2,11,6
247275.59434515532,3339391.307943122,-1,0,531.56104,33.49129,262.69424,-0.0018920325,11.887686,8.513798,1043.3801,4952.7466,62409.38,62009.9,0.37633112,-0.03174902,3661,3,2,9
287960.67479876097,3362595.060326565,-1,0,1498.9419,27.523367,227.72632,0.0035859682,8.639965,10.583986,1670.6207,15738.012,21765.39,80614.83,0.39526328,-0.06808109,3661,3,11,7
256895.88926999792,3378618.1244273875,-1,0,1885.0764,21.066296,300.96375,0.0027108742,7.255086,9.4446,1310.9722,6730.832,23739.102,46100.02,0.2747382,0.04227337,3661,8,11,3
292436.0084676052,3386328.999796796,-1,0,2226.71,30.46854,133.83087,0.007772639,10.810566,11.296838,1761.8292,29840.312,30053.506,80157.04,0.42152888,-0.08474508,3717,1,2,5
246794.60844081943,3356323.1103422497,-1,0,1756.802,26.050095,90.0,0.005449949,8.658869,10.594453,1230.228,11300.111,46706.19,48606.54,0.45756698,-0.11608024,3661,4,2,3
236461.8532551236,3366305.928376809,-1,0,2193.9055,34.896416,15.945404,-0.0010254006,13.576778,9.903276,1275.3544,16677.613,39702.72,34245.797,0.4223028,-0.083028935,3661,4,2,6
253512.3164813347,3386814.311750115,-1,0,2621.8223,20.298922,225.0,-0.004027947,6.5773535,10.647523,1291.7355,9222.505,15556.414,41299.844,0.3170205,0.027430475,3661,3,2,6
259094.19829318268,3388503.4634090606,-1,0,2100.6145,29.7457,350.5377,-0.0037669777,11.391633,9.160465,1260.4468,14461.994,14359.697,46749.926,0.3827274,-0.041312665,3661,3,2,5
241895.69484124263,3348172.2141451794,-1,0,1251.9125,26.056347,330.01837,-0.005490045,10.137005,9.063265,1324.3729,12700.37,55697.035,51726.684,0.43617034,-0.10768404,3661,4,2,7
288692.3699889758,3397872.640761422,-1,0,3615.0425,28.57359,90.0,-0.007601816,10.762248,9.71099,1587.4581,19745.16,19792.283,76639.9,0.40292445,-0.11197286,3717,2,11,7
268349.859190792,3389841.161883184,-1,0,2382.7622,24.42443,225.0,0.009995581,8.438106,10.773314,1379.0305,13922.978,14048.273,55956.01,0.39883602,-0.06414173,3661,3,2,3
291358.6673505446,3380852.608226597,-1,0,2329.627,25.952291,190.49149,0.0065721,8.899986,11.268727,1817.8447,31168.486,31584.123,79567.06,0.37034288,-0.032152265,3717,1,2,5
237001.45534535413,3380190.6686383043,-1,0,2373.9968,17.018091,183.17984,0.012918346,6.0694156,11.072608,1180.4945,7920.158,26844.398,26744.588,0.4706344,-0.13364528,3661,2,2,3
247067.79618277663,3339629.8362644,-1,0,547.8596,36.60809,225.0,0.0020586622,13.65137,9.191726,1049.1195,5023.0864,62558.09,61693.355,0.45887884,-0.12623812,3661,3,2,9
249661.70327345064,3360366.8134936444,-1,0,1556.5416,24.931187,310.36453,0.009179836,9.064212,10.7069645,1193.8693,7570.601,42265.098,48026.42,0.1749055,0.16580883,3661,2,7,5
279367.6925253982,3370398.4352048263,-1,0,1179.5333,34.093243,88.49255,0.0017490557,12.63534,9.248808,1644.443,22779.53,32969.75,69967.484,0.48258558,-0.1528132,3661,1,2,5
229112.64781871188,3382477.139398352,-1,0,1470.6276,30.215721,189.46233,0.00086938957,10.768288,10.6396675,1362.713,14731.308,29769.764,18613.727,0.41850555,-0.08957672,3661,2,11,9
271772.8653499644,3388949.44298738,-1,0,2262.9102,26.422268,14.931427,-0.0028185234,9.360414,9.634932,1447.8818,15867.668,16022.69,59404.617,0.43018657,-0.096600145,3661,6,2,5
226361.04815997457,3361404.485268082,-1,0,1002.4556,29.57102,49.398712,-0.0024827302,10.599519,8.176447,1578.8839,23758.0,48437.344,32423.887,0.45397702,-0.109850906,3661,3,2,6
268376.4067277157,3361279.011841986,-1,0,1154.6942,21.105587,287.52557,0.002246372,7.505383,10.8817005,1268.1256,10668.838,40247.562,63221.4,0.2716475,0.04749326,3661,2,11,5
248701.55638151825,3355568.5965493773,-1,0,1489.265,5.9562864,225.0,-0.02001389,2.740547,9.851562,1194.3054,9804.311,47149.562,50494.797,0.5054794,-0.17834963,3661,4,11,7
249895.29372163597,3356570.382288611,-1,0,1591.9781,22.612316,63.434937,0.0028140736,7.944737,10.839232,1176.0891,8348.533,46010.258,50679.17,0.5284144,-0.19622338,3661,2,2,7
251359.51723655223,3358883.38047768,-1,0,1497.6971,25.7981,284.93143,-0.013770485,9.759681,8.248513,1164.5581,6141.636,43567.4,50277.73,0.39760506,-0.07573281,3661,2,11,9
230991.84050579747,3373054.52913091,-1,0,2036.8715,24.279415,41.987213,0.016394552,9.045339,11.256345,1306.3202,16758.0,36048.492,25613.904,0.49925053,-0.16881308,3661,5,2,5
264072.32706065767,3342533.024619434,-1,0,1188.3335,34.188656,93.27048,-0.008263495,12.502138,8.901523,985.5603,1744.0184,45349.277,70620.95,0.43386093,-0.08253275,3661,2,2,7
311021.3228704929,3368985.466034097,-1,0,1685.2139,33.42082,300.96375,0.0032863768,12.228796,10.159305,1920.3618,14370.0,14402.701,100984.65,0.0,0.33333334,3717,2,2,6
297614.3724256545,3387891.0606527952,-1,0,3516.905,27.166447,113.42868,0.0052082743,8.81916,11.62276,1785.9204,32710.258,32857.504,85265.01,0.20879188,0.09036746,3717,2,11,3
288328.92005982006,3376675.60955921,-1,0,2630.2058,11.271432,202.61987,0.012623012,3.802026,11.54134,1853.1145,29029.395,30002.883,77208.06,0.47550157,-0.14673863,3661,1,2,2
263814.3107361942,3375509.5237989984,-1,0,2252.2483,31.629545,90.0,0.0010261197,11.961784,10.474586,1406.2704,11002.59,27516.559,53605.4,0.4152059,-0.06924641,3661,3,2,5
303360.7009361439,3375850.448355236,-1,0,2376.528,13.5998,85.60129,-0.0032410703,4.5198627,8.674281,1925.869,22429.61,22324.668,92167.66,0.43922675,-0.10181502,3717,1,2,7
224055.3855550995,3390218.6349674063,-1,0,1793.0491,22.380232,262.23483,0.0057399264,7.6874323,11.338783,1490.4888,15453.1455,29250.54,11668.299,0.2570339,0.04599826,3661,4,11,3
271642.0137445133,3362673.658223204,-1,0,1672.0526,35.3773,229.08562,-0.0034284368,12.545474,9.536156,1358.3859,14196.215,37335.4,65528.637,0.35752308,-0.026763534,3661,3,2,7
241551.24824595603,3337449.882967864,-1,0,595.0317,29.051184,201.44774,-0.0056535224,10.134627,8.088818,1032.0724,2165.3638,66230.48,60676.27,0.5085505,-0.18011482,3671,3,2,7
288139.2655022101,3389638.3900986803,-1,0,3228.9844,27.129936,102.52881,-0.0012601906,9.901464,10.202127,1687.0961,24473.785,24691.094,75746.87,0.20348264,0.11190123,3717,2,11,6
258064.69771867263,3379578.000594813,-1,0,1780.4385,26.667776,47.862396,0.0057522366,8.957159,10.184542,1314.5845,8242.391,22904.684,46994.844,0.44557735,-0.102801435,3661,3,2,5
307765.235956162,3364608.8328069546,-1,0,980.2482,41.42577,29.604462,0.0002391933,15.7805605,10.174738,1958.5015,10421.828,10577.192,98863.74,0.0,0.33333334,3717,6,2,6
254973.17383607067,3386569.387706392,-1,0,2490.2576,30.511435,60.255127,-0.0016325323,10.823035,10.344406,1286.8641,10121.749,15720.204,42775.98,0.42176685,-0.08962715,3661,3,2,6
279180.7391924351,3390164.818751392,-1,0,2769.7412,46.182137,203.45905,-0.001512098,19.009834,9.30558,1560.1184,18485.393,18614.738,66791.87,0.39840055,-0.07019208,3661,2,2,6
269885.0995151988,3366483.060525022,-1,0,1060.0486,23.187096,227.12111,0.016025476,8.491019,10.231972,1384.3114,12806.601,37294.29,62368.043,0.45481807,-0.11755364,3661,3,2,3
252337.47054027324,3377516.8501577703,-1,0,1390.295,33.987827,141.84277,-0.0019627486,12.198123,8.669041,1272.3318,2748.2358,24918.895,42045.97,0.5363217,-0.21192595,3661,3,2,6
286472.2585121912,3352519.485098358,-1,0,1248.6958,39.262676,98.47113,0.012202939,15.454614,10.850401,1503.7068,7105.188,21529.56,83321.7,0.4425763,-0.087889686,3661,3,2,5
297352.29839561926,3358923.857838365,-1,0,1876.2805,31.806557,300.37912,0.0039603743,11.743181,10.994118,1786.3105,9601.677,11694.598,90695.25,0.2601385,0.047937505,3661,3,11,5
266567.3572909783,3338686.429470289,-1,0,1501.4171,38.364754,18.434937,0.00755798,14.019623,11.048737,1008.2804,1827.2657,44123.87,75068.43,0.4505917,-0.10475348,3661,3,2,5
255504.54963639652,3363239.602221716,-1,0,1094.5817,37.010235,7.3057556,-0.002149564,13.401089,8.579036,1155.7871,1660.1206,39052.258,51091.37,0.47259408,-0.14252955,3661,2,11,7
276122.21128918405,3373892.220376074,-1,0,1839.7399,30.17688,150.25513,0.006363225,11.494957,11.486621,1634.5481,20585.2,31608.16,65899.516,0.5162362,-0.18091922,3661,1,2,5
255682.03901723583,3361009.6678342046,-1,0,1482.3193,16.895504,302.73523,-0.00321628,5.909088,10.189195,1128.6661,1517.4321,41284.36,52470.434,0.44688416,-0.113647856,3661,2,11,5
264891.37075446214,3372470.7947863834,-1,0,2031.2075,23.843388,242.35403,-0.003523015,8.166491,10.136456,1378.9875,9876.887,30627.48,55561.914,0.360076,-0.017218318,3661,3,2,6
226459.26067632443,3386327.06425188,-1,0,2768.3118,36.601803,175.71082,-0.0004975053,14.0089035,10.20987,1445.5127,15513.93,29263.379,14711.6455,0.47377872,-0.14681193,3661,2,2,6
270371.1611315677,3391079.031805712,-1,0,2560.1143,10.586889,190.30486,-0.008105292,3.392797,9.851562,1400.1344,13379.462,13507.498,57981.523,0.3418399,-0.0015817626,3661,3,2,3
238666.062411069,3338044.6361339446,-1,0,869.73956,24.747843,245.55605,0.0014661909,8.656454,9.681551,1061.1765,4274.6816,66307.58,58813.07,0.46308327,-0.13358262,3671,3,2,5
264806.2338532686,3353254.4333728096,-1,0,1055.0216,27.03106,183.94519,-0.0027962478,9.248128,9.851562,1063.2555,5748.8257,43156.176,64391.895,0.43461666,-0.09616605,3661,2,2,6
235109.11893744915,3356422.0174737205,-1,0,1596.9181,27.615667,239.03625,0.005278966,10.424699,9.851562,1443.9791,22200.293,49478.047,41086.758,0.41375932,-0.07646438,3661,3,2,5
271946.32218298665,3379210.7964106733,-1,0,1703.2853,32.607708,251.07535,0.0067225923,11.570344,10.155779,1562.3175,19546.918,25245.564,60640.785,0.34899247,-0.024552206,3661,3,2,5
273548.09468834207,3372864.470179467,-1,0,1142.0132,35.049908,187.49586,0.00771112,12.435537,10.315719,1564.3146,17807.87,31791.824,63688.008,0.40588433,-0.07599671,3661,3,2,5
306186.5674486229,3381072.9429053958,-1,0,2720.1978,27.192957,168.69006,-0.0065780953,9.746963,8.563772,1903.4474,26886.43,27089.453,94279.016,0.4046712,-0.072016,3717,2,2,6
297688.6290709788,3365697.214318192,-1,0,1860.7115,9.571118,324.4623,0.0023181175,2.997259,11.290195,1833.9193,14933.721,15583.046,88867.234,0.42321128,-0.08788701,3717,6,2,5
279350.33388742304,3381033.080967524,-1,0,2021.6033,22.02222,270.0,-0.0044816313,7.7034674,9.752075,1682.7523,26349.94,26601.76,67648.94,0.4464717,-0.11234829,3661,2,2,7
308984.6825620527,3405262.0990722147,-1,0,4987.2925,9.096365,225.0,0.0039462172,2.8152974,11.653896,1765.0035,34408.055,36987.35,96971.24,-0.053762283,0.3698048,3717,8,9,6
301867.324596477,3405065.209057051,-1,0,3195.4277,23.767046,166.60748,-0.011466705,9.138581,9.851562,1680.9482,27948.785,29990.166,89852.65,0.060308084,0.2758363,3717,1,11,9
243848.71358232945,3377405.47986511,-1,0,1560.3452,30.133514,137.60254,0.006174507,10.712154,10.513683,1186.6592,4263.5664,26848.018,34131.07,0.44421944,-0.12322628,3661,2,11,6
307289.05291030573,3410354.326814419,-1,0,4297.0586,41.38231,148.62698,-0.0024531619,16.381128,11.176241,1723.4518,31124.334,34668.004,95380.51,0.15330824,0.14134532,3717,1,11,6
303697.6434713949,3360078.3853918826,-1,0,858.39886,33.38769,100.007965,-0.004454836,11.9288,8.518726,1898.0273,7076.8496,7440.2686,96285.125,0.5086239,-0.18488082,3661,3,2,10
263360.66163626174,3368108.495930824,-1,0,2101.8413,36.740456,257.0054,0.0031738018,13.984286,9.627618,1276.1648,6667.3906,34888.957,55735.477,0.35010165,-0.025841128,3661,3,11,5
264432.05547458545,3360174.032068409,-1,0,1265.0538,42.95028,77.00537,-0.00969256,16.766703,9.851562,1168.6342,6575.6064,42867.523,60314.188,0.44426453,-0.104085416,3661,2,2,7
272363.6726188922,3393028.8813571464,-1,0,2443.687,26.262566,186.84279,-0.0027193555,9.138484,9.368469,1411.2698,12463.068,12763.656,60016.812,0.46893537,-0.14693037,3661,2,2,6
211938.89917083585,3385287.7269580523,-1,0,1091.1241,34.824936,265.36456,0.0009483846,12.691309,8.84513,1656.3444,4849.2886,42297.363,5389.666,0.39820752,-0.072719574,3661,2,2,6
225441.4676655276,3375553.833472688,-1,0,1957.3196,32.56898,61.260193,0.00020462275,12.118018,11.557206,1424.5062,14188.322,37347.56,19965.334,0.5104732,-0.18403362,3661,5,2,5
242120.3754480351,3343831.606898861,-1,0,1536.4257,18.002993,302.90524,0.016377328,6.257577,11.369635,1200.7163,8358.595,59872.836,55470.008,0.033906594,0.29870215,3661,3,11,3
298168.92147173604,3395528.2160087344,-1,0,3852.7651,42.363945,323.8068,-0.001444932,16.16116,11.036323,1716.8467,29255.047,29222.049,85908.14,0.20821106,0.09757308,3717,1,11,6
290000.6438262768,3348489.2765139234,-1,0,913.74805,34.986237,301.50427,-0.0035385904,12.965493,9.23732,1536.0538,1900.6578,18770.791,88326.79,0.3624733,-0.032734193,3661,3,11,7
272129.2296896499,3347606.775964052,-1,0,1208.9924,29.409485,333.43494,0.003090212,10.584048,10.802963,1131.9147,4328.0713,36391.836,73627.27,0.34397572,-0.015023535,3661,2,11,6
286917.4125143278,3362989.39939497,-1,0,1755.617,28.360743,262.1467,0.0046956255,10.183481,10.266029,1660.591,16428.102,22888.025,79491.26,0.3499261,-0.016325211,3661,1,11,5
235223.521795734,3380979.261371554,-1,0,2287.935,27.129868,332.4472,-0.013393373,9.405476,7.3762517,1213.5107,9262.316,27087.238,24797.404,0.42718711,-0.107668385,3661,2,2,7
259275.72410354728,3346389.553009251,-1,0,1199.7668,25.436987,75.963745,0.011592339,8.619801,10.802227,905.0079,3000.933,49268.15,64479.2,0.37702206,-0.04549869,3661,2,11,5
268391.749437431,3353239.352042256,-1,0,1511.7297,25.463842,223.36342,0.0005102118,8.380154,10.348993,1137.1362,7615.4385,39566.92,67351.734,0.44367087,-0.10934091,3661,2,2,6
286181.14853753644,3398434.5411570487,-1,0,3347.4978,47.494804,344.0546,0.0030630594,21.285961,10.414341,1551.7627,17302.361,17387.49,74197.96,0.3627348,-0.029887524,3717,2,11,6
271893.47980655945,3365195.895034286,-1,0,1266.3208,27.392437,253.49564,0.007043863,9.721574,11.106294,1404.7598,14722.662,37762.254,64722.26,0.36941737,-0.045362268,3661,3,11,5
262606.40544505534,3331803.5105015,-1,0,1162.4749,35.76152,313.99493,0.006272928,12.764769,8.797256,991.2985,2740.0,50483.414,77366.3,0.31135815,0.019689975,3661,3,11,5
245338.7686606673,3353449.7085392936,-1,0,1422.417,43.033344,55.097504,0.0004914811,18.028627,9.722534,1262.0911,13348.633,49797.832,49695.348,0.52796143,-0.19943534,3661,3,2,5
233814.3440420761,3358014.046062736,-1,0,1557.1376,44.582657,302.8557,-0.0011844191,17.550123,9.209021,1449.9736,23219.227,48396.895,39049.184,0.3518326,-0.018696342,3661,3,11,6
267924.6876208294,3382618.341706496,-1,0,1734.6367,24.313662,101.76828,-0.0011362024,8.585027,9.441494,1447.7341,18132.363,21074.96,56109.023,0.502262,-0.18378426,3661,3,2,7
258489.2312106128,3377046.961453372,-1,0,1403.1475,23.930065,306.38437,-0.0015748723,8.516044,9.36878,1333.2054,7191.1963,25467.97,48057.465,0.3140651,0.018224549,3661,8,11,6
295102.9304696462,3407839.2497399845,-1,0,5158.2354,18.44627,326.30994,-0.0069169323,6.0556035,9.694238,1587.1769,20657.324,22890.434,83116.03,-0.07533378,0.402254,3717,1,9,6
283034.6870471557,3392175.065566024,-1,0,2379.9504,34.050007,257.79953,-0.002300378,12.789674,6.1559434,1597.4199,19145.05,19440.809,70656.14,0.4650811,-0.13577421,3717,2,2,7
251852.13667751584,3348522.361004475,-1,0,1526.9999,41.215286,116.56503,0.0010570074,16.247364,10.4895935,1084.9404,7279.485,53865.137,57731.023,0.51741385,-0.17856687,3661,2,2,6
285398.2522460984,3362070.5808042977,-1,0,1491.0698,33.678493,140.5993,-0.001942564,12.541588,10.17345,1624.1659,15971.391,23966.68,78398.9,0.4723819,-0.13604805,3661,3,2,6
259338.4447610896,3346615.0179167646,-1,0,1083.4363,17.550896,54.46231,-0.0072695184,6.203063,8.383658,902.4617,2785.3904,49175.414,64372.09,0.4700931,-0.14158009,3661,2,11,6
303789.8942957676,3354102.347934105,-1,0,1039.4318,11.509481,305.5377,-0.03252237,4.442048,9.851562,1890.5,2142.452,4171.7266,98431.52,0.34351516,-0.02215743,3661,3,11,9
254997.0101678232,3383034.567658062,-1,0,2325.0237,35.945763,166.32867,-0.000522908,13.524657,9.457819,1290.4348,7860.4326,19260.094,43277.906,0.2976041,0.05103226,3661,3,2,5
224121.60421563205,3376831.64424008,-1,0,1284.0673,30.638151,114.14554,0.0026976918,11.310219,10.684209,1445.3448,12532.218,37298.484,18134.547,0.4290565,-0.09825871,3661,5,11,6
282584.81040210987,3357416.034355478,-1,0,1245.5118,16.640099,187.12503,-0.027770082,5.6925826,9.851562,1498.1593,10686.16,25600.816,77667.234,0.43342307,-0.0956044,3661,3,2,9
285051.3023748193,3352379.624851154,-1,0,1001.3995,39.08148,67.69379,-0.0031943184,15.630619,8.58683,1469.6404,7117.0566,22955.828,82126.94,0.33314958,0.014156179,3661,3,2,7
296824.14050457464,3407590.08845542,-1,0,4657.024,35.350517,283.67133,-0.0009894359,13.058417,10.27506,1608.9902,22310.178,24627.8,84829.75,0.053676423,0.268859,3717,1,9,6
281633.33566509926,3354647.078383445,-1,0,1132.3263,38.480648,168.69006,-0.0032560383,16.5103,9.494681,1433.3243,7780.244,26328.525,78044.2,0.42851314,-0.09002999,3661,3,2,7
277672.0299501484,3399922.4764069053,-1,0,3287.6714,17.47911,298.07248,-0.008592406,5.649975,11.255822,1411.0609,9819.572,10066.28,65918.31,0.4031594,-0.07202403,3717,2,2,7
266269.90198803286,3382037.748298033,-1,0,2161.1306,26.092283,274.5739,-0.008387064,9.024351,9.670479,1422.4348,16397.25,21326.57,54555.305,0.36557752,-0.021049136,3661,3,2,7
302527.1390259472,3358993.2320644464,-1,0,1097.1226,18.577257,241.69925,-0.0025472995,6.3980484,9.456276,1876.1205,6662.0796,7388.1665,95532.23,0.38111675,-0.044504955,3661,6,11,7
275122.9878644107,3351961.123873109,-1,0,1073.6814,39.811405,193.0919,-0.0010193972,15.363669,10.018265,1254.9955,5616.1377,32892.086,73707.14,0.39916545,-0.050035022,3661,2,2,6
272519.84490850446,3347575.121623421,-1,0,1037.3097,31.057316,351.63412,-0.010529706,10.77723,7.4091344,1138.9531,4109.903,36015.02,73967.305,0.49508038,-0.1617757,3661,2,2,7
251862.48005517785,3353680.683548247,-1,0,2019.9146,24.467619,70.906494,0.008803828,8.58233,10.438496,1122.3773,6814.5874,48714.562,54086.977,0.32133055,0.03257606,3661,2,2,3
252925.5078068786,3344055.7574075344,-1,0,1101.7083,42.776985,210.80145,0.002444264,17.309069,9.900628,1027.9199,8826.193,55918.746,61767.086,0.38594538,-0.050382074,3661,3,11,6
248209.68730415904,3365706.1770226206,-1,0,1880.3092,32.724304,296.56506,-0.0073672323,12.644907,9.851562,1219.17,6965.9316,37225.67,43650.406,0.349064,-0.024728632,3661,2,11,6
281237.56422659697,3362662.297379932,-1,0,1662.8152,39.84776,328.62698,0.00044896326,15.543586,9.974782,1556.3147,15616.3125,28094.496,74316.52,0.47588572,-0.15500078,3661,3,2,7
294563.40544903104,3376473.5794434496,-1,0,2810.9275,18.61297,132.8789,-0.0016961507,6.044141,10.124522,1883.0022,25796.102,26174.266,83386.24,0.36467227,-0.02783839,3717,1,2,7
294136.0065944103,3410364.355883647,-1,0,5144.123,38.938072,172.05652,0.00019221514,15.11514,10.6267605,1570.7542,18735.041,21606.781,82248.734,0.051285546,0.26446494,3717,1,9,7
256452.02009197613,3348057.812223956,-1,0,1339.3788,27.817287,130.23633,0.013288563,9.576621,10.894455,966.8397,3486.388,51839.14,61286.566,0.36861858,-0.049682923,3661,2,11,5
272664.9515077064,3363178.3108648253,-1,0,1996.8276,11.276865,288.43494,0.02768701,3.4719405,11.458835,1387.7965,15317.693,36469.496,66239.13,0.41468447,-0.0792454,3661,3,2,2
246103.52533708065,3369015.4689114257,-1,0,1910.8447,32.760937,280.95407,-0.0032259054,13.373855,9.365436,1224.4417,7450.168,34462.457,40063.53,0.4327893,-0.097528145,3661,2,2,7
275163.6494653763,3394161.094012166,-1,0,2257.9019,43.11693,219.80559,0.00067979033,18.133228,9.809674,1443.4309,12934.933,13051.763,62867.504,0.26667213,0.082269594,3661,2,2,7
302505.086130472,3366379.0923536383,-1,0,2165.295,28.319645,291.16125,0.013729507,10.140662,11.719665,1895.0284,13424.951,13543.744,93323.79,0.3933947,-0.06373054,3717,8,2,3
243469.69873880636,3344956.133554582,-1,0,1280.8,30.000912,29.054596,0.002293265,10.701177,10.079015,1207.1305,9433.583,58499.605,55269.785,0.4613452,-0.12607692,3661,3,2,6
302971.06111365143,3365571.48371717,-1,0,1904.9789,20.539417,345.96375,-0.00270575,7.0503163,8.96788,1898.6378,12516.633,12613.342,93990.664,0.36192504,-0.024371065,3717,8,2,5
227427.04364645804,3384317.214391656,-1,0,2353.1775,37.730705,258.9298,0.0019339259,14.903827,10.973934,1413.4012,15801.398,29753.113,16312.465,0.41251528,-0.074711,3661,2,11,5
290022.717771158,3391661.5124093364,-1,0,3235.4292,26.76138,315.0,0.013688975,9.649586,11.847421,1678.613,24433.004,24630.016,77636.44,0.3934878,-0.062097266,3717,2,2,6
279963.5293412195,3396568.6620501606,-1,0,2509.8176,14.550205,124.69516,-0.00664647,4.9727206,9.851562,1488.8444,13829.406,14110.542,67827.96,0.47254524,-0.14309904,3717,2,2,9
299397.90969296376,3408426.186184955,-1,0,4956.1377,58.311096,244.9424,-0.00023281813,29.30792,10.343456,1638.1377,24340.342,27106.873,87420.48,0.05320275,0.25808382,3717,1,9,6
240623.2293782379,3380670.181575652,-1,0,1624.8694,34.96939,117.25531,-0.001489923,12.681389,8.794618,1214.0293,4493.696,24815.648,29945.5,0.46625426,-0.1290765,3661,2,2,7
254934.55867571128,3369780.8821704094,-1,0,740.83575,23.996939,202.24902,-0.024117364,8.908413,8.234364,1227.3228,835.4639,32510.223,47388.04,-0.013772518,0.37914592,3661,2,1,7
243175.71568653669,3384371.310798128,-1,0,994.5737,30.594608,337.83365,-0.008616695,10.855174,9.851562,1285.8041,651.4599,20427.457,31416.117,0.39401487,-0.07111337,3661,2,2,7
244727.93013878984,3371828.0223946576,-1,0,1467.2643,33.29675,157.61987,-0.0018743805,12.644917,8.174769,1214.9869,6746.0356,32015.686,37413.87,0.47349814,-0.14139746,3661,2,2,7
245530.39962606068,3365828.988114538,-1,0,2126.6697,23.251472,196.26021,0.009931776,7.926704,11.165794,1232.8684,9168.124,37682.383,41410.004,0.29156572,0.038283374,3661,2,11,5
282934.6146516887,3398342.819965782,-1,0,3111.147,28.17421,285.12402,-0.007437668,10.957967,10.402807,1510.3693,14707.362,14894.999,70956.84,0.42821512,-0.10447819,3717,2,2,9
271879.9164386225,3372985.69553504,-1,0,1129.362,38.443344,320.35583,-0.0005541451,14.073957,9.988022,1531.726,16299.365,31270.537,62052.016,0.34121224,-0.031571377,3661,3,2,6
279582.22395590285,3380234.770194981,-1,0,2199.2705,24.581924,131.63354,-0.010651711,8.303906,9.851562,1697.7019,26464.074,27423.531,67994.71,0.42218792,-0.08710449,3661,2,2,9
295900.611853286,3388814.614148891,-1,0,2818.073,31.71722,180.0,0.00037585414,11.600562,9.509693,1762.5726,30792.863,30948.531,83530.484,0.4962445,-0.18154788,3717,2,2,5
275761.31119160174,3392882.1043707016,-1,0,1978.4453,12.442057,4.7636414,-0.0065644737,4.3957987,9.851562,1468.7351,14333.457,14456.02,63408.87,0.16400535,0.18519409,3661,6,2,10
236278.6291112041,3339646.259317948,-1,0,557.21027,22.490356,161.56506,0.011183003,7.735604,10.030279,1131.5938,7088.8223,65284.773,56332.008,0.45463943,-0.11717008,3671,3,2,5
297826.8628737653,3374590.269674238,-1,0,2545.198,31.20699,41.49646,0.003747094,10.414024,9.906285,1891.5425,22729.197,22964.809,86928.3,0.42611325,-0.09848649,3717,1,2,5
248294.44781252116,3371912.045991022,-1,0,1533.7477,35.801334,305.7067,-0.0031394495,12.515748,9.480297,1225.7753,4082.2173,31123.016,40501.51,0.3434513,-0.032537565,3661,2,11,6
271427.80161699926,3379556.1372614712,-1,0,1509.7046,25.739689,263.88452,0.013876445,8.851808,10.806023,1548.2975,19359.504,24780.076,60066.406,0.34879637,-0.018413685,3661,3,2,5
259928.37088216445,3374389.585847499,-1,0,1254.9459,15.351788,103.24051,-0.021916397,5.8889804,9.851562,1308.5863,7365.5005,28316.701,50237.574,0.25997016,0.081363514,3661,8,11,9
262960.0840359908,3378096.3797319084,-1,0,1605.3673,32.047665,308.15723,-0.0040248414,11.042792,9.511654,1397.014,11654.39,24900.998,52099.12,0.35233223,-0.029341133,3661,8,11,7
258821.97532654,3366291.5741970628,-1,0,1085.454,37.751846,313.0251,-0.0005948505,13.122042,9.949071,1177.0598,1837.0901,36193.75,52437.027,0.42091697,-0.09068185,3661,2,11,6
260383.33898082844,3379232.079035217,-1,0,1252.1425,32.999294,274.28915,-0.0112305535,12.109196,9.851562,1335.8154,9900.914,23661.227,49332.39,0.3618279,-0.036878914,3661,3,11,7
258650.1977601529,3367844.51181978,-1,0,1344.6958,12.462649,175.60132,0.012292776,4.4843545,11.252048,1201.3042,2138.621,34633.453,51573.395,0.33794746,-0.0049791243,3661,2,7,3
254695.0606522406,3359348.7158416416,-1,0,1241.2001,32.881863,293.80594,-0.010730005,12.27262,1.8839495,1122.5029,2843.1147,42941.508,52627.047,0.3801443,-0.049892053,3661,2,11,9
292377.21361567784,3368353.854071336,-1,0,2441.0144,31.498264,106.8584,-0.00087333325,11.675623,11.632977,1795.0433,20054.19,21195.125,83033.35,0.48489094,-0.15273225,3661,1,2,6
291681.6892156047,3384711.557962779,-1,0,2079.9614,29.547215,198.43495,-0.011537318,10.347095,10.864563,1775.003,30497.875,30730.613,79512.94,0.39504436,-0.05808395,3717,1,2,7
245363.05167705895,3376753.4517745115,-1,0,1556.345,26.146904,73.73981,0.0060857385,9.047717,10.545089,1201.2883,3576.7722,27077.873,35784.2,0.41932195,-0.083289415,3661,2,11,5
248126.4700272694,3349112.2390442924,-1,0,1108.024,29.846035,191.63365,0.013911615,10.116512,10.627375,1188.75,10804.676,53629.63,54799.957,0.49639928,-0.17202309,3661,2,2,5
299173.5940916719,3415030.995049812,-1,0,4987.641,10.3319845,212.0054,0.006749941,3.4040089,11.825,1615.1561,22185.676,26451.436,87651.57,-0.05073838,0.3756397,3717,8,9,7
270393.7093983492,3343441.28384442,-1,0,1088.4493,17.904375,38.157227,-0.000252256,5.6792693,9.135271,1071.9052,2604.995,39010.836,74791.234,0.37422267,-0.044929475,3661,2,11,6
287997.28881343995,3383845.846953558,-1,0,2403.69,16.424267,71.56506,-0.0020937875,5.631224,11.128239,1760.2853,28714.729,28983.494,75907.0,0.5025399,-0.18167597,3717,1,2,7
278893.25770585705,3357276.3724650955,-1,0,1407.4349,36.231373,28.495636,0.00043838998,13.757037,10.173802,1419.7074,10030.842,29245.645,74411.98,0.4423465,-0.09991164,3661,3,2,6
288909.76633243833,3350327.5435170163,-1,0,859.5885,17.668074,144.46231,-0.002562522,6.0754175,9.706281,1531.0688,4038.3413,19396.52,86488.664,0.49012792,-0.16081971,3661,3,2,10
268640.81057242,3370864.3806513203,-1,0,1836.8441,25.526932,211.3287,-0.005472958,8.714802,8.618884,1430.2577,12519.113,32755.363,59633.066,0.3499732,-0.02196174,3661,3,2,6
242984.40463019643,3383558.3062852267,-1,0,1042.2461,25.825825,335.37643,6.173547e-05,9.155359,8.898044,1272.9692,1084.6658,21252.332,31403.154,0.36624396,-0.04207088,3661,2,11,6
294971.2090325405,3359264.472937009,-1,0,2298.0435,35.771927,329.53445,0.00046105456,13.714706,11.38224,1747.5535,10732.605,14012.809,88348.27,0.3588068,-0.030478971,3661,3,11,6
285085.9547744179,3347641.366851985,-1,0,790.1218,18.44971,74.47589,-0.007064947,6.1877356,6.604761,1391.1392,2611.743,23732.52,84466.31,0.43069655,-0.09179065,3661,2,2,7
277080.9757181753,3379139.5926978737,-1,0,2013.7301,3.5964732,33.690063,0.001521897,1.2203935,11.6558695,1663.4225,23754.926,27164.13,65707.734,0.39652243,-0.05558148,3661,2,2,5
250903.28312639875,3372994.3964552283,-1,0,1037.5511,34.252937,71.99585,-0.002600363,12.721143,9.731405,1239.1892,1399.7858,29592.44,42370.383,0.43470615,-0.094911836,3661,2,2,6
266560.1544448564,3347292.1253841994,-1,0,1083.1455,34.648335,212.0054,-0.0014970622,12.047672,9.646362,1026.487,2058.0574,41937.05,69384.89,0.38554862,-0.054195367,3661,2,11,6
271652.87597317284,3397677.666139334,-1,0,3189.0715,27.7611,152.52557,0.0004150861,9.466818,11.126829,1347.2177,8078.5273,8260.037,59674.35,0.41684574,-0.09286785,3661,2,2,5
292687.095581698,3356079.851036198,-1,0,1792.5339,33.516647,205.11484,0.00068149564,12.394537,11.361577,1677.0157,8046.5957,15413.725,87420.016,0.41843703,-0.083876416,3661,3,2,6
257685.3361826455,3341508.986331445,-1,0,1281.9636,26.599503,339.44397,0.0022463396,10.004781,10.530017,952.78424,7963.5737,51793.57,66834.92,0.47449082,-0.15104118,3661,3,11,6
266003.0523493572,3369390.9582545883,-1,0,1733.1414,20.706964,130.23633,0.015788909,8.51448,11.037355,1351.648,9551.444,33803.14,57675.344,0.4173891,-0.07578572,3661,3,2,5
231573.1676491052,3361903.956349224,-1,0,1930.5985,11.333126,270.0,0.029068623,3.762991,11.08884,1446.9469,23222.51,45643.297,34568.914,0.25535753,0.070372984,3661,2,2,2
212893.62651610168,3377347.6865977747,-1,0,1647.5779,47.874584,90.84253,0.001528147,19.898142,9.7277355,1751.6036,3157.8472,45514.785,13319.389,0.5218533,-0.19338676,3661,4,2,5
293092.8790417059,3366754.175151076,-1,0,2124.7688,25.44087,277.4314,0.007121387,8.418629,10.747215,1787.0557,18367.475,19593.176,84167.56,0.32096726,0.0040409775,3661,1,11,6
233104.45864412305,3371054.516389294,-1,0,2160.5254,27.336212,115.55997,-0.014043307,9.560763,9.232004,1278.2189,16465.686,36742.848,28521.152,0.53853387,-0.22241503,3661,5,2,9
307583.8836569771,3374113.13772222,-1,0,1540.6791,28.251873,112.16632,-0.0020457632,10.525501,8.664058,1946.7476,19793.295,19991.24,96618.01,0.4758391,-0.13287719,3717,1,2,9
247497.6936902029,3373275.5240144134,-1,0,1208.6506,16.148937,10.619659,-0.020210259,5.6334715,9.851562,1222.9749,3667.1514,29988.564,39171.7,0.47589815,-0.15456305,3661,2,11,9
234969.6375767516,3342949.2488738243,-1,0,728.8739,8.269233,180.0,-0.012334605,3.0342128,10.601222,1277.094,10414.533,62410.273,52779.25,0.4265194,-0.08418904,3671,3,2,7
297267.8553512694,3393992.5598351723,-1,0,3312.308,32.712914,343.8108,0.0040906705,12.200175,10.70666,1722.6593,29126.012,29143.426,84935.305,0.4553384,-0.13425092,3717,1,2,5
271786.8494413176,3356230.723360129,-1,0,1706.3048,35.28243,281.88867,0.0008803117,13.79838,9.838333,1255.9581,11000.041,36239.914,68648.36,0.42765254,-0.09279021,3661,2,2,6
229741.64596080213,3377354.639619517,-1,0,1518.8785,38.106644,198.43495,0.0041492507,14.922425,10.829584,1282.0864,15694.719,33224.992,21867.295,0.41780353,-0.093261726,3661,2,11,6
295321.5275391308,3357027.4980675443,-1,0,1970.3734,33.9952,37.476166,0.0015495047,12.118631,10.334227,1736.1594,8489.906,12993.052,89489.45,0.4186018,-0.07742742,3661,8,2,6
307178.1331667915,3404328.087430558,-1,0,4703.5083,30.57327,213.69008,-0.00040996837,10.853041,11.099635,1753.6395,33088.23,35345.62,95170.59,0.028316038,0.29608265,3717,1,8,7
277981.9138188961,3384521.208906948,-1,0,2359.8943,20.69893,194.74358,0.0079328,6.8528595,10.638354,1611.8812,22641.3,22862.697,65876.766,0.41770083,-0.087864116,3661,2,11,3
297935.34591882606,3405839.413402089,-1,0,3712.1016,21.082363,24.44397,-0.021673676,8.562057,9.851562,1627.6147,24091.793,25984.021,85920.04,0.12822776,0.1809657,3717,1,11,10
256753.83943907332,3347545.2606509114,-1,0,1463.0035,30.477997,75.06857,-0.0013169006,11.125977,9.681496,959.6126,3662.813,51603.43,61863.914,0.43873155,-0.09212558,3661,3,2,6
257596.5096569767,3345131.0263878466,-1,0,1849.2324,40.99791,10.080597,0.0069220834,15.838816,10.969004,944.83325,4978.4536,51131.715,64156.22,0.47892258,-0.1429726,3661,3,2,6
280005.2112008488,3356019.066894051,-1,0,1081.653,22.118752,174.80554,0.0021334186,7.679498,8.605572,1422.1398,8867.13,28024.348,75967.375,0.50308824,-0.17327438,3661,3,2,6
285903.997391414,3371973.014473108,-1,0,2058.8486,33.126736,230.01312,-0.0084255105,11.807545,9.219295,1781.1154,25316.656,28457.734,75848.766,0.4166229,-0.08294551,3661,1,11,6
230529.86651011,3360848.5579574774,-1,0,1464.2408,10.538181,233.1301,-0.02649334,3.8869917,9.851562,1486.7944,24692.0,47036.35,34890.3,0.29743463,0.05680245,3661,3,11,7
246971.9511177756,3356980.184978028,-1,0,1569.6683,19.746092,174.55963,-0.0142672425,6.6646867,9.13525,1227.0874,10895.985,46024.805,48271.305,0.35921642,-0.019196665,3661,4,7,6
256004.0167242428,3354990.5326749533,-1,0,1543.7083,27.141397,261.57303,0.009916808,9.645623,10.7468605,1051.7297,2630.0,47308.945,56339.867,0.28533497,0.035529107,3661,2,11,5
257729.35400539808,3371544.2334622964,-1,0,1914.098,28.363081,208.30077,-0.002626505,10.334724,9.899829,1253.9132,4010.586,30863.117,49197.39,0.4885703,-0.15264997,3661,3,11,5
238270.3327949467,3354321.941029781,-1,0,1334.8938,28.662264,354.09387,0.0099827945,10.1200285,10.180974,1407.9446,19321.379,50569.453,44613.562,0.43520904,-0.095666744,3661,3,2,5
264642.981686636,3342000.6012790576,-1,0,1286.4547,25.696367,267.9546,-0.0021706028,8.978985,9.398735,992.7708,1679.1962,44936.363,71399.29,0.34731993,-0.02546467,3661,2,11,6
286453.9159235713,3382626.9421940628,-1,0,2553.3005,21.775717,182.60257,-0.0065099136,7.3736587,9.851562,1766.0369,28777.16,29009.29,74494.055,0.44929877,-0.12502874,3717,1,2,6
286997.8989366313,3364566.520212814,-1,0,2000.2919,23.261877,154.44,-0.00914567,8.573184,9.851562,1684.131,17909.441,23483.39,79030.68,0.39846152,-0.049170427,3661,1,2,7
271203.4316768587,3347011.989134746,-1,0,1604.9335,15.116271,39.805573,0.0015199996,4.9728937,10.966172,1110.0475,4265.9697,37405.125,73238.914,0.33712205,-0.013282342,3661,2,11,3
304361.6818105901,3353266.726622561,-1,0,991.3773,33.5618,1.7357178,-0.0027257325,12.101301,9.022936,1901.7471,1189.8319,3659.5356,99279.875,0.0,0.33333334,3661,8,2,6
279705.3273236698,3381338.832246289,-1,0,2234.6755,37.32306,309.98688,0.0017423397,13.93302,11.083971,1685.3118,26255.674,26475.281,67952.18,0.41401696,-0.07524517,3661,2,2,6
290152.45981914736,3381443.591451442,-1,0,1868.9958,26.618576,155.22485,-0.005505206,9.322894,8.578552,1803.7916,31937.535,32208.615,78304.7,0.4631623,-0.13562681,3717,6,11,7
277759.2685698236,3386964.562360781,-1,0,1694.6603,35.63367,337.38013,0.0042022164,14.16659,11.345892,1576.5685,20412.414,20584.137,65464.645,0.31981584,-0.002650452,3661,6,11,5
288730.5588168884,3366176.968027628,-1,0,2310.575,8.523702,74.054596,0.015923584,2.8561237,11.447728,1728.3601,18890.93,22765.07,80168.984,0.4625087,-0.13337892,3661,1,2,3
281877.6041653941,3399546.064107053,-1,0,3270.1392,43.781128,200.55606,0.0024507556,18.659868,11.690564,1478.1127,13130.457,13304.774,70045.164,0.28134343,0.05410284,3717,2,2,5
297705.4950691545,3351948.8163832338,-1,0,1042.749,15.512848,337.38013,-0.013542104,5.5651965,8.078719,1750.7831,3488.9683,10449.086,93681.7,0.31836343,0.014256967,3661,3,11,9
305569.9068891284,3371550.535999394,-1,0,2574.0735,34.867287,122.47119,-0.0012098106,13.056015,9.882767,1933.3612,17692.016,17700.305,95109.625,0.31879207,0.04749153,3717,1,2,6
227699.0333637521,3382852.4015240567,-1,0,1990.2181,22.575,169.2157,0.0035972446,8.668472,11.644122,1393.442,15769.908,30530.832,17178.07,0.43757758,-0.10050036,3661,2,2,5
297952.3479840309,3396138.6039905804,-1,0,3623.9543,26.358847,164.35773,-0.012049952,9.415501,9.851562,1708.6831,28815.54,28768.984,85735.31,0.16824555,0.14421491,3717,1,11,9
304325.0092395754,3365369.516363759,-1,0,1510.4679,15.87436,23.198578,-0.012107527,5.5956407,9.851562,1914.9728,11976.41,11947.1,95345.2,0.33674783,0.009383007,3717,8,2,9
292657.91879245354,3402491.094095609,-1,0,4939.473,13.415884,162.89728,0.023480901,4.9123063,12.55314,1578.8312,21711.748,21557.412,80705.87,0.0343645,0.29203683,3717,1,9,3
296839.06903184095,3363933.531469637,-1,0,1569.2852,25.774576,175.91437,-0.005865614,8.660987,8.782136,1811.2302,14007.93,14921.691,88569.78,0.42249197,-0.08898077,3661,6,11,6
291659.6816977764,3394518.117054471,-1,0,3403.7432,46.68593,309.55966,-0.0022781647,18.984007,10.48837,1660.1309,24017.223,24110.816,79353.94,0.37334722,-0.04140419,3717,1,2,6
267569.7691140464,3349774.600480697,-1,0,1065.7665,23.17887,22.833649,0.0012981893,7.755107,9.728812,1063.309,4416.175,40608.82,68671.11,0.4458601,-0.105630636,3661,2,7,6
244325.86641481108,3347438.57146626,-1,0,1443.4102,36.984295,244.05771,-0.008133111,14.371167,8.334851,1249.0834,11951.757,55889.67,53735.4,0.52054304,-0.19677457,3661,3,2,6
242982.15962095265,3367243.5616362547,-1,0,2073.8208,33.282963,342.64597,-0.0021974957,13.528797,9.691616,1237.9304,10998.409,36880.83,38525.895,0.483061,-0.15283212,3661,2,2,6
265150.96184197033,3346925.1285402128,-1,0,817.16437,33.305237,238.78162,0.007299556,12.54859,10.444448,1000.8155,734.098,43378.38,68533.24,0.38222966,-0.058907688,3661,2,11,5
293753.73979193764,3375679.2075942247,-1,0,2725.6604,24.110159,73.07248,-0.005788552,8.754633,10.164528,1878.2216,25483.27,25933.184,82727.57,0.49450305,-0.17370747,3717,1,2,7
283761.193004249,3361023.1259264746,-1,0,2182.8264,23.825062,59.036255,0.011604966,8.702841,11.416037,1581.6543,14477.6,25193.604,77280.055,0.4904582,-0.1612499,3661,3,2,3
212715.5990071949,3379925.270281245,-1,0,915.20685,40.577698,235.61966,-0.003804354,15.527823,8.693067,1721.8047,774.6612,44230.867,10744.766,0.4532747,-0.12576075,3661,2,2,6
305249.28744853835,3365683.551532159,-1,0,1316.7039,19.213213,299.35776,0.00075376977,6.5074677,9.757283,1926.5938,12093.192,11991.167,96151.56,0.26819083,0.06755976,3717,8,11,7
300368.86362120346,3367281.9308447894,-1,0,1430.2902,13.36889,167.47119,0.0024322155,4.3114967,8.743204,1873.748,15004.482,15313.331,91023.875,0.3741282,-0.027875317,3717,1,2,5
236617.4252653304,3359052.960055857,-1,0,1610.9888,18.431444,33.690063,-0.009275294,6.9804573,10.778158,1377.675,20291.666,46513.625,39822.113,0.46695203,-0.13130043,3661,3,2,7
301151.5264923225,3401747.9778012554,-1,0,4231.765,36.591545,159.77515,-0.0035578783,13.856792,9.40394,1694.1013,28936.191,29980.027,89229.695,0.14996912,0.15049903,3717,1,11,6
257815.87863616287,3372927.157645456,-1,0,1985.6713,31.465025,9.462311,-0.0071698176,11.685469,9.421894,1273.3633,4877.1406,29486.65,48757.867,0.49203277,-0.16567856,3661,3,2,5
300333.5138770547,3405028.179669653,-1,0,3837.2034,31.728233,317.1211,0.0004398722,12.1668415,9.085128,1661.159,26593.27,28492.207,88322.94,0.14789338,0.15705755,3717,1,11,6
300834.3650760619,3374719.291222422,-1,0,1814.2423,15.516717,218.65982,-0.0060984883,5.1909027,9.851562,1909.2634,21908.037,21922.596,89864.99,0.32890955,0.0027205178,3717,1,11,7
300262.53416294465,3360322.2826989456,-1,0,997.101,33.637035,203.19861,-0.0034921546,12.389329,8.930428,1842.7133,9050.0,9966.529,92960.484,0.43980905,-0.10211955,3661,3,2,7
239794.017619576,3363131.5885816603,-1,0,1720.7115,20.723291,95.19443,-0.004688325,7.447255,9.851562,1290.6411,15509.42,41680.02,38841.484,0.46930423,-0.1372042,3661,5,2,9
258407.6831685329,3361919.033818384,-1,0,858.9422,36.987995,225.9392,-0.0006869925,13.159161,8.703083,1112.7971,1240.0,40506.285,54248.574,0.36417612,-0.033422723,3661,2,2,6
243997.48507427613,3354267.8277817643,-1,0,1701.2888,46.389893,89.09061,0.0019243492,20.76604,10.63199,1288.3702,14656.909,49277.22,48195.35,0.36911076,-0.0066285804,3661,3,2,6
226646.59359482423,3378421.8195556747,-1,0,1661.5281,28.460909,259.87534,0.014129544,10.518092,11.331893,1372.2498,14665.64,34411.477,18785.102,0.36322987,-0.04699549,3661,2,11,3
269393.1739892419,3377847.39260151,-1,0,1223.1243,9.586404,51.34018,-0.010031805,3.309643,8.285474,1527.3562,16711.71,26012.908,58421.71,0.3071618,0.024570644,3661,3,11,9
223239.2400919762,3389812.10158473,-1,0,1830.8815,33.915874,102.52881,-0.0006961958,12.361958,9.307872,1494.2396,14560.714,30167.242,10873.275,0.5804948,-0.2811617,3661,3,2,6
238464.7901467097,3357714.743611305,-1,0,1659.562,26.548628,105.06848,-0.0045291292,9.437532,10.999529,1365.6411,19004.117,47255.23,42016.035,0.45429575,-0.110571906,3661,2,2,6
289317.4270856218,3390226.882549229,-1,0,3439.422,32.552013,149.62085,0.0007854762,11.531605,11.147825,1689.87,24877.625,25088.246,76921.2,0.24073747,0.05554716,3717,2,11,6
285870.2736864393,3391390.1015651543,-1,0,2613.5579,42.88205,303.07068,-0.00022818238,17.145884,10.558551,1644.0515,21651.387,21877.621,73483.625,0.3173986,0.0016259574,3717,2,11,6
233936.65890723863,3360600.852218558,-1,0,1513.1444,40.426056,257.73523,0.0012878764,16.095821,10.210252,1409.1106,21885.781,45929.94,36980.74,0.32736677,-0.00034345605,3661,3,11,6
223444.7858054386,3379863.8365618302,-1,0,1385.2632,24.292315,237.72437,-0.0063587413,8.119563,7.4555097,1461.4583,11343.341,35685.684,15451.294,0.32616043,-0.009352554,3661,2,11,9
267413.87360228004,3380737.909164991,-1,0,1802.1855,25.702164,306.8699,0.0040009385,9.690579,10.445759,1457.781,16828.648,22834.53,55907.13,0.36849514,-0.040310565,3661,3,11,6
261851.33430279075,3377670.410098371,-1,0,1816.41,40.152676,28.30075,0.0032900388,15.405752,10.691388,1379.0297,10482.69,25311.898,51137.383,0.50901747,-0.17178798,3661,3,2,5
231041.3151990664,3358908.529284473,-1,0,1333.2367,42.642624,191.7683,0.0012155012,17.365454,10.582755,1501.5,25223.48,48590.766,36822.344,0.4259427,-0.09922645,3661,3,2,6
252522.19099631964,3361615.834634949,-1,0,1914.0546,20.049051,326.97614,-0.0019195649,7.0880446,10.101013,1168.1636,4640.0,40758.598,49541.09,0.36579087,-0.028860208,3661,2,7,3
304328.2463140108,3368935.713799998,-1,0,2418.5566,33.93418,311.49646,-0.0046204557,12.713312,9.846319,1919.8588,15454.526,15367.095,94463.31,0.33873174,0.009287724,3717,1,2,6
294756.2494201623,3373907.124596056,-1,0,2207.919,29.19395,325.7843,-0.0019861876,10.332733,9.588895,1867.857,23450.314,23904.914,84046.016,0.4219097,-0.08702236,3717,1,2,7
244653.7113618237,3355986.0236600176,-1,0,1059.7451,31.785944,222.61406,0.0013763895,11.993933,10.382604,1269.6664,13417.8125,47463.418,47364.65,0.55511975,-0.23710544,3661,4,2,6
311753.5221522324,3367923.4442057502,-1,0,1253.8549,25.542715,270.0,0.000114796945,8.712746,9.702083,1911.3209,13327.873,13312.163,101928.984,0.0,0.33333334,3717,2,11,6
249015.46365262716,3359274.384052444,-1,0,1493.0372,22.384588,275.44034,0.0069130887,7.609046,10.652798,1198.9122,8339.988,43441.938,48232.32,0.34527606,-0.013228644,3661,3,11,5
255380.7828620323,3348908.687436134,-1,0,1260.5217,18.700523,16.389526,0.000908342,6.96176,9.043156,995.35364,3841.5752,52813.914,59926.645,0.42887297,-0.10299645,3661,2,11,7
302203.94879981014,3371128.638991766,-1,0,2098.3696,39.95353,239.47029,-0.0008404299,15.840921,10.05092,1905.7206,18085.354,18082.223,91908.97,0.3809877,-0.047486834,3717,1,11,6
245880.73590910557,3336587.708865315,-1,0,759.01465,28.942636,144.2461,0.004333918,11.127305,10.284447,999.7573,1988.6176,64460.043,63601.453,0.4223842,-0.087112665,3661,3,2,7
269521.378003032,3375583.09355985,-1,0,1590.5692,25.649748,42.137604,0.0103364345,9.289925,10.832438,1525.5966,15454.129,28273.982,59086.742,0.5032769,-0.17244458,3661,3,2,5
246095.22676545664,3350201.888560592,-1,0,1216.5612,32.01871,123.23169,0.00084217195,11.272789,10.112198,1247.9917,12720.393,52854.984,52656.45,0.4646869,-0.11976462,3661,4,2,7
272952.2924370645,3394522.8172483565,-1,0,2818.6882,15.369241,222.2737,-0.0034067256,5.2860165,10.692104,1403.6708,11465.775,11670.587,60682.89,0.31577894,0.024944272,3661,2,2,3
307532.6274971506,3376062.763777436,-1,0,2194.0903,51.903236,235.20398,0.00095662335,21.329674,10.891319,1944.0101,21727.266,21908.44,96253.72,0.34528482,-0.009023513,3717,1,11,7
263573.5733549044,3340792.9128894606,-1,0,1553.24,42.723377,96.84277,-0.0019189569,17.164074,9.816629,981.60986,3294.4348,46298.6,71459.15,0.45460752,-0.09976442,3661,3,2,6
303818.58089422464,3366223.004374573,-1,0,1840.289,35.79541,300.46555,0.0048756055,13.483549,9.887525,1910.0896,12925.714,12915.425,94630.484,0.33984518,-0.021975541,3717,8,2,5
233388.7654748143,3359835.1731662704,-1,0,1702.8262,20.889954,92.8624,0.0016311872,6.8246994,9.160919,1433.4089,22718.45,46846.777,37297.04,0.3759651,-0.043540545,3661,2,11,5
254664.496657557,3339158.559907805,-1,0,632.72595,44.12184,328.9125,-0.007685514,18.218779,7.153293,983.82513,11060.167,55312.35,66625.84,0.363205,-0.032079726,3661,3,11,9
295827.3426338172,3369801.300463096,-1,0,2349.338,21.952938,340.0169,-0.00030729486,7.6082697,11.419727,1842.4753,19375.957,19935.127,85998.28,0.17370358,0.16163187,3717,1,2,6
212632.8355401189,3378500.824701872,-1,0,1111.3109,9.748018,116.56503,0.0032067685,3.4424262,9.67676,1745.3782,1979.5201,45075.332,12162.368,0.18489239,0.12773943,3661,5,11,6
271420.6587462051,3393652.7576222974,-1,0,2407.268,14.271062,311.9872,0.007032577,4.574154,10.920046,1388.9008,11459.747,11724.85,59105.68,0.3691583,-0.044843674,3661,3,11,5
261659.787459672,3362225.4943324896,-1,0,1311.5132,22.283258,30.068573,-0.0011559996,7.7353215,9.105272,1144.6919,4490.0,40605.047,56880.41,0.46679956,-0.13445024,3661,2,2,6
261880.4813770468,3336121.1752688168,-1,0,1395.2637,27.918531,84.09384,-0.00032197093,9.838765,9.426586,978.78046,6271.5386,49410.773,73646.94,0.54133224,-0.22081304,3661,3,2,7
282920.7797965735,3389859.415568306,-1,0,1969.6279,22.05798,270.0,-0.010691114,8.140341,8.805286,1627.6665,20849.67,21114.697,70534.54,0.2857615,0.041217126,3717,2,2,9
286244.0986997305,3375613.632909228,-1,0,1932.1768,36.00035,16.144348,-0.0017335691,13.195931,10.318727,1838.4619,28606.773,30646.059,75367.93,0.49342078,-0.16261114,3661,1,2,7
283286.8711071042,3392528.207383892,-1,0,2673.541,35.30049,264.4278,0.0046211337,13.183191,9.400723,1596.516,19047.414,19339.002,70914.66,0.44054824,-0.11343775,3717,2,2,5
230373.5772784516,3386533.266409433,-1,0,2584.1133,32.41515,304.5923,-0.0018791825,11.79931,10.826073,1401.0927,12675.527,26075.898,18448.232,0.42123726,-0.08262074,3661,2,11,6
280501.7080826652,3372583.3545578117,-1,0,1419.271,33.36821,244.13364,-0.0064322157,13.275117,7.622485,1703.7263,24380.043,33158.145,70468.84,0.5203984,-0.20035252,3661,1,2,7
292360.2504202856,3396065.2709156945,-1,0,2954.3303,22.214249,51.70984,0.003769693,7.630604,10.687943,1649.5989,23831.475,23867.46,80152.11,0.3553847,-0.020436862,3717,1,2,6
293738.3837016768,3399460.771403368,-1,0,3436.8757,46.937977,277.85333,-0.003188125,20.42611,10.334634,1626.422,23661.564,23569.059,81814.64,0.24519806,0.06743603,3717,1,11,7
256751.07008972616,3368613.86807344,-1,0,905.25525,23.40334,214.38034,-0.0011525371,7.882518,9.653059,1214.1641,1131.3708,33721.375,49537.99,0.47527984,-0.14665511,3661,2,11,6
255321.20060960815,3351007.4686810733,-1,0,1153.7192,20.629501,339.77515,0.010786922,7.3752694,10.821094,1018.6397,3460.9248,51280.562,58438.92,0.27123395,0.06073864,3661,2,7,6
256860.55292519432,3369168.1419293126,-1,0,1038.6031,25.109701,262.875,0.0076006674,9.171815,8.488491,1221.1985,1628.8953,33167.797,49390.293,0.3828194,-0.049943265,3661,2,11,6
276051.49273851793,3352132.8564014453,-1,0,1472.9249,17.411688,287.10272,0.009659472,6.040159,11.049373,1276.9563,5392.263,31953.598,74412.07,0.4609698,-0.12747927,3661,2,2,3
301522.838096277,3382984.310004914,-1,0,2717.8179,37.033054,77.90524,0.007004995,13.9656105,11.203057,1859.3527,29780.578,29683.936,89460.266,0.4761378,-0.15201621,3717,1,2,6
297698.35496429587,3355858.601788016,-1,0,1649.6471,27.277054,62.447174,-0.010434502,9.879739,9.851562,1773.7695,6791.4355,10430.82,92125.625,0.26275244,0.08830433,3661,3,11,9
221371.73312765916,3383647.012320045,-1,0,2472.9033,18.314129,130.60129,0.026655609,6.5655794,11.861273,1510.3538,9810.464,34954.195,11392.124,0.34897467,-0.008958487,3661,2,2,2
214017.3972439416,3384958.4269802487,-1,0,1269.5566,35.46601,88.53119,0.0013020515,13.087327,9.729449,1623.7213,4930.771,40584.85,5925.74,0.44036528,-0.11601959,3661,2,11,3
257355.4510189208,3391082.8438953017,-1,0,2199.2512,38.27937,238.13403,0.005450995,14.006255,10.390863,1260.7216,12331.33,11437.525,44961.96,0.39984724,-0.056543317,3661,3,2,5
239737.88562362044,3337885.055536588,-1,0,666.29553,26.45878,15.642242,0.004422678,9.200553,10.443159,1051.5406,3467.3335,66206.875,59440.76,0.39024845,-0.0479004,3671,3,2,7
242090.35798816945,3364292.2216879595,-1,0,1769.4927,34.714146,327.5288,-0.00050964614,12.06615,9.811424,1261.739,12933.511,39957.883,39717.336,0.4154217,-0.084662,3661,3,2,6
221306.98444712211,3378252.939018525,-1,0,1211.8888,32.80654,219.17366,0.0013337542,11.682145,8.770565,1512.8248,9440.429,38354.67,15277.31,0.29758584,0.014401217,3661,3,11,6
285597.5406494405,3364947.9791929238,-1,0,2009.501,26.998707,273.8141,-0.002796641,9.947068,9.766333,1670.9917,18717.225,24906.033,77583.79,0.3195587,0.017297842,3661,3,11,6
294238.7737877454,3378001.467594309,-1,0,2911.1152,21.120697,141.34018,0.007937506,7.447501,10.987688,1865.158,27311.688,27662.227,82813.41,0.35785148,-0.0200537,3717,1,2,3
288543.39740867,3387427.89792926,-1,0,3076.5771,29.649626,285.25513,0.0046731336,11.027375,11.858625,1718.6136,26365.555,26620.52,76218.47,0.33107272,0.010874516,3717,2,2,5
238076.22291546976,3351435.162746354,-1,0,1129.4988,28.761011,165.96375,-0.004767755,10.48986,8.426377,1445.746,16557.404,53412.547,46887.69,0.5098975,-0.1876619,3661,4,2,6
252275.7555657206,3357205.019590148,-1,0,1403.4271,13.196266,288.43494,0.028419271,6.0883417,11.294796,1139.5176,5911.514,45175.62,52057.523,0.4236345,-0.084908314,3661,2,2,3
283243.7202872951,3397693.1760679497,-1,0,3264.415,56.964478,232.50735,-0.0017989894,26.401066,10.50974,1524.0662,15361.098,15556.713,71197.914,0.25999758,0.058605354,3717,2,11,6
259492.52758995903,3333020.298439747,-1,0,980.33575,31.942125,5.355835,-0.0036832432,12.105783,8.456025,985.25397,4738.871,52798.61,74436.414,0.39667463,-0.057290528,3661,3,11,6
290106.8836533378,3395024.781491739,-1,0,3692.7498,43.67757,239.65677,-0.003226234,16.990623,9.498172,1638.2526,22449.418,22559.453,77832.22,0.23338176,0.068279214,3717,2,11,6
258413.2551244555,3355961.8897284134,-1,0,730.943,24.77271,4.5739136,0.003063721,8.736776,7.935538,1021.0056,150.0,46449.516,57636.19,0.40967175,-0.07362263,3661,2,11,6
254721.82972855415,3340010.1253289487,-1,0,945.8645,23.212477,23.198578,-0.010935415,9.090047,8.2871475,985.6004,10833.951,55032.66,66009.48,0.51043093,-0.18461978,3661,3,2,6
277569.1751947543,3362988.32509604,-1,0,2084.4656,19.888268,66.037506,0.00024611194,6.243231,10.638088,1485.9088,15791.929,31697.51,70800.83,0.39888325,-0.057298675,3661,3,2,3
284971.3430132005,3398386.690369252,-1,0,3782.2617,35.955585,307.4762,0.009286511,12.68828,11.40163,1538.6024,16312.431,16432.482,72990.48,0.14457446,0.14173783,3717,2,11,3
303098.36235996976,3368959.6111468305,-1,0,2334.7944,32.8187,206.56505,0.0034891923,12.4049015,11.256288,1907.8783,15758.734,15741.824,93259.75,0.45269346,-0.12159453,3717,1,2,6
263638.1619373084,3373948.438974772,-1,0,2166.209,24.07912,168.69006,0.011238593,8.775248,11.656262,1377.0806,9810.943,29064.709,53895.84,0.45495275,-0.1199231,3661,3,2,5
289820.625784517,3358221.91682337,-1,0,1866.7451,39.468075,127.349365,-0.004442081,13.816376,10.753015,1646.1118,11048.479,18619.197,83950.93,0.19897965,0.15357092,3661,3,11,9
237117.95185267035,3375959.087125775,-1,0,2023.2264,23.45527,45.0,0.00948321,8.361309,10.542872,1135.8839,10195.058,30560.414,28760.535,0.5325906,-0.2141343,3661,2,2,3
275015.6256833188,3348289.355666476,-1,0,830.30927,26.9984,220.8151,-0.008805778,9.339561,9.851562,1194.9917,2860.9438,33427.83,75607.414,0.43134102,-0.1047008,3661,2,11,7
256013.25481648196,3343586.9839227903,-1,0,1300.9901,23.807178,220.6013,-0.023531796,8.504692,9.851562,974.62616,7133.449,52969.008,64173.9,0.35381135,-0.018513707,3661,3,11,9
286943.41314404045,3347680.3310440164,-1,0,725.86316,16.723528,235.30484,-0.0036792299,5.7754188,6.334899,1438.6823,2264.332,21934.22,86052.2,0.37596858,-0.04609171,3661,2,2,7
297609.82186302857,3400949.7920694,-1,0,2872.3984,39.890564,144.90417,-0.0028097066,14.694233,9.63582,1657.3527,26488.03,26740.094,85724.49,0.28347993,0.04916994,3717,1,2,6
282588.4260772772,3384525.20327537,-1,0,2609.9602,20.992325,234.78241,-0.0011814232,7.33358,10.979158,1695.7688,25065.693,25185.34,70458.04,0.450528,-0.12518741,3661,2,2,6
302258.4690785367,3380211.779267688,-1,0,2920.7117,15.941115,21.801392,-0.0063685076,5.111004,9.851562,1886.8641,26922.713,26821.285,90465.586,0.16932029,0.16383642,3717,1,2,7
255778.522294078,3342536.3634390854,-1,0,1368.8875,19.683369,196.26021,0.02019121,7.259196,11.269871,977.57104,8151.331,53421.484,64794.453,0.3814694,-0.06192851,3661,3,11,3
299294.4107714382,3390561.8015465382,-1,0,3482.0676,35.30906,191.00356,-0.0038795094,13.654379,10.100037,1774.921,32591.662,32660.314,86900.06,0.28482398,0.043658786,3717,3,11,7
305111.3787697376,3368842.4450749583,-1,0,2186.1855,35.681763,284.74356,0.0040604165,13.597134,11.641581,1927.5018,15208.8,15104.867,95252.88,0.36471263,-0.022389341,3717,1,11,6
275906.0612088136,3359794.9807781954,-1,0,2174.185,16.470392,307.875,0.02220416,9.579672,11.72572,1399.244,12860.738,32572.36,70614.99,0.23593189,0.10435714,3661,3,2,3
212757.3630775675,3389639.3430241784,-1,0,1443.5361,26.032356,20.772247,0.015432991,10.038331,11.322975,1570.0137,9247.297,39829.12,1081.6654,0.3199962,0.0022801731,3661,2,11,3
288871.22038277925,3399060.1892617466,-1,0,3674.9463,32.80167,202.10947,0.006755181,12.320085,10.264455,1574.3738,19346.734,19346.447,76939.914,0.1751662,0.11518213,3717,1,11,6
278828.2029089418,3349475.854244271,-1,0,879.1232,39.297874,0.0,0.0066586663,17.62137,9.611597,1290.511,2230.8071,29477.059,78163.68,0.38822165,-0.055311687,3661,2,2,3
222922.8630242337,3386273.0314634093,-1,0,1883.0322,34.1297,160.14478,0.0025644773,13.416344,10.100029,1489.3118,12296.166,32208.14,11408.462,0.48729306,-0.15923125,3661,2,2,6
271396.44043575384,3371084.535634159,-1,0,1495.3207,23.636456,327.72437,-0.0033221056,8.1190195,9.996359,1490.7313,15199.885,33032.184,62164.105,0.40775234,-0.07895279,3661,8,2,6
290097.2361855064,3348437.0861868123,-1,0,850.11835,29.04412,282.09476,-0.015072216,10.829616,6.501255,1537.0858,1815.7092,18699.496,88429.734,0.40312985,-0.06999071,3661,3,11,9
245558.35788794715,3344080.375718049,-1,0,845.75385,38.756355,358.75464,-0.003253681,14.630229,8.0966835,1151.6323,8700.713,58980.117,57177.637,0.4340414,-0.09669495,3661,3,11,6
245016.7244506501,3354409.4535600943,-1,0,1133.0671,25.727196,30.579224,0.006658688,9.0326185,10.160081,1266.8293,13631.923,48921.324,48766.047,0.4824503,-0.15213087,3661,3,2,6
285493.7239376021,3357947.796875984,-1,0,1545.478,22.046215,313.26428,0.012937087,7.9385457,11.278336,1563.2505,12222.349,22808.166,80084.67,0.4022537,-0.06919303,3661,3,11,6
278418.6839313345,3400101.4920821413,-1,0,3480.23,15.099945,259.11447,0.007818588,6.4958363,12.090098,1419.681,10194.827,10412.324,66639.945,0.2619018,0.0504969,3717,2,11,2
297687.33398370305,3359287.7718551955,-1,0,1815.0923,27.952002,90.0,0.020335957,10.272531,11.159753,1794.3059,9795.045,11561.531,90876.08,0.4812312,-0.1425475,3661,3,2,6
253148.69404272,3371200.1119407606,-1,0,915.9001,33.61845,103.671295,0.0073455037,12.409697,9.741599,1236.8126,94.868324,31148.615,45158.1,0.4475718,-0.11474768,3661,2,11,5
274260.5901917217,3365240.4163543144,-1,0,1711.4075,26.806332,68.19858,0.0079488205,9.193787,10.382853,1454.5519,17093.186,35521.88,66888.516,0.51288944,-0.17876527,3661,3,2,5
247000.1345004672,3362534.568079229,-1,0,1825.952,34.878487,169.5625,0.009894769,12.516083,10.716721,1226.4807,9909.833,40568.723,44592.117,0.3854563,-0.035608795,3661,2,2,5
233469.83139698303,3365645.3662131093,-1,0,1589.7563,24.251158,248.83875,-0.013476911,9.281048,9.335986,1347.018,19508.81,41456.88,32710.02,0.50627315,-0.18689969,3661,3,2,9
290675.11077753943,3379711.917419977,-1,0,1840.5854,25.065607,232.12503,-0.007765899,8.549265,10.329159,1827.4628,30514.922,30994.053,79042.15,0.4363378,-0.10242247,3717,1,11,9
297012.2592081893,3408309.3209687783,-1,0,5115.5347,48.804165,268.1817,0.00283744,20.713629,10.44162,1609.5126,22182.482,24743.584,85038.24,0.023673128,0.29383853,3717,1,9,5
234297.6314613676,3360961.808157216,-1,0,1604.6224,18.304972,183.17984,0.0029075644,6.4226947,10.065582,1395.2211,21406.473,45465.07,36901.22,0.39712146,-0.05823369,3661,2,2,5
293837.65428297105,3358875.4276136034,-1,0,2333.4507,38.053898,185.31456,-0.004455673,13.326442,10.375431,1724.4152,10462.528,14942.774,87424.695,0.42398912,-0.09283723,3661,3,2,7
241458.3450666372,3342054.6918656635,-1,0,1264.966,16.206999,317.48956,-0.0020002688,6.19559,10.955026,1160.9401,6675.103,61756.113,56634.055,0.41378343,-0.084645666,3661,3,11,9
252913.82354446297,3378728.240177722,-1,0,1756.5922,4.1494846,71.56506,0.010091783,1.9292917,11.503126,1279.6538,3908.478,23656.99,42239.734,0.32262656,0.016094217,3661,3,2,3
235311.39631503396,3362128.118883596,-1,0,1657.0762,26.760368,229.18492,-0.0005271086,8.997277,9.952668,1353.2637,19996.672,44012.34,36596.273,0.3033312,0.018202597,3661,3,11,6
258734.1816200797,3376643.4915143284,-1,0,1147.1909,38.63719,327.5288,-0.0029236553,14.776493,10.41117,1333.3309,7231.4453,25908.396,48414.418,0.33478773,-0.00013071136,3661,8,11,7
267627.84704669286,3348993.7082508034,-1,0,975.2711,19.803656,324.7824,0.00013676177,6.5082364,9.243719,1051.798,3956.3745,40637.53,69186.28,0.43826556,-0.103868656,3661,2,11,6
277040.9362269293,3375430.531079413,-1,0,2213.1956,21.968534,313.1524,-0.0061765346,7.669147,7.7081,1678.7905,22016.46,30519.59,66419.695,0.4193387,-0.08681172,3661,1,2,5
283952.5753481614,3352361.1265155007,-1,0,1478.1118,27.36824,175.23633,-0.0006057902,9.95484,9.873073,1444.4065,6551.763,24054.611,81164.8,0.3823208,-0.028832886,3661,3,2,2
278280.5947405889,3388236.9869171157,-1,0,1919.7822,34.918255,171.67432,-0.0053233043,13.060582,9.851562,1569.4979,19596.105,19731.268,65934.42,0.3956892,-0.059805665,3661,2,2,6
257704.92931472484,3385502.7856913856,-1,0,1897.8365,23.999912,31.759491,0.0015782973,8.410815,10.362818,1282.965,11502.008,16993.19,45602.87,0.47297966,-0.12885347,3661,8,2,6
267949.1858823483,3382796.974346564,-1,0,1716.7648,42.623913,317.93567,-0.0046108062,16.547243,8.844744,1446.2106,18235.486,20899.387,56103.316,0.39903852,-0.06536174,3661,3,11,7
257226.4073383515,3350349.1792281265,-1,0,711.4174,19.248861,303.69006,-0.012494495,6.664954,9.851562,962.7841,1622.6213,50859.707,60287.85,0.41866016,-0.08842928,3661,2,2,9
243262.9090106277,3358114.705766702,-1,0,1529.396,34.619648,244.79889,0.00086453854,13.143923,11.319473,1284.979,14203.539,45726.1,44860.445,0.44833365,-0.11239632,3661,4,2,6
281565.3621575242,3354759.971810159,-1,0,1130.7793,25.954685,215.53769,0.0017153325,8.442674,9.555721,1433.6827,7872.7124,26401.523,77931.375,0.34242648,-0.014296656,3661,3,11,6
238360.4270468936,3361695.929585831,-1,0,1784.6085,35.031555,78.69006,-0.003967588,12.768395,10.149978,1320.8568,17441.49,43477.793,38906.32,0.49742708,-0.1698582,3661,4,2,7
275432.40554459736,3359124.418594737,-1,0,1761.4833,42.859135,268.85425,-0.0028906746,18.11104,10.105446,1378.5748,12308.651,32923.7,70489.81,0.40128854,-0.06804019,3661,3,11,7
225978.4629831948,3386852.620985917,-1,0,2478.7112,27.00821,223.45184,-0.009172475,9.496703,9.851562,1455.279,15283.102,29350.635,14104.344,0.4716809,-0.14284757,3661,2,2,7
251521.46727760936,3349550.164885164,-1,0,1597.6129,17.8332,353.65982,-0.00020895441,5.9350705,9.944184,1102.5007,7377.0596,52858.004,56755.516,0.47300726,-0.13341425,3661,2,2,7
306160.12013058364,3378831.758618518,-1,0,2075.1978,36.67671,208.17859,-0.012177869,15.624058,9.851562,1918.7808,24681.398,24870.547,94503.37,0.36442155,-0.022482611,3717,1,2,7
241102.7278878116,3357788.182417122,-1,0,1596.9436,28.842436,202.9321,-0.0002153245,10.25315,10.747732,1321.5592,16386.229,46509.36,43642.883,0.37841347,-0.028712869,3661,3,2,6
265672.38772495644,3335601.024903991,-1,0,971.28485,28.19019,344.35776,0.005370679,10.500416,9.804423,996.7993,2691.338,46102.31,76618.29,0.44599786,-0.11851651,3661,3,2,6
285633.369553999,3395402.640900257,-1,0,2770.9248,33.69949,331.2602,0.0014533671,12.218206,11.3964205,1587.0631,18666.025,18863.787,73393.22,0.39308655,-0.06278197,3717,2,2,6
301768.1883414302,3360758.569460204,-1,0,848.9809,33.49275,81.634094,-0.0034886322,12.561189,9.851562,1868.4792,8560.566,9180.659,94239.09,0.36855832,-0.0081063155,3661,1,2,10
270686.0951630899,3371164.6524352464,-1,0,1445.979,26.771248,124.2157,-0.007795449,9.399676,9.851562,1477.354,14546.787,32824.684,61465.227,0.46616238,-0.1331829,3661,3,2,9
234819.1789731245,3379732.9383390862,-1,0,2148.7107,30.651714,275.19443,0.008806317,10.426757,10.590929,1192.8226,10094.578,28360.066,24942.36,0.33800104,-0.014652604,3661,2,11,5
294342.61901954096,3416518.089911506,-1,0,5569.3955,47.025925,102.09476,0.0015632747,21.112291,11.662014,1562.2333,17191.219,21783.418,83030.16,-0.06906989,0.40578872,3717,8,9,6
287545.54723583616,3373115.0322718103,-1,0,2386.6165,22.885576,289.98312,0.007227775,8.11498,11.8204155,1810.2052,25824.162,27973.648,77172.05,0.32869512,0.0045734653,3661,1,2,6
257300.9003013148,3335570.8127004844,-1,0,1057.0826,20.277443,306.8699,-0.0126954885,6.746766,7.0973706,971.59015,8009.4067,53892.027,71076.125,0.25791538,0.07347631,3661,3,11,9
285714.7331577232,3374050.840107581,-1,0,2513.7498,21.000397,0.0,-0.0069448054,7.06908,10.153527,1811.5729,27320.479,29957.012,75177.88,0.43960646,-0.10344757,3661,1,2,7
263951.2744343296,3349216.879615728,-1,0,1333.4897,7.50002,243.43497,0.028699378,3.363276,11.243679,979.9108,1811.7671,44256.723,66149.13,0.4285341,-0.1013291,3661,2,11,3
228923.98785623905,3362437.2824808187,-1,0,1431.3114,30.032263,105.70862,-0.00892761,11.339341,9.851562,1503.6023,24606.848,46311.13,32704.883,0.4273298,-0.08124021,3661,2,2,7
218531.8332309908,3388584.802821698,-1,0,1727.5865,28.192898,322.30576,0.0030833918,9.842303,9.279917,1532.9192,10390.635,34923.58,6482.7466,0.2737158,0.040768236,3661,2,11,5
245475.3786847742,3357325.440198071,-1,0,1201.3444,37.765118,111.80139,0.0094232345,15.331623,10.0691185,1251.9858,12223.866,45979.098,46966.39,0.41840905,-0.065382466,3661,4,2,5
234648.8996665772,3339202.9949913155,-1,0,545.0,1.0427972,270.0,0.010039732,0.2771762,9.936514,1133.7671,8104.8193,66113.03,56064.195,0.4151688,-0.07313495,3671,7,2,6
294813.01855397475,3363064.2689654576,-1,0,1550.113,7.75566,315.0,-0.030596843,4.725625,9.851562,1776.2393,14445.889,15972.039,86918.445,0.29950854,0.04773906,3661,1,2,10
217117.9245551189,3389188.073378192,-1,0,1842.6796,18.071508,220.23636,0.019185014,6.762752,11.5671,1540.8478,10103.881,35959.8,4943.6123,0.15335774,0.15767023,3661,2,11,3
297045.7981472305,3371462.697628938,-1,0,2297.1377,39.122723,55.61966,-0.0011753731,14.765742,9.79369,1865.3052,20206.398,20605.303,86800.125,0.23787302,0.11054991,3717,1,2,6
230717.3322968524,3367045.3529042117,-1,0,1590.934,39.80621,232.85332,-0.0016538629,15.652478,10.361308,1396.582,20932.906,41403.945,29891.918,0.47442156,-0.15001714,3661,3,2,6
258518.3139296517,3338835.663309031,-1,0,1432.0212,19.356205,158.74951,0.028702047,7.8793163,11.307608,954.4267,8420.76,51709.15,69378.695,0.4334604,-0.09382295,3661,3,2,3
291776.0667852288,3395854.3459019978,-1,0,3110.464,16.266817,36.869904,-0.0052031395,5.384776,9.851562,1645.7654,23422.113,23474.814,79549.484,0.37243754,-0.031986956,3717,1,2,7
267327.5640117681,3341264.058133107,-1,0,649.1119,19.587578,3.366455,-0.010467261,7.8183517,7.7442665,1022.66766,198.49434,42574.586,73876.01,0.3836901,-0.050454635,3661,3,11,7
244758.33786260488,3380542.5860858955,-1,0,942.935,26.58271,331.38953,-0.008889591,8.833056,9.606438,1236.5134,1463.7281,23579.113,33905.516,0.37293136,-0.043680083,3661,2,2,9
301384.5726206737,3355098.06809183,-1,0,1522.1051,31.146265,27.979462,0.0058311415,10.930846,11.365372,1843.7001,4587.3413,6664.7803,95831.8,0.36142823,-0.021736749,3661,3,2,6
295124.1709644234,3394347.5261005405,-1,0,2988.6443,31.073673,160.64099,0.008692685,11.427457,11.579976,1697.3102,27074.95,27113.988,82812.26,0.31181395,0.03276485,3717,1,2,5
282945.445787382,3391541.062430189,-1,0,2544.8079,17.570456,14.036255,0.020615064,6.692613,11.842565,1604.6787,19558.455,19844.605,70555.484,0.44822782,-0.118074074,3717,2,2,5
301777.51607530174,3373663.296473138,-1,0,2315.4497,29.90777,147.26477,0.0026054091,10.612692,10.375847,1910.8192,20640.07,20619.238,90982.336,0.44975707,-0.11606385,3717,1,2,6
209170.9584730268,3379429.956079464,-1,0,703.4177,27.226503,284.53445,0.0001742105,9.563294,8.689187,1860.433,1040.7689,47504.027,11682.5205,0.46017724,-0.1318353,3661,3,2,6
254957.75701397695,3332484.261070224,-1,0,1008.1467,30.723022,216.15819,0.0045845928,10.558744,10.181528,968.9482,7292.7705,57194.844,72085.13,0.3548618,-0.021375231,3661,4,11,6
253138.6435486584,3349736.8635620587,-1,0,1162.8147,19.417627,299.74487,-0.0019468528,6.5931053,11.06702,1061.2737,5757.2563,52585.062,57742.48,0.51846635,-0.19639215,3661,2,11,9
242584.47497426072,3349994.4488022947,-1,0,2046.2972,37.84809,65.22485,0.020202832,16.71081,11.671552,1341.3549,14476.688,53766.074,50650.617,0.26279324,0.07837516,3661,3,11,5
284223.85580637155,3375470.85435914,-1,0,2059.2979,34.939224,103.324524,-0.0012524556,13.029269,8.7626505,1825.3074,28732.727,32014.574,73418.56,0.44604725,-0.11961405,3661,1,2,6
257534.0877280446,3373801.3851820086,-1,0,1777.5713,39.19876,102.38074,-0.0005856025,15.549082,8.941276,1283.5071,4926.662,28595.148,48185.883,0.32627204,0.032008257,3661,3,2,5
255857.3247213022,3381045.9174432354,-1,0,2261.8005,31.030624,340.9065,-0.001457377,11.650726,10.530424,1296.6957,7604.242,21263.945,44511.977,0.43841526,-0.1033064,3661,8,11,6
247258.8845721284,3338622.132302038,-1,0,421.25616,4.5774555,323.1301,-0.0014693161,1.4990692,9.851562,1030.5776,4356.6045,62613.25,62636.9,0.06268055,0.25256273,3661,3,11,9
237778.2396486694,3359522.8185514268,-1,0,1503.1594,18.662743,286.38956,0.007719909,6.33251,10.414949,1354.6405,19062.68,45724.41,40172.68,0.35285786,-0.02675413,3661,3,11,9
245901.142152095,3360125.517876655,-1,0,1327.7563,28.945282,262.875,-0.009423559,11.363022,8.535817,1240.7787,11337.799,43151.258,45338.85,0.47814316,-0.15611051,3661,3,11,7
276839.0837697587,3359811.418891666,-1,0,1868.5916,41.583607,304.01935,0.0015259525,17.202423,10.762402,1418.773,12709.811,31661.385,71443.94,0.35885674,-0.026286764,3661,3,11,5
244115.66720324417,3376456.71824621,-1,0,1535.7853,16.292427,251.56506,0.0046771104,5.6723523,10.487198,1190.8219,4708.482,27674.137,34753.395,0.3208633,0.0015305692,3661,2,11,5
237571.929859016,3340420.098683872,-1,0,817.887,21.406244,113.19858,-0.0021664214,7.4217567,9.093701,1149.8013,6801.323,64229.023,56196.883,0.4712946,-0.13397028,3671,3,2,5
296016.6959604217,3389093.6713576657,-1,0,2913.0876,29.630598,202.75098,-0.0027990327,11.221666,10.204509,1760.617,30710.275,30858.38,83634.734,0.32734758,0.012901018,3717,2,2,6
235902.5816623051,3358048.4814711246,-1,0,1569.3674,33.785217,201.80142,0.0005891879,12.282241,10.915533,1403.1443,21433.703,47681.02,40201.15,0.3310078,0.014384568,3661,3,2,6
300049.58492627944,3361491.35710139,-1,0,1242.0096,23.48847,14.036255,0.0016178918,8.240244,9.653973,1844.258,10129.561,10907.255,92376.47,0.45317394,-0.107066415,3661,1,2,5
303137.8222828217,3370688.730987509,-1,0,2404.0168,16.995253,122.73523,-0.00044209446,5.7344527,10.349937,1912.2993,17426.754,17379.82,92911.516,0.43668914,-0.09817978,3717,1,2,5
292313.72517758195,3383941.8270900887,-1,0,2276.5112,24.659739,73.495636,-0.001978962,8.955526,11.627828,1788.219,31490.484,31724.895,80202.02,0.36080945,-0.01596657,3717,1,2,7
295719.1983200575,3393991.7989097144,-1,0,3289.8196,41.881786,233.88068,-0.0014510672,16.62133,11.1670475,1707.0656,27765.682,27805.139,83386.516,0.37995833,-0.05443542,3717,1,2,5
294561.450718084,3403536.288550457,-1,0,4544.6177,24.812103,20.55603,-0.011827546,8.819569,9.079778,1591.839,22505.096,23161.35,82579.84,0.14437437,0.17865157,3717,1,9,6
298617.4603312878,3367180.941015523,-1,0,1472.5667,45.94999,288.12186,-0.004348158,18.240887,8.883824,1853.6907,15692.196,16170.207,89359.94,0.3941158,-0.060032878,3717,1,2,7
268116.07404584845,3347302.520803758,-1,0,1258.3693,22.924587,57.52881,-0.0020047487,7.6870694,9.901561,1055.1362,3457.745,40396.137,70603.17,0.38894928,-0.054837044,3661,2,11,6
299333.7371329983,3367858.608587946,-1,0,1448.2202,24.655413,324.4623,-0.001626068,8.510605,10.079359,1865.2379,15961.91,16338.873,89879.94,0.47959426,-0.15730153,3717,1,11,6
273978.9742776152,3396543.5820686733,-1,0,2994.141,26.498995,318.0128,0.00062578556,8.850971,8.669277,1396.1847,10292.469,10406.248,61860.094,0.3037385,0.025845015,3661,2,2,7
290000.5658392121,3360891.491335062,-1,0,2062.4312,25.485981,69.14554,-0.01045738,9.316407,9.851562,1680.8802,13514.09,19234.1,83123.79,0.5107928,-0.18514305,3661,3,2,7
287806.8233571811,3388564.3017615634,-1,0,3241.9968,21.995882,113.96246,0.004271011,7.544766,11.496746,1698.2198,25035.105,25280.05,75439.234,0.2737326,0.029072618,3717,2,11,6
240474.73997489543,3345033.234586453,-1,0,812.4624,20.423315,236.30994,-0.028342923,8.495792,9.851562,1262.6974,9778.354,59087.09,53577.82,0.33483043,0.009992735,3661,3,11,10
257519.4113517372,3379012.0167809324,-1,0,1862.0791,26.19933,293.7495,-0.0050156782,9.382535,8.67341,1313.8632,7452.5166,23406.48,46599.75,0.3057439,0.021842876,3661,8,11,6
289483.7697272046,3366359.734460336,-1,0,2235.034,25.560751,100.88553,-0.0026591024,8.935096,9.704272,1739.7709,18806.184,22235.227,80829.19,0.30724952,0.041370213,3661,1,2,5
243766.8338629448,3371257.0282117845,-1,0,1774.1726,23.590847,24.227753,0.011070233,8.508849,10.936397,1215.1785,7857.283,32790.836,36884.1,0.49518242,-0.1595736,3661,2,2,5
293104.06295599043,3372084.198379148,-1,0,2743.7405,12.235245,221.98723,-0.0010121185,3.929229,11.965202,1839.2821,22786.19,23412.229,82821.016,0.434921,-0.10463831,3717,1,2,3
214106.48563559284,3386394.4591556503,-1,0,1151.2006,24.584307,286.2602,0.003922526,8.780721,11.044549,1603.3673,6302.42,39864.996,4599.674,0.35615757,-0.015258137,3661,2,11,5
271640.2112502755,3394554.917851144,-1,0,2568.1667,17.374336,132.70938,-0.008969928,5.8438067,9.382332,1382.1595,10781.099,11102.586,59367.582,0.39849672,-0.062461786,3661,2,2,7
246960.83659855777,3375891.28710387,-1,0,1273.7368,22.843578,260.5377,0.00015689008,8.083452,8.104349,1217.6576,2661.879,27596.639,37593.055,0.4089952,-0.07624251,3661,2,11,6
250655.1657213074,3337686.7589966105,-1,0,845.7536,42.138676,333.9704,0.0023545085,16.583456,10.767751,999.50446,6789.7354,59570.582,65342.547,0.47147104,-0.14428392,3661,3,11,6
303253.9800963393,3374548.9866285035,-1,0,2481.905,19.83786,357.27368,0.0084524425,6.8490376,10.190261,1922.2562,21175.479,21080.781,92277.15,0.43872282,-0.10428536,3717,1,2,3
264758.0827882042,3386771.30725182,-1,0,2204.8818,62.21006,175.38934,-0.0042766696,35.576004,10.5552845,1347.4269,16150.542,16407.795,52504.3,0.31461367,0.03287809,3661,3,11,6
256153.58077480365,3331545.442180603,-1,0,1065.1293,43.314434,22.890564,0.0022155028,17.70979,10.623191,975.36096,5768.4746,56451.695,73553.46,0.55792403,-0.24416146,3661,3,2,6
253038.087500463,3340049.660193102,-1,0,790.5757,26.180838,311.9872,-0.0027553968,8.473993,9.359165,1001.74365,9915.891,56659.082,64907.484,0.35698378,-0.02617645,3661,3,11,5
253579.27083443452,3358990.097320029,-1,0,1544.2516,12.893517,94.76364,-0.0025407472,3.8234954,10.025636,1134.2646,4015.4202,43325.29,51949.797,0.4081465,-0.07330224,3661,2,7,3
236961.28621202253,3372719.4157883185,-1,0,2143.7979,24.649475,57.52881,0.0018073609,8.572393,10.537748,1181.6967,12487.498,33565.727,30422.5,0.3161083,0.005490426,3661,2,2,5
282245.8121476554,3376404.7270943234,-1,0,1475.188,37.416943,124.11447,-0.005653997,14.593284,9.851562,1801.7888,27197.695,32029.475,71290.74,0.28165182,0.07002219,3661,1,2,6
259238.72569183185,3354319.953677526,-1,0,569.7773,7.376446,35.53769,-0.018788815,2.9608562,9.851562,979.123,570.0,48149.18,59283.902,-0.018063607,0.41426164,3661,7,1,10
290747.17867095344,3382241.4330722066,-1,0,2165.1453,31.799702,128.92755,0.004310995,10.868058,10.38191,1797.8044,31695.918,31978.906,78801.13,0.5157113,-0.18976532,3717,1,2,5
224227.1413523385,3382231.356794873,-1,0,1991.4396,28.036652,221.18593,-0.006552325,10.12282,9.51448,1454.3906,12246.0,33546.996,14526.313,0.4427358,-0.10606404,3661,2,11,6
296503.1220792191,3409190.0465132394,-1,0,5271.885,9.275016,45.0,0.005223607,3.1380806,10.465673,1601.1863,21370.11,24137.05,84559.59,-0.023720536,0.35327312,3717,1,9,6
222609.50085494388,3383404.1946373405,-1,0,2183.2134,35.597923,346.7595,0.000100724385,13.303489,10.822882,1488.5327,10907.804,34100.914,12528.037,0.40101108,-0.0625042,3661,2,11,5
244878.2305089989,3363811.393777143,-1,0,1477.1559,34.668144,185.85602,0.0010001684,12.541988,10.624629,1242.7965,10777.814,39803.805,42141.11,0.43673542,-0.10986442,3661,2,2,6
290273.31796276075,3384247.022100324,-1,0,2156.1636,36.549072,298.49564,0.002499499,13.674065,9.813668,1770.6573,29875.23,30170.691,78143.34,0.3611675,-0.020625843,3717,1,11,5
284212.9291949487,3391543.565596385,-1,0,2259.2773,35.888134,19.359009,-0.0015254687,14.649994,10.295023,1625.7717,20405.71,20693.234,71825.39,0.40246323,-0.06060461,3717,2,2,7
254843.74241311272,3360612.4216515743,-1,0,1742.601,25.507833,353.41806,-0.0008253157,8.784908,9.991997,1133.7535,2388.3884,41680.527,52009.664,0.3401895,-0.01668963,3661,2,7,3
283403.4042420872,3380413.1973235784,-1,0,2005.1079,28.056883,213.69008,0.0043865116,9.622305,10.188015,1768.507,28951.469,29080.32,71745.95,0.38074902,-0.036850255,3661,1,2,6
299564.59033073264,3389743.159876584,-1,0,3530.7354,34.633427,330.4612,-0.0009945156,12.493549,10.092218,1784.859,33255.617,33337.78,87174.85,0.26586393,0.046975043,3717,2,11,5
237729.15047580493,3346075.111184996,-1,0,1415.3424,27.323893,213.69008,0.010737203,9.370859,10.296946,1348.2933,11595.762,58694.305,51282.324,0.45695114,-0.13029544,3661,2,2,5
280677.22321250045,3358148.578654489,-1,0,1403.5292,27.922895,247.0679,0.0007955331,9.90318,10.77765,1470.8617,11073.617,27596.871,75624.46,0.4933999,-0.1688523,3661,3,11,6
286795.1177828821,3386236.8849169165,-1,0,3263.8042,12.323765,123.69006,0.0019965502,4.0042343,11.026568,1720.5961,26093.059,26370.342,74531.18,0.33602288,-0.022977034,3717,2,11,2
285199.08279336256,3391501.8265552097,-1,0,2527.2988,29.916866,241.69925,-0.0030937633,11.188474,9.75873,1636.3641,21105.566,21349.568,72804.84,0.352504,-0.020953584,3717,2,11,6
230563.6298948082,3375384.0230431845,-1,0,1621.9086,43.585693,118.009155,-0.00038623784,16.433138,10.286152,1286.0294,15847.523,34334.227,23740.836,0.4758199,-0.13480312,3661,2,2,6
265298.9899950826,3348562.959786669,-1,0,984.9766,21.22932,34.38034,0.00013818273,6.6860137,7.8329077,1003.95386,2006.4397,43002.93,67607.84,0.3183189,0.0075439666,3661,2,11,6
265621.0679795884,3367395.3042508657,-1,0,1924.2649,31.645407,77.275635,-0.003975154,11.852876,8.990296,1311.1274,8725.073,35752.99,58094.11,0.49450266,-0.15904243,3661,3,2,6
249235.27377661597,3366709.5394982523,-1,0,1771.8939,28.763123,322.76517,0.006838676,10.361017,11.310029,1216.4806,5542.924,36052.86,43940.734,0.4373686,-0.10273925,3661,2,11,5
277371.6112293366,3371687.9356897767,-1,0,1481.901,26.45367,344.93152,-0.0047846017,9.425449,6.6108456,1624.4031,21126.506,34108.83,67692.41,0.49404112,-0.15768138,3661,1,2,7
280376.4234529999,3374459.092636209,-1,0,1225.8235,30.136417,10.007965,0.0014247485,11.066098,10.434863,1731.8278,24782.785,32828.61,69883.62,0.45267683,-0.13061264,3661,6,2,7
294976.308427525,3412329.0820869976,-1,0,5566.5103,10.414398,70.01688,-0.0013036985,3.5578635,11.430888,1576.6783,18781.697,22243.48,83219.75,-0.020826515,0.34807187,3717,1,9,3
306441.5168916716,3372476.6106555,-1,0,2118.8176,27.330286,57.99463,0.0021568502,9.569846,9.143129,1940.1426,18389.023,18519.117,95791.0,0.38166392,-0.0360051,3717,1,2,6
237321.8547465691,3354160.915210146,-1,0,1537.3721,21.243675,26.565063,0.001030726,7.6043444,11.149864,1430.0688,19388.477,50982.42,44201.297,0.31829557,0.025470627,3661,3,2,5
243699.94089451383,3346691.990501872,-1,0,1186.8677,35.166683,274.3987,-0.0005952176,13.300414,9.428704,1245.1426,11180.742,56748.652,53972.688,0.40285861,-0.07016837,3661,5,11,7
283686.2572062874,3392969.4662151868,-1,0,2788.02,33.704807,52.815277,0.0011147736,11.853513,11.263758,1596.8943,19000.096,19252.932,71327.414,0.3358027,-0.0016596991,3717,2,2,6
295608.4730271739,3403614.1317610946,-1,0,4215.9644,30.386776,27.29956,-0.002130338,10.47767,11.595395,1604.6244,23292.66,24163.479,83617.39,0.16974117,0.13713282,3717,1,9,7
234684.43073477095,3358771.598096324,-1,0,1733.3461,31.724312,40.23636,0.00021010397,11.354336,10.337445,1418.4977,22082.771,47387.484,38907.79,0.41011596,-0.06629163,3661,2,2,6
300362.6289218801,3366351.949081189,-1,0,1404.5511,29.423706,200.77226,0.009067031,10.498035,10.793822,1869.7424,14155.819,14512.925,91267.18,0.45717716,-0.111099795,3717,1,2,3
289422.78470432875,3377780.522102596,-1,0,1970.4116,20.505293,195.9454,0.02261277,7.2755857,11.634121,1844.3805,29567.295,30162.906,78099.39,0.29641116,0.020320673,3717,6,2,5
253089.05406908225,3342514.989884793,-1,0,825.23773,26.03688,249.22775,-0.009425028,9.539961,8.143835,1015.82153,9816.109,56056.023,63040.453,0.37519175,-0.038316287,3661,3,11,9
214772.6619808963,3389084.1377490885,-1,0,1186.6804,20.3928,160.55994,-0.024194086,7.4015174,9.851562,1561.4987,9068.875,38155.523,2856.7114,0.39337534,-0.046585705,3661,2,2,9
298450.3795921612,3416009.2367407843,-1,0,5162.4146,5.9675817,303.69006,-0.007620177,2.2992406,10.83223,1604.8837,21332.738,25807.512,87045.59,-0.07336575,0.39737165,3717,8,9,6
285796.10458432004,3356766.368860978,-1,0,1563.3264,13.198472,143.1301,-0.020161994,4.834548,9.851562,1551.1045,11180.34,22333.695,80850.3,0.39196405,-0.049779825,3661,3,2,9
236368.5563482047,3358163.2039991627,-1,0,1559.5967,27.778893,256.50427,-0.0058467425,10.01969,8.983569,1394.1091,20991.057,47437.71,40383.3,0.25903007,0.060667824,3661,3,11,7
259739.3718679494,3376924.444718931,-1,0,1289.552,34.129475,238.78162,-0.0012491569,12.113509,9.385249,1346.5651,8251.091,25792.621,49293.64,0.35939813,-0.03455534,3661,8,11,6
264710.32240841613,3358543.6145287054,-1,0,1756.6558,26.475489,236.88867,-0.005623995,9.331092,9.851562,1147.7958,6444.47,43479.78,61392.81,0.32475597,-0.016173147,3661,2,11,6
272260.85797138826,3389860.767889513,-1,0,2052.048,8.364982,315.0,-0.019741772,3.2597206,9.851562,1445.9268,15225.783,15423.671,59875.348,0.33762956,0.0057138777,3661,3,2,7
289630.66429712536,3386051.9643486477,-1,0,2592.6968,36.426426,62.81888,-0.0020948097,13.113989,9.269674,1744.1635,28117.855,28378.252,77377.45,0.387072,-0.050282687,3717,1,2,6
282722.2307398657,3368955.347719502,-1,0,1597.6537,19.444954,62.102722,0.010650977,6.779478,10.789827,1690.1721,22059.865,29336.902,73604.57,0.43533206,-0.102222726,3661,1,2,6
306630.99748279783,3364022.322117252,-1,0,1541.0579,37.68941,286.69925,0.002836628,14.289302,9.766891,1944.1581,10156.461,10094.682,97932.97,0.3110053,0.014567064,3717,6,11,5
217107.63576224464,3383725.324210383,-1,0,1690.9204,41.293255,188.47116,0.00683686,16.530697,10.7567425,1585.0615,5988.005,38496.605,8387.354,0.49496713,-0.17243046,3661,2,2,6
253100.5413376168,3361539.5451541883,-1,0,1629.8921,21.476376,60.255127,-0.024207799,8.391331,9.851562,1161.5753,4060.0,40796.633,50052.758,0.2705989,0.0888319,3661,2,2,9
258727.5360864005,3376793.4622626062,-1,0,1196.1469,36.7996,284.6764,-0.015469207,13.730441,8.239909,1335.439,7289.582,25758.486,48361.617,0.3918654,-0.053148914,3661,8,11,7
262136.9800936544,3349058.7728445698,-1,0,520.9639,7.9873204,50.194427,-0.014846669,3.6724539,6.156751,940.1064,790.75916,46083.39,64843.1,-0.060741056,0.44717574,3661,7,1,10
257976.58899300656,3374038.2598731387,-1,0,1575.5814,33.667484,67.01129,-0.0036415015,12.53759,8.507817,1289.6459,5426.011,28397.44,48515.57,0.28908128,0.06679433,3661,3,2,6
271317.5552674056,3394839.8770526946,-1,0,2510.811,25.82402,250.20113,0.0021923694,8.937663,9.915779,1373.7777,10370.584,10679.799,59068.086,0.41964945,-0.08813892,3661,2,2,6
231685.5835328857,3361929.490048412,-1,0,1904.6742,22.490847,315.0,-0.004569426,7.5777826,10.702696,1443.8691,23116.271,45570.586,34605.16,0.32472926,0.0052300007,3661,2,2,3
235683.25248330628,3365587.067437081,-1,0,2017.7921,34.36851,210.96376,0.003680892,13.139271,11.126839,1292.1119,17726.492,40644.734,34218.84,0.37935227,-0.037772495,3661,4,2,5
283115.7158294999,3389130.989310934,-1,0,2157.055,12.443969,155.55603,-0.0074895974,4.214201,9.851562,1641.0684,21546.012,21805.418,70736.55,0.31640005,-0.0039574173,3717,2,11,5
240301.5283973113,3370105.196895148,-1,0,1894.561,35.9123,188.74617,0.0023693372,13.427072,10.4128065,1219.7639,11343.668,34867.023,34665.28,0.4296296,-0.09388186,3661,2,2,6
290227.7141192837,3348434.8636252275,-1,0,890.54736,34.479946,233.74617,0.003029098,12.290512,9.118589,1540.153,1748.628,18578.357,88548.75,0.37724596,-0.041422937,3661,8,11,6
303288.1448106237,3358110.820074696,-1,0,968.4305,32.69686,61.113403,0.0019636354,11.8819,10.600361,1887.5104,5508.5747,6234.244,96542.7,0.49251533,-0.15463592,3661,3,2,6
277549.52797079284,3352352.569408647,-1,0,1084.8732,30.563063,341.56506,-0.0063106166,11.028784,8.662459,1311.2855,5242.232,30453.652,75578.95,0.45550558,-0.12465019,3661,2,2,7
273749.7029854204,3391012.47241887,-1,0,2024.3652,41.441063,162.29956,0.0035692614,16.316063,9.624143,1457.6597,14901.533,15200.7705,61350.996,0.51501197,-0.1945853,3661,6,2,6
253197.9080821553,3369753.821228381,-1,0,769.91876,3.2370164,333.43494,0.0021673643,1.0572393,8.77585,1225.8523,563.5601,32593.115,45846.133,-0.024410045,0.38651964,3661,2,1,7
268762.129601202,3351731.9133677464,-1,0,1213.8939,28.257277,235.7843,7.421028e-05,9.786846,8.7784395,1120.085,6653.435,39254.535,68506.36,0.4267949,-0.08940033,3661,2,11,7
257085.16376996957,3335321.5550446888,-1,0,1116.2751,28.287556,331.69925,0.011248229,10.019144,10.330849,972.41534,7911.2896,54184.43,71131.65,0.4295579,-0.10012793,3661,3,11,5
213626.4533184704,3387400.753127305,-1,0,1025.9312,32.359283,163.1416,0.0040246085,12.199949,9.350423,1595.432,7151.238,39875.754,3484.3218,0.3092443,0.0012666053,3661,2,2,5
259807.38710519607,3377623.7559097307,-1,0,1254.8435,35.852406,255.17352,-0.0031124211,13.871429,9.177357,1341.5151,8626.755,25117.47,49170.62,0.36681667,-0.028169148,3661,3,2,7
269132.44840904005,3353735.7393380227,-1,0,1520.8416,23.046581,113.19858,-0.009479763,8.298813,7.69054,1160.4089,8446.307,38820.805,67699.72,0.41026706,-0.065893054,3661,2,2,7
249001.51655502117,3376488.52144728,-1,0,1019.14923,13.449233,10.30484,-0.023047095,5.053824,9.851562,1236.1356,590.5929,26499.86,39256.605,0.37532073,-0.03866914,3661,2,2,7
263218.4478910082,3346996.471281781,-1,0,765.2838,25.378113,38.65979,0.0036358738,8.633704,9.117355,966.223,468.72165,45281.21,66999.016,0.18937926,0.13233943,3661,2,7,6
242033.32384981628,3348533.709895485,-1,0,1403.3846,34.46087,221.05482,0.00607763,12.06883,9.391453,1330.9637,13047.612,55314.176,51511.812,0.40869984,-0.08807317,3661,4,11,6
286388.60191081645,3353346.353531005,-1,0,1245.825,23.755701,115.55997,-0.0003631543,7.8720613,10.234414,1513.4072,7861.972,21579.492,82869.19,0.4575573,-0.12839434,3661,3,2,6
239810.1328565254,3365436.772716295,-1,0,1890.0221,23.020988,180.0,0.010754081,7.8105736,11.241198,1267.3945,14606.738,39467.81,37247.234,0.39253795,-0.052329104,3661,3,11,7
242249.3160374553,3375119.592866097,-1,0,1919.6606,26.910395,195.9454,-0.00077110867,9.43868,9.95321,1183.9265,6989.8784,29502.469,33652.848,0.43459097,-0.11550429,3661,2,11,5
261012.0420011073,3347507.045006165,-1,0,800.0562,35.43931,311.87787,-0.00050130824,12.282208,8.758033,924.8234,1101.4536,47383.797,65006.363,0.39691395,-0.06940445,3661,2,11,6
295891.0188004096,3394092.6028882097,-1,0,3439.6077,34.782032,235.88553,0.0075566615,13.4768,11.588743,1707.8367,27873.963,27908.201,83570.42,0.33991268,-0.003026095,3717,1,2,3
259762.5031041012,3330273.6267299536,-1,0,783.633,25.817207,7.1250305,0.00795868,9.039131,9.591548,1000.17737,2250.8887,53706.984,76752.0,0.41961017,-0.09055945,3661,4,2,6
276867.6589290691,3352572.2335282085,-1,0,1137.1735,37.695766,356.0091,-0.0059013613,14.23545,9.851562,1300.864,5604.4,31121.957,74881.43,0.56763154,-0.25756028,3661,2,2,6
258839.4483687308,3389908.213888796,-1,0,2148.8557,18.062536,291.80142,-0.011037997,7.031868,9.851562,1253.421,13120.354,12933.53,46446.055,0.3872818,-0.055733487,3661,3,11,9
276880.3912794675,3369127.7959242747,-1,0,1177.6334,29.174393,61.69925,0.0003608976,11.011497,10.090491,1572.3661,20118.709,34566.85,67988.98,0.48899263,-0.15918994,3661,3,2,6
226224.752622082,3383388.99716594,-1,0,1785.1918,17.513054,310.23636,-0.012733456,6.2072973,7.1624055,1424.7795,14421.251,31269.617,15624.398,0.28353512,0.032037064,3661,2,11,9
266027.4728528438,3363800.673965842,-1,0,1164.2288,24.807312,213.69008,-0.006479921,8.6861515,8.567554,1260.7582,8850.0,39364.812,59980.305,0.39940786,-0.06111265,3661,3,11,6
283923.30772626144,3379868.692853168,-1,0,1907.4988,7.806614,16.69925,0.004549574,2.5669246,10.329105,1786.1284,29687.695,29812.725,72339.234,0.37963548,-0.06348764,3661,1,7,3
277525.41765703366,3360139.365002062,-1,0,1552.3612,37.26443,74.87598,-0.0041276747,14.177607,9.215704,1438.4222,12954.771,31047.229,71926.266,0.41127416,-0.06028324,3661,3,2,7
274349.691272296,3387767.703586572,-1,0,1770.8179,31.890907,164.74487,0.0024944888,11.622319,9.392769,1506.4447,18022.059,18263.387,62017.375,0.49606863,-0.17164753,3661,2,2,6
257402.33922406088,3340026.580304093,-1,0,949.4291,44.249924,97.4314,-0.0012595258,18.386507,8.3400545,959.80817,8811.197,52439.535,67744.35,0.47664356,-0.15786593,3661,3,2,6
249088.4808405703,3352703.3693409744,-1,0,1390.6448,13.724662,273.8141,-0.013001432,4.4179955,9.655199,1178.2339,9630.52,49948.062,52793.16,0.34992856,-0.021110944,3661,2,11,5
280903.2584758194,3371202.791298235,-1,0,1552.9707,15.085007,331.69925,0.0033190716,5.203595,11.115301,1689.397,24055.379,32066.04,71220.164,0.37653744,-0.049133603,3661,1,11,5
250917.57477903084,3347636.059969657,-1,0,1394.3483,35.1014,267.06433,-0.004737381,13.547606,9.303167,1099.365,8456.252,54816.56,57752.676,0.3904772,-0.058123812,3661,2,2,6
239539.6450680046,3350526.693656876,-1,0,1501.6788,34.625423,211.42957,-0.0036505947,12.740571,9.767916,1417.8677,15356.777,53936.305,48445.812,0.25821114,0.097755946,3661,4,2,9
270652.76916459424,3353461.182747087,-1,0,1700.8296,31.755283,281.68936,0.011074357,11.794477,11.153081,1187.3467,9208.365,37303.625,69123.57,0.38877016,-0.05177898,3661,2,2,6
280508.5694505347,3394113.9260333865,-1,0,2574.7356,34.718906,87.06433,-0.0072532417,12.4107065,8.476978,1529.9004,16020.078,16302.801,68197.32,0.32775974,0.013391592,3717,2,2,6
301259.8589413942,3415993.15803256,-1,0,5443.2046,35.951733,315.0,-0.00049142976,12.475886,10.980169,1633.3059,24116.04,28594.295,89824.445,-0.049855508,0.37446213,3717,8,9,6
245063.0415339876,3375148.386124457,-1,0,1343.2728,13.507022,292.61987,0.01992201,4.6875935,11.059616,1204.2966,4679.8506,28703.82,36164.75,0.38842052,-0.057361655,3661,2,11,3
283913.13460886665,3386185.9702895265,-1,0,2532.0576,15.372083,98.1301,0.0040118233,5.1626225,9.351353,1696.4886,24413.195,24651.328,71660.17,0.44661683,-0.11870891,3717,2,2,6
248130.5969689793,3339530.040400709,-1,0,952.71606,25.31395,316.54816,-0.0017533172,8.292536,9.941776,1038.8973,5622.4995,61540.51,62382.887,0.44961077,-0.11872098,3661,3,2,5
296097.2432241785,3378849.3346043653,-1,0,2993.4746,30.156328,151.1134,-0.0028969247,11.316452,10.061503,1865.6996,27327.066,27552.75,84529.08,0.334139,0.0066728718,3717,1,2,6
270394.6653165113,3388365.1945397323,-1,0,1977.5104,35.418404,249.27444,0.0018164332,13.40163,11.294833,1430.5022,15964.16,16050.811,58045.586,0.34601942,-0.017323216,3661,6,11,6
290483.20995149773,3383826.7193950578,-1,0,1823.9232,15.49536,342.64597,-0.013599299,6.5220704,9.851562,1777.1362,30327.89,30621.523,78388.12,0.44543016,-0.116466396,3717,1,11,9
285146.85767028615,3364554.4375030766,-1,0,1896.8484,42.256973,123.69006,0.0016910485,16.718304,10.169515,1658.7859,18250.545,25140.027,77293.56,0.47034934,-0.116662465,3661,3,2,6
252703.3744760925,3376443.4301464306,-1,0,1514.1934,25.890327,162.89728,0.012943881,9.926354,11.1579485,1271.2144,2234.4575,25956.6,42744.645,0.45977506,-0.11976555,3661,3,2,3
298961.07585921,3410431.902220967,-1,0,5433.014,22.210396,180.0,0.0063984594,7.5432224,11.608387,1626.8088,23182.46,26385.117,87075.32,-0.02316898,0.36187983,3717,1,9,2
238599.08366596015,3338107.766331211,-1,0,880.905,17.693481,233.74617,0.006580495,6.166042,9.889958,1063.8048,4373.431,66257.1,58719.184,0.4587302,-0.12549973,3671,3,2,3
254042.559214826,3335564.742129622,-1,0,904.22406,32.40752,311.1859,0.0065925033,11.306355,10.0659075,975.18536,9810.326,56970.03,69070.484,0.41075116,-0.07280742,3661,3,2,6
273950.6091743054,3396734.4890731787,-1,0,3092.6667,38.44415,318.6914,-0.0013764435,14.039301,9.297534,1393.6343,10123.28,10237.001,61858.535,0.4801019,-0.16102014,3661,2,2,6
307944.5879610396,3374331.7264027544,-1,0,1552.5094,46.636795,281.68936,-0.0034767324,20.044497,8.328836,1948.5977,19954.47,20131.39,96935.4,0.44525644,-0.10800436,3717,1,2,6
278969.8448739596,3385389.02426681,-1,0,2046.6235,31.700132,88.26428,-0.0006472762,11.2923565,8.958552,1618.431,22377.848,22541.623,66778.27,0.50154734,-0.19279635,3661,2,2,6
232764.96501214764,3377684.1410039784,-1,0,1737.386,21.552359,22.833649,-0.00013896341,8.138924,9.779562,1199.4581,12835.03,31196.367,24154.033,0.35830534,-0.024003668,3661,2,11,5
294214.06121760595,3399984.689370764,-1,0,3761.4016,21.324759,250.70996,0.014074431,7.460168,12.26609,1626.364,23941.715,23826.078,82349.1,0.17284621,0.13088953,3717,1,11,3
262419.1518874839,3350143.8478393783,-1,0,961.0324,31.199594,231.3402,0.0029802267,10.83788,8.016203,963.1887,1858.2788,45701.61,64372.906,0.4380888,-0.11649701,3661,2,11,6
256716.3112936006,3362292.971629338,-1,0,1202.4305,20.056171,25.20111,0.0024585677,6.872124,10.904766,1133.91,450.0,40033.2,52622.42,0.46145478,-0.12547491,3661,2,2,3
297911.9409242708,3379869.566772383,-1,0,2590.7349,39.98088,288.0343,0.0010141429,16.202997,11.612968,1865.4402,27669.074,27766.018,86198.0,0.38103133,-0.05045712,3717,1,11,6
294011.7495742523,3355151.3024507207,-1,0,1450.9723,27.824768,355.7636,-1.4054727e-06,9.725205,8.942588,1695.0149,6773.662,13989.014,89010.03,0.4035603,-0.058199782,3661,3,2,7
290949.4913955795,3399537.7834333777,-1,0,4619.7744,22.362635,357.39743,-0.000680179,7.7007966,10.366512,1592.628,21033.85,20978.793,79050.34,0.09115206,0.23770702,3717,1,8,5
217227.17524688828,3377554.198536959,-1,0,1214.0911,40.75128,63.434937,0.0017744234,16.20574,10.601032,1629.2417,5855.911,41931.23,13971.436,0.42366543,-0.09524959,3661,4,2,6
275829.90843083616,3379506.786224266,-1,0,1650.9937,9.102258,113.19858,-0.00093911955,3.4053512,11.174591,1634.2809,22877.797,26292.541,64402.543,0.1481732,0.16076742,3661,2,5,6
277574.74670221185,3348795.526294841,-1,0,913.6685,18.122467,300.96375,0.007019734,5.991683,10.0341835,1253.6089,1760.8237,30820.133,77469.54,0.32945025,-0.0004853406,3661,2,11,5
256448.4816848927,3388217.888913473,-1,0,2042.0598,34.86946,327.5288,0.0039110836,13.159982,11.022028,1277.3325,12322.094,14135.576,44117.523,0.3831639,-0.04642763,3661,3,2,6
267765.861744473,3386474.4284000406,-1,0,2591.6204,36.541058,330.42218,0.0025787267,13.439924,10.681646,1404.3297,17044.436,17242.707,55528.305,0.38327438,-0.050106246,3661,3,11,5
280500.0571734549,3402265.696880426,-1,0,3384.1467,27.126759,105.06848,-0.012732762,9.776684,8.47347,1421.6769,10449.426,10529.776,68568.875,0.2493787,0.05452858,3717,2,11,7
307224.85119417007,3370819.2380383494,-1,0,2282.677,20.087673,313.0251,-0.0034221853,6.545904,9.377011,1946.7607,16608.094,16805.752,96883.2,0.23394343,0.119983405,3717,1,2,6
297980.02255959937,3376963.2039001104,-1,0,2472.5962,20.708101,315.0,0.006415233,7.606384,10.318478,1893.4961,24892.268,25052.363,86669.64,0.4004664,-0.062473234,3717,1,2,5
290430.7055541876,3394821.246764525,-1,0,3633.4226,42.711094,316.59116,-0.0014139239,17.04975,11.4281,1644.0862,22834.8,22943.885,78150.8,0.21496214,0.08766082,3717,2,11,6
241186.5969533275,3340402.0657693404,-1,0,1414.7825,23.476992,307.40536,0.0047934554,7.3754835,9.692864,1117.0626,5101.3135,63425.15,57921.773,0.46617827,-0.13979542,3661,4,11,5
300933.72358413105,3414865.2943340344,-1,0,5216.3228,37.443474,299.42746,0.006454883,12.445097,8.925882,1634.0244,23950.176,28200.445,89384.44,-0.019962354,0.341046,3717,8,9,5
269725.58799346315,3350241.452648694,-1,0,1480.1613,18.829882,173.29016,0.0020912434,6.3920426,10.145064,1115.5195,6369.8433,38412.504,70146.31,0.4035006,-0.060962643,3661,2,7,5
297287.6908429702,3410779.8573030266,-1,0,5041.0557,4.8712707,101.30994,0.00023519262,1.5761479,12.24475,1606.3903,21489.059,24675.967,85417.64,-0.053320307,0.37889922,3717,1,9,9
247618.4406966509,3358326.7230032226,-1,0,1214.5142,35.519444,69.904755,0.0009921255,13.562854,8.99355,1217.4663,9898.535,44585.15,47808.758,0.47855833,-0.14373057,3661,4,2,6
247570.45041154223,3371984.773166899,-1,0,1725.8657,10.23957,349.69516,0.013958464,3.4005353,11.488327,1223.4697,4522.4443,31219.328,39831.832,0.3380281,-0.028304985,3661,2,11,2
266435.6537216368,3367817.167245516,-1,0,1687.9043,36.73025,27.349884,0.014227302,14.029197,11.403946,1334.8948,9595.416,35412.34,58668.453,0.410836,-0.07624211,3661,3,2,3
209366.26838068443,3378056.5537607567,-1,0,1083.7827,33.374714,5.1944275,0.00017807182,12.790395,9.604717,1878.8262,2420.9502,48056.31,12959.201,0.43543342,-0.111542754,3661,3,11,6
242696.99451883533,3382492.299425421,-1,0,1141.6335,12.962389,63.434937,-0.014154732,4.8267665,9.851562,1255.2898,1802.2764,22356.285,31382.145,0.25560075,0.07060342,3661,2,11,7
303813.4103282893,3379075.521906614,-1,0,2441.5366,29.993578,308.65982,-0.0056370785,10.123668,9.453659,1904.5343,25409.215,25401.467,92151.75,0.3855251,-0.05527016,3717,1,2,9
301377.1055158608,3371010.5318618272,-1,0,1645.1853,17.941662,195.52412,-0.019955162,6.6259828,9.851562,1898.4624,18186.604,18254.383,91123.89,0.5121185,-0.1937406,3717,1,2,7
297393.6709116737,3417701.322534562,-1,0,5717.0073,57.037285,308.07278,0.0002313463,28.145046,11.071161,1589.8173,20131.957,24977.178,86210.83,0.030593753,0.28200012,3717,8,8,4
281989.8159338763,3381396.878770117,-1,0,2249.662,7.021884,231.3402,0.003578981,2.4144685,11.745112,1727.7001,27354.658,27503.727,70203.39,0.38128865,-0.04446781,3661,2,11,6
266555.0258734474,3342981.461500554,-1,0,564.475,30.693518,241.82143,-0.0008545937,11.239218,6.5020127,1017.7887,311.12698,42836.43,72157.38,0.3562634,-0.030404804,3661,7,11,7
257562.2026706517,3355062.6718435907,-1,0,1094.8726,21.273563,43.264282,0.002386634,6.6179056,8.836054,1023.02356,1070.0,47295.07,57512.508,0.46382514,-0.1302226,3661,2,11,5
298741.6391606725,3354549.153027426,-1,0,1520.615,29.37757,316.3322,0.004486696,9.607726,10.340661,1787.6042,5117.128,9227.621,93596.234,0.39651245,-0.06332076,3661,3,11,6
296744.0324219949,3356516.0360750435,-1,0,1637.9598,34.45894,82.092834,0.0011157658,12.006237,10.654464,1759.4282,7878.6865,11491.953,91000.8,0.46924883,-0.13345078,3661,8,2,7
251998.8941414785,3366234.7699199985,-1,0,1262.1346,32.144882,270.0,-0.009664978,11.519384,8.718957,1203.4001,3733.765,36189.6,46529.4,0.2931589,0.036976453,3661,2,11,7
254316.435963404,3349933.257668034,-1,0,1129.2352,26.718111,85.60129,0.0071592988,9.177235,10.49568,1032.2101,4562.072,52365.23,58448.434,0.44128627,-0.10090043,3661,2,2,6
308780.59225742554,3409624.210237676,-1,0,4902.699,45.603607,61.990814,-0.00785938,20.351875,4.2704077,1743.0007,32765.994,36233.758,96846.95,-0.020577056,0.3633609,3717,8,9,7
264334.4145134562,3385867.162269793,-1,0,2223.8623,34.582787,62.74466,-0.0016123672,13.831987,9.443205,1348.6453,16993.205,17240.838,52160.406,0.5282364,-0.20212874,3661,3,2,6
296635.26042539446,3361027.145384741,-1,0,1686.4009,41.134632,91.14575,-0.0059093568,15.614006,9.121034,1788.3071,11814.271,13335.85,89299.016,0.5850874,-0.2612674,3661,3,2,6
244309.7937325113,3371437.676928026,-1,0,1734.3461,25.427471,102.52881,0.022581153,9.447629,11.506505,1215.5055,7315.4976,32489.29,37251.26,0.47757038,-0.14032343,3661,2,2,5
238601.6383236767,3376365.1998411226,-1,0,2080.5488,22.39192,333.43494,-0.00018301942,7.8968673,10.853365,1142.8811,8824.426,29573.562,29857.229,0.40786734,-0.06843454,3661,2,2,6
239468.0791458913,3388120.5998436315,-1,0,1466.5671,26.797575,71.56506,-0.015960127,9.406717,8.140384,1360.7549,3485.1829,18794.055,27188.904,0.50439495,-0.17569125,3661,2,2,9
278035.42447073787,3369441.199782013,-1,0,1145.8496,37.121593,185.7106,-0.0016609827,15.1108885,10.2662525,1601.2201,21303.074,33678.156,68984.766,0.4629549,-0.12309261,3661,3,2,6
290158.7961157313,3379050.8552434463,-1,0,1977.9723,17.552341,108.43494,0.0034367056,5.9874263,10.041408,1832.5966,30224.006,30746.463,78621.945,0.39270353,-0.06375996,3717,1,11,5
269611.20175318106,3345581.349112311,-1,0,1116.7654,25.418919,242.44719,0.0014381127,9.150549,9.966748,1073.189,4306.286,39249.402,72844.59,0.47030297,-0.14080018,3661,2,11,7
265215.56402705057,3335740.1142781302,-1,0,1202.4375,29.195635,0.0,-0.001062002,10.525145,7.6983128,994.89386,3155.725,46469.4,76198.16,0.4576404,-0.13325126,3661,3,7,6
284773.7053048146,3395687.454466998,-1,0,2991.773,28.539604,273.8141,-0.005484317,10.12001,8.720638,1574.1158,17829.396,18031.512,72554.56,0.3186836,0.022795007,3717,2,2,7
253029.81658000397,3335515.29643716,-1,0,655.78503,29.385437,213.17853,0.005387083,10.6195345,8.844439,975.83264,8790.051,57952.1,68500.51,0.36994392,-0.025659006,3661,3,2,6
298604.59881994256,3365243.4218936465,-1,0,1529.6571,15.384783,333.43494,0.014937131,5.078341,10.777232,1842.7169,14037.268,14635.918,89879.59,0.42456433,-0.079882525,3717,1,2,6
300098.9857837686,3366318.63358588,-1,0,1251.2614,34.083256,150.06848,0.00074112933,12.234529,10.203347,1866.4186,14244.613,14630.625,91014.97,0.42191443,-0.07232162,3717,1,2,6
235013.88955387007,3339437.627346897,-1,0,545.1443,17.727043,330.25513,0.0025546083,5.951294,9.31486,1134.5966,7935.2,65786.625,55992.438,0.4447296,-0.10974628,3671,7,2,6
278747.7754000938,3382587.775334903,-1,0,1885.518,22.792183,105.52411,-0.005639691,7.866311,10.222616,1650.8379,24693.355,24931.082,66838.97,0.40619093,-0.07373032,3661,2,2,9
245577.66785084785,3365904.168814575,-1,0,2150.2476,23.958939,182.29062,0.0023891467,8.040225,9.87926,1232.498,9100.824,37604.555,41400.12,0.4160399,-0.086849876,3661,2,11,5
273800.9565707131,3353391.0201272005,-1,0,1256.6884,27.01947,0.0,-0.00051975733,9.790471,9.851562,1251.1735,7518.6235,34155.094,71834.82,0.4450124,-0.11110975,3661,2,2,6
263220.6653837026,3362008.185011669,-1,0,866.80853,19.363085,32.905243,-0.029170759,7.2562594,9.851562,1173.6902,6039.247,40982.445,58348.195,0.45980275,-0.12653287,3661,2,2,9
292939.2416814106,3360710.1136747613,-1,0,2334.9358,35.357727,109.855225,0.0019874035,13.688067,9.140754,1726.3376,12436.338,16458.836,85928.43,0.4823532,-0.15642455,3661,3,2,7
264564.1315274934,3331401.142639019,-1,0,1398.6409,31.748137,250.0169,0.01003546,12.9046955,11.287803,990.84534,2565.6384,48913.688,78952.24,0.39099178,-0.05235153,3661,3,11,5
290663.96159004443,3384975.6247469163,-1,0,2232.5483,32.099632,324.68878,0.004154967,11.098012,10.875471,1764.7356,29610.176,29867.797,78476.555,0.3827807,-0.04542146,3717,1,2,5
247946.8300486392,3354638.6704406496,-1,0,1123.83,24.969652,286.2602,-0.006825452,8.436736,9.851562,1207.1812,10695.405,48177.535,50608.727,0.4755343,-0.14803189,3661,4,11,9
263198.005151312,3359075.718039603,-1,0,1597.9913,46.125942,180.0,0.0015497518,18.968578,8.938401,1125.0728,5079.616,43920.934,59821.133,0.41185325,-0.07512778,3661,2,2,6
267010.9813726445,3373786.1027884595,-1,0,2130.7844,41.566025,54.605194,-0.002199292,16.805597,10.194403,1444.2435,12368.3545,29591.89,57168.863,0.51907855,-0.19068238,3661,3,2,6
260724.9740927272,3380152.16403158,-1,0,1323.1437,13.935553,209.74489,-0.017250992,5.4137664,9.851562,1334.2617,10687.867,22846.936,49459.57,0.30023468,0.017635377,3661,3,11,9
257728.67157235797,3377714.357618504,-1,0,1719.591,32.44174,59.858612,0.0030657381,11.739409,10.478853,1322.1884,6839.1304,24721.367,47143.52,0.33296904,-0.009779287,3661,8,11,5
283874.5250963579,3388820.723701404,-1,0,2260.8538,20.174545,188.53078,-0.0026922664,7.0766516,9.851562,1658.4832,22253.596,22520.5,71503.68,0.3896251,-0.063371636,3717,2,11,7
280517.1689601255,3354008.027563964,-1,0,1055.0013,31.134687,358.26428,-0.0036150275,11.239944,8.835936,1399.7327,6958.16,27440.018,77353.45,0.3887872,-0.035024885,3661,3,2,6
280907.7300069947,3370032.3497594157,-1,0,1216.1346,32.13345,54.46231,-0.0046173194,11.931969,8.963843,1670.2316,22890.254,31453.22,71548.7,0.5493201,-0.23882264,3661,1,2,6
259916.95109829443,3333204.7579506813,-1,0,792.82043,28.152477,196.50436,-0.0052931975,9.932533,8.919117,984.7728,4759.464,52341.664,74564.08,0.38614658,-0.05635303,3661,3,11,9
283307.9751900149,3393293.755017915,-1,0,2802.4375,29.443815,47.60257,-0.00191121,9.973304,9.524986,1586.2438,18506.56,18763.818,70958.76,0.45392516,-0.13903175,3717,2,2,6
241800.7197492756,3368555.297779875,-1,0,2300.9429,18.967264,112.38013,-0.006299726,6.337302,11.769504,1232.1029,11059.95,35914.305,36794.023,0.4651577,-0.13354371,3661,2,11,7
261720.36477771407,3347175.8473322173,-1,0,944.9847,19.42567,92.72632,0.0025233652,6.4326425,9.384255,939.11804,1055.4619,46728.887,65763.43,0.35545573,-0.034993827,3661,2,11,5
206183.77675258688,3379532.2769639385,-1,0,712.89905,31.993923,41.185913,-0.01050888,11.932211,9.851562,1976.8546,1461.0271,50050.766,12745.234,0.45943573,-0.12811786,3661,2,2,6
210951.9688166562,3379465.729381149,-1,0,787.51715,41.903946,126.32681,0.007668427,16.553188,9.336534,1789.4989,1029.563,45966.14,11292.192,0.37677863,-0.01842446,3661,7,2,5
256437.62142035709,3338912.8501985813,-1,0,828.3981,39.26856,195.9454,-1.9876241e-05,14.27101,8.949037,969.9355,10170.408,53678.82,67952.805,0.4447449,-0.111340106,3661,3,2,7
303163.6813268106,3405671.2347407574,-1,0,4133.925,46.902756,157.83362,0.0034866517,20.22432,11.695225,1695.278,28874.992,31170.244,91150.04,0.15206265,0.15727858,3717,1,11,5
290950.4845684377,3401659.197389459,-1,0,4892.191,22.165274,138.81409,0.013258455,7.778743,12.533258,1567.1993,20322.809,20187.762,79045.88,-0.0033872172,0.3372562,3717,1,9,3
236735.10300725768,3383698.2835830003,-1,0,2414.5327,9.684533,281.30994,0.003497097,3.6696978,11.537807,1263.845,7031.536,23985.236,25315.55,0.2981644,0.016728144,3661,2,11,3
303615.39235771867,3363346.7127850824,-1,0,1638.3473,14.323769,347.00537,-0.01688611,4.89661,7.9487357,1902.4554,10206.355,10325.658,95220.4,0.32565826,-0.0038229763,3717,8,11,6
255752.6031989573,3368249.942141655,-1,0,687.29504,16.93043,150.25513,0.0026008019,5.6761847,8.950098,1210.85,216.33308,34046.594,48808.79,-0.021591425,0.38691697,3661,2,1,9
264699.215024925,3376200.8068867605,-1,0,1931.6907,15.67618,248.19861,-0.010653036,5.4711857,10.249168,1435.7491,12113.65,26894.588,54262.156,0.14511426,0.16386904,3661,8,11,9
254311.17621389404,3384858.215386925,-1,0,2667.7712,22.328783,4.9697266,-0.007879925,7.9889274,10.081664,1288.9899,8492.938,17445.701,42319.336,0.38618964,-0.04598757,3661,3,2,6
213293.05531404127,3385299.780380296,-1,0,1055.9977,25.69889,106.26019,-0.0016326695,9.165742,9.829827,1630.1646,5030.358,41072.1,5435.0347,0.47212005,-0.16123314,3661,7,11,5
293168.23007381946,3380655.2430758774,-1,0,2864.3992,43.02479,315.76392,-0.0016024874,16.010035,10.146598,1830.5574,30162.314,30496.443,81387.914,0.46354836,-0.14012389,3717,1,2,6
266239.41527599504,3346178.6378821437,-1,0,923.60535,18.580605,49.76364,-0.0043321047,6.38615,9.851562,1018.9031,1296.1866,42442.887,69837.06,0.35343096,-0.01850617,3661,2,11,5
255420.6463728367,3346396.1187917045,-1,0,1999.5548,45.206787,129.35175,-0.0023482048,17.955431,9.454134,989.2589,5411.811,53075.504,61736.65,0.3963363,-0.053518392,3661,3,2,6
303396.7798407007,3356640.8282571333,-1,0,1088.4573,30.90281,295.70996,-0.003755598,11.164006,8.604377,1886.8243,4235.2095,5279.1284,97151.22,0.40060043,-0.064065404,3661,6,2,6
299679.99949112657,3367517.834197629,-1,0,1295.3606,12.021702,349.69516,0.0022669772,3.9962015,8.158736,1867.2319,15508.1455,15871.043,90295.39,0.5053625,-0.17817576,3717,1,11,6
257113.4343457361,3346626.539818996,-1,0,1530.6116,30.104315,353.08878,-0.005908551,10.477797,9.565329,952.118,4053.11,51368.55,62757.62,0.39159763,-0.051912654,3661,3,2,6
286440.75273358286,3367675.6469996306,-1,0,1649.2235,20.007107,128.15723,-0.0020496156,6.3944974,9.570493,1722.0631,21039.645,25496.984,77536.72,0.5337811,-0.21055068,3661,1,2,9
254065.77704495785,3334209.7691971376,-1,0,758.2447,37.572357,77.988525,0.0035413185,14.892493,10.345172,970.4413,9067.855,57401.957,70164.03,0.4960276,-0.16283464,3661,5,2,5
280313.18568198924,3394472.675241528,-1,0,2462.521,32.566113,246.37064,-0.0029176732,11.963527,10.689426,1522.0785,15622.427,15907.388,68026.78,0.4280335,-0.09604002,3717,2,2,7
299751.78708185465,3376804.204925622,-1,0,1999.7665,54.992157,228.36647,0.0010994965,24.339893,10.283643,1903.1694,24198.945,24244.113,88452.64,0.37560937,-0.03689989,3717,1,11,6
255833.9776844801,3345347.9523416897,-1,0,1812.0658,43.78668,246.50143,0.0027085282,17.646751,9.980746,979.24286,5862.875,52829.645,62769.656,0.3110923,0.01188641,3661,3,11,6
246691.44628761432,3345473.630568196,-1,0,593.062,16.43311,220.9144,-0.0032499193,5.6122026,8.533837,1158.4177,10288.426,57431.715,56732.934,0.40917408,-0.07430134,3661,3,2,9
282130.37059388746,3387521.477227668,-1,0,1871.6034,20.845093,120.25644,-0.018658161,7.9738426,9.851562,1646.3396,22312.816,22494.816,69810.66,0.2211485,0.12180201,3717,2,2,9
287440.00175727496,3360163.134870547,-1,0,1785.8514,32.736015,351.63412,0.009885926,11.483006,10.876642,1629.2622,13586.242,21430.418,81001.555,0.4395763,-0.108057834,3661,3,2,5
296249.8431447734,3409284.6505124243,-1,0,5298.759,21.89015,322.59464,-0.004756487,7.2422442,10.282121,1597.8674,21095.355,23865.107,84303.516,-0.050895926,0.38021597,3717,1,9,6
237807.42384035885,3379508.2524719355,-1,0,2254.1536,30.901217,47.489563,0.008103437,10.825754,10.4286375,1170.5938,7513.1953,27070.193,27748.703,0.4648007,-0.12836945,3661,2,2,5
279964.1877840264,3368518.3640495483,-1,0,1719.3246,26.120184,232.30577,-0.001990697,9.231293,9.405639,1626.0614,21313.809,31541.27,71104.74,0.46964732,-0.13011397,3661,1,2,7
256405.5302743871,3355229.3901374484,-1,0,1452.1365,19.522959,353.29016,0.0006463955,6.9076724,9.4571,1047.1926,2220.0225,47078.51,56499.25,0.40552858,-0.06930596,3661,2,11,5
239182.08841400765,3372572.421524918,-1,0,1701.9645,17.160086,14.931427,-0.0049244207,5.845882,10.689471,1191.5479,10965.855,32878.258,32325.72,0.29146245,0.019260399,3661,2,11,9
269772.7976280095,3376100.7373004784,-1,0,1332.5477,20.552881,340.3462,-0.023725415,7.811017,9.851562,1539.2694,15951.909,27801.873,59198.46,0.45835024,-0.13350727,3661,3,2,9
286779.7469648661,3384730.826775302,-1,0,2681.5007,37.84337,32.905243,-0.0024441623,14.872033,11.107438,1740.3798,27263.299,27526.252,74616.01,0.45058194,-0.12159277,3717,2,2,7
257388.4966429129,3388186.93117164,-1,0,2253.381,25.595879,194.03625,-0.0018304541,9.1654,9.789623,1272.1671,12996.068,14286.357,45057.754,0.3852126,-0.05552045,3661,3,11,5
295741.1221787421,3413352.792316148,-1,0,5342.259,13.362311,37.87497,-0.003309203,4.265688,10.687816,1583.0574,19203.012,22980.87,84073.31,-0.043662593,0.37005392,3717,8,9,7
281519.9329072826,3376631.150711997,-1,0,1479.1044,12.261924,330.9454,-0.018715251,4.4109945,10.896822,1783.9933,26602.932,31502.953,70529.54,0.49784005,-0.16629662,3661,1,2,7
271181.2276896534,3346241.7665237896,-1,0,1520.3075,26.25817,251.56506,-0.00014733871,9.702565,9.014629,1103.9662,3669.7954,37575.797,73684.47,0.3964299,-0.07396246,3661,2,11,5
260093.69242392053,3332575.546507152,-1,0,835.7718,33.630608,173.08875,0.0070885774,12.646607,10.107657,988.15643,4104.68,52430.6,75164.74,0.46822888,-0.13825454,3661,3,11,5
240316.38010387405,3361077.999689383,-1,0,1880.8828,39.521885,23.198578,0.0036894204,15.475419,10.807969,1304.7394,16083.537,43511.02,40675.582,0.4743456,-0.13131544,3661,4,2,6
300933.2429979417,3401983.5701185744,-1,0,4074.1973,43.78445,173.88452,-0.0025443074,17.116974,10.649702,1689.2903,28627.443,29715.191,88999.88,0.2155852,0.07400056,3717,1,11,6
277742.6128733525,3395094.63620365,-1,0,2433.3906,22.383083,0.0,-0.00029401085,7.9523396,10.003326,1473.142,13576.291,13816.037,65499.98,0.36229256,-0.038059454,3717,2,11,6
266316.5326826215,3335509.1513083144,-1,0,806.0186,28.317574,243.43497,-0.0049546864,10.730006,6.5762053,999.4457,2102.3796,45552.504,77129.05,0.4556403,-0.12288668,3661,3,2,7
259229.48127652108,3352196.2641759366,-1,0,664.65076,31.270935,100.95404,-0.0032768731,11.308549,8.86161,943.5072,480.0,48762.867,60605.195,0.44323772,-0.09084444,3661,2,2,7
283373.5779890263,3349742.1904804683,-1,0,957.6971,25.68968,199.98311,0.0034580256,9.359317,9.903631,1388.7295,4075.414,24943.016,81930.5,0.3947421,-0.06291124,3661,2,2,6
254700.23924271617,3342056.9210662725,-1,0,820.342,34.78609,111.80139,-0.0005751641,12.4831705,9.851562,991.54144,9134.555,54567.836,64436.76,0.30060363,0.055006336,3661,3,2,9
232378.2632426863,3373168.412545718,-1,0,1979.9786,32.719707,354.95755,0.0016820936,12.292379,9.768482,1267.4866,15598.904,35235.15,26553.729,0.4816505,-0.15974626,3661,3,2,5
267662.628293736,3354810.006567753,-1,0,1230.2562,18.023947,276.009,0.001940622,6.499729,10.380684,1147.7369,8501.747,40298.547,65878.64,0.40433472,-0.069841295,3661,2,7,6
232121.9194262429,3372832.4384539123,-1,0,1968.107,30.967726,322.76517,-0.00015780354,11.184477,10.461876,1279.0065,16008.476,35654.69,26592.89,0.46259955,-0.13175699,3661,3,2,6
285092.44831861026,3348970.99065342,-1,0,930.12103,30.215715,326.30994,0.00511917,10.524505,10.427466,1418.7645,3816.7263,23402.559,83805.41,0.37224978,-0.048327554,3661,2,11,6
300153.862919625,3379331.256987893,-1,0,2437.4695,21.16515,225.0,0.004640121,7.3421273,10.680934,1882.6797,26536.29,26513.674,88488.34,0.39738616,-0.06641798,3717,1,2,5
291851.3736212287,3390189.7187509458,-1,0,2996.2302,41.157413,203.83875,-0.0042655,15.9580555,9.222762,1712.6453,26778.98,26975.207,79461.39,0.2633718,0.08003254,3717,2,2,6
235598.7586816814,3364383.838146369,-1,0,1808.7916,33.59061,323.74615,0.0010897665,12.358588,9.950086,1312.5779,18518.416,41806.33,35055.36,0.3979847,-0.0674057,3661,4,11,6
211669.18508984728,3377320.7074763747,-1,0,1209.0002,24.792292,133.3634,0.002838623,7.960151,9.197381,1790.6277,3110.0645,46540.867,13359.959,0.46649152,-0.12966466,3661,5,2,6
226841.39436274456,3390973.61243266,-1,0,1855.0656,18.204037,197.52557,-0.015008041,5.7367063,9.851562,1481.3842,16085.08,26435.057,14453.325,0.49095976,-0.17266011,3661,2,2,7
290659.91856634174,3354035.5153490263,-1,0,1224.2838,24.039684,26.565063,0.0005207586,8.224434,9.026931,1614.144,6778.0605,17300.072,86408.24,0.3074915,0.025809284,3661,3,2,9
269921.86575900123,3365909.8779503973,-1,0,862.3933,29.994255,132.70938,0.011947796,11.0788965,10.357504,1375.8209,12789.155,37860.64,62627.977,0.45539674,-0.11634717,3661,8,2,5
272033.8760358159,3347094.810329913,-1,0,1323.8479,25.027657,66.25049,0.006566255,8.505844,10.182752,1125.8431,3915.418,36574.836,73859.83,0.37472707,-0.0368854,3661,2,11,5
272659.720577754,3357007.918950361,-1,0,1337.2583,26.462484,357.9546,0.0015666125,9.139529,9.463108,1286.6694,11235.034,35429.8,69018.766,0.49901623,-0.17848827,3661,2,2,7
239470.75590214864,3387189.414619479,-1,0,1773.1407,22.438742,47.29062,0.00850341,7.313755,11.12144,1341.3313,3582.7642,19564.625,27301.416,0.36449173,-0.044170734,3661,2,11,2
277660.9347834795,3381738.662240948,-1,0,1915.6498,25.72058,252.89728,-0.0023604094,8.952143,10.257904,1641.4967,24904.709,25144.734,65876.7,0.34532097,-0.01781642,3661,2,11,5
271082.9943375981,3378543.603712644,-1,0,1379.5647,37.748043,39.610687,-0.001255014,14.035636,8.710684,1553.0963,18456.773,25675.707,59928.38,0.40950346,-0.07030947,3661,3,2,6
291170.29557286634,3376918.0212153224,-1,0,2072.2676,23.118906,30.963745,-0.0030308515,7.9822855,10.429964,1862.8192,27879.688,28422.033,79969.22,0.4255431,-0.09222162,3717,1,2,6
256606.3119718843,3371667.98724239,-1,0,1551.5664,25.284327,300.57922,-0.00623095,8.684124,9.974751,1251.8179,3302.9685,30657.703,48115.945,0.4664374,-0.14058001,3661,2,11,6
243639.08635308605,3367959.43717754,-1,0,2256.6926,31.175285,236.8215,0.0009748435,11.44281,10.359684,1232.0717,10132.374,36030.777,38616.414,0.44357526,-0.10728569,3661,2,2,6
237391.7818391575,3373418.851654222,-1,0,2204.6506,21.369015,166.60748,-0.0055826693,7.657361,9.842445,1173.5574,11698.653,32752.16,30368.035,0.40403667,-0.076530404,3661,2,11,7
220851.2383107184,3381130.4252134715,-1,0,2316.0498,14.984433,60.642242,0.022846278,5.489552,11.795743,1522.32,8769.606,36865.61,12743.331,0.37390876,-0.036027912,3661,2,2,2
266640.6062098485,3383362.177452277,-1,0,2263.1643,32.432602,239.03625,0.0009354441,11.534055,10.4405775,1416.0906,17397.938,20109.5,54738.95,0.39568168,-0.052780762,3661,3,2,6
299827.1976715119,3383047.7034952343,-1,0,2629.6433,24.51367,51.70984,-0.004453128,8.238866,10.417274,1847.5376,30219.941,30172.637,87760.56,0.38971338,-0.04850812,3717,1,2,6
237420.3814953077,3342436.4763189103,-1,0,570.144,7.2041698,0.0,-0.0035947908,2.1908834,6.8071094,1223.3678,8515.732,62294.117,54329.266,0.10114748,0.23824316,3671,2,11,10
258633.4109787627,3356636.6086345464,-1,0,683.5661,21.908592,217.87498,0.004097166,7.277459,9.4385,1027.8962,160.0,45787.83,57406.426,0.36358112,-0.02973668,3661,7,2,5
259710.2563935963,3341290.330320942,-1,0,1719.8962,27.77587,208.44293,0.006083593,9.943213,10.32053,938.6541,6192.9395,49881.195,68385.516,0.36266842,-0.025384381,3661,3,11,6
279624.1763679195,3400882.825725674,-1,0,3399.6396,19.340837,110.22485,-0.025156483,7.4562345,9.851562,1427.3022,10537.4375,10731.803,67785.164,0.43093175,-0.1151383,3717,2,11,7
241080.1160834214,3358644.655493974,-1,0,1541.7865,23.506289,22.249023,0.0061937827,8.16188,10.049026,1315.3124,16289.51,45689.008,42986.31,0.45287222,-0.121570386,3661,3,2,5
298365.29103423766,3409150.605529509,-1,0,4934.849,11.626526,300.96375,-0.0015877958,4.33474,9.886754,1623.5272,23117.666,25975.373,86416.516,-0.012855025,0.32164526,3717,1,9,7
245791.7955942779,3370447.35113176,-1,0,1580.0195,19.208464,339.77515,-0.01635511,8.238963,8.945969,1221.4004,6853.2036,33157.336,39038.496,0.38869587,-0.048643116,3661,2,2,9
289746.2605408409,3385337.725001829,-1,0,2483.181,10.527853,290.55606,0.004592469,3.7805238,11.77028,1753.6797,28712.203,28993.98,77532.734,0.4209691,-0.092316225,3717,1,11,6
283367.4182836237,3346487.02431823,-1,0,779.84393,36.01414,172.50415,0.0013363692,12.850381,9.014162,1323.6415,1612.4514,25705.412,83592.65,0.36194327,-0.03147749,3661,2,11,6
299220.21325455385,3367197.0450134347,-1,0,1396.3363,30.84375,275.35583,0.009911498,11.764431,11.036095,1860.5323,15425.596,15847.901,89933.78,0.40427932,-0.0683407,3717,1,2,6
292218.3893372113,3400926.8824965763,-1,0,4611.9355,30.201914,338.1986,-0.0016968958,11.370436,12.124525,1591.413,21744.443,21620.445,80344.71,0.110715464,0.2099163,3717,1,9,5
288856.3362503204,3368247.276820828,-1,0,1716.9955,15.5093355,96.70984,-0.029670626,6.3445263,9.851562,1756.4778,20798.406,23842.041,79676.47,0.38732818,-0.040631004,3661,1,2,9
297631.26837073447,3392912.492849754,-1,0,2995.1428,42.306896,184.57393,0.007058032,17.215853,10.789455,1736.9879,29968.586,30007.107,85269.69,0.40971977,-0.07708212,3717,1,2,5
303589.538884719,3360345.313261492,-1,0,800.5065,16.117334,221.18593,0.0001406278,6.174284,7.234141,1896.6777,7359.1104,7716.6377,96098.484,0.47299796,-0.14352782,3661,3,2,9
225956.9462345398,3373693.068200957,-1,0,2299.7576,35.663643,257.125,0.005441618,13.385715,10.701701,1433.7742,15385.1875,38445.383,21722.21,0.4129632,-0.07323088,3661,4,11,3
296398.51755058154,3403443.2811035267,-1,0,3997.244,29.977434,63.434937,0.00048125928,10.600931,10.641849,1616.7665,24035.451,24971.488,84411.61,0.2109439,0.08886685,3717,1,11,6
302231.27266124904,3353475.3519729087,-1,0,1500.7235,37.11684,247.38013,-0.004068412,14.585868,10.359208,1856.5972,2850.351,5742.691,97233.34,0.4515112,-0.12102457,3661,3,11,5
252538.66826212127,3378752.4507290167,-1,0,1489.9097,34.34719,237.17148,-0.008985431,12.588737,9.3939085,1276.6923,3587.1018,23674.502,41869.652,0.38723078,-0.05052281,3661,3,2,7
242258.50087866897,3362818.9961373718,-1,0,2004.0898,26.275629,85.76361,0.0018386041,9.113266,9.359862,1270.3597,13509.678,41349.64,40825.055,0.47879213,-0.14868145,3661,3,2,6
290310.1121749286,3362597.749805889,-1,0,1773.8663,32.40619,175.10089,0.0036672584,11.387369,10.239692,1705.6265,14987.318,19642.477,82809.0,0.42945138,-0.090274245,3661,6,2,6
305161.02891018864,3363990.1820440176,-1,0,1534.2191,27.622025,257.90524,0.001318522,10.167231,9.614331,1924.46,10445.152,10379.21,96527.516,0.31470755,0.002367823,3717,2,11,7
261208.35199468792,3335005.845137943,-1,0,1516.3861,26.944233,212.4712,-0.0008027181,9.870822,9.851562,979.76624,6098.1963,50455.953,74030.07,0.42900035,-0.10724748,3661,3,11,6
231579.31172319668,3358301.0613273405,-1,0,1670.2308,20.939547,305.2176,-0.013740539,7.417129,10.766897,1497.724,25027.844,48943.87,37617.043,0.4067145,-0.060343225,3661,3,2,3
252386.7725831013,3354873.651134584,-1,0,1983.4878,28.857298,310.36453,0.0006654998,10.143796,10.3410225,1120.383,6250.96,47495.11,53666.79,0.3711158,-0.024782022,3661,2,2,6
283648.4066933672,3387367.32422858,-1,0,2527.1003,25.274576,113.498566,0.002925901,9.067009,11.751618,1674.9203,23281.188,23529.287,71325.92,0.38904455,-0.05533855,3717,2,2,5
225195.4086662025,3390179.25391206,-1,0,1826.5974,30.85138,68.19858,0.001186209,11.034282,10.831704,1483.8209,16326.031,28261.918,12808.996,0.4571425,-0.13353916,3661,3,2,7
291983.04322938,3378229.480647316,-1,0,2490.2131,30.297941,197.81891,0.011605929,10.740096,11.580101,1851.512,28575.47,29036.242,80554.78,0.4503713,-0.1251882,3717,6,2,3
284674.5100487581,3379632.256248091,-1,0,1790.1075,23.217133,19.983093,-0.0038572438,7.966696,9.603361,1796.3293,30300.107,30415.812,73116.75,0.45265642,-0.12541555,3661,1,5,5
298526.6216794268,3407309.887190096,-1,0,4319.6084,38.143764,286.14435,0.00013043647,14.43207,11.916166,1630.8414,23969.121,26348.967,86523.89,0.15280093,0.13858114,3717,1,11,6
225950.9320172655,3385244.260206921,-1,0,2374.3975,32.568146,297.34988,-0.01299502,11.99321,9.851562,1443.534,14658.599,30317.367,14603.082,0.4152044,-0.07533491,3661,2,2,9
250983.4326014244,3340164.9118664893,-1,0,897.7866,27.553902,330.75116,-0.011780366,9.49772,6.8590035,1021.93616,8213.702,58622.297,63556.57,0.44567782,-0.11542933,3661,3,11,9
268315.4234454903,3365711.0643768287,-1,0,1280.9396,36.787933,262.875,0.0038005686,14.070306,8.920133,1339.2799,11168.689,37765.895,61233.56,0.4079229,-0.075082645,3661,3,11,6
280701.0077780578,3380334.2869555536,-1,0,2455.7976,17.521559,280.008,0.0063237865,5.9792514,11.329348,1717.8723,27488.479,27826.678,69086.65,0.31109878,0.027102267,3661,2,2,3
217393.4434245129,3386409.965978193,-1,0,1025.5608,36.180767,281.30994,0.0011676908,14.028897,10.294418,1559.9357,7992.3965,36917.91,6562.202,0.3911683,-0.07185304,3661,2,11,6
298207.788382524,3358435.920231804,-1,0,1869.3275,27.584435,186.11551,-0.015717283,9.801511,9.734334,1798.3103,8798.847,10717.509,91663.125,0.40336075,-0.09571363,3661,6,2,7
289195.6912700952,3387532.1017257213,-1,0,2872.535,31.350885,46.218872,-0.0055668633,11.030728,10.625863,1722.481,26737.615,26968.64,76863.76,0.28861925,0.043794714,3717,2,2,6
293882.2141054195,3355891.5848571057,-1,0,1706.1307,58.70637,337.70636,0.003467904,30.056736,10.56698,1698.8931,7524.2676,14199.049,88597.81,0.3278499,-0.0017266334,3661,3,11,6
230682.32068045827,3362827.4592617056,-1,0,1862.4868,14.976468,294.77515,0.018020077,5.169879,11.473877,1455.5336,23392.516,45180.242,33302.145,0.37128565,-0.033996824,3661,2,2,2
255498.19238259224,3350437.2189063067,-1,0,902.51746,14.825778,37.568604,-0.017854968,6.237247,9.959651,1007.6663,3328.6633,51851.62,58951.324,0.49108192,-0.16311151,3661,2,2,9
247071.2843913796,3348298.9290412045,-1,0,696.7133,23.836512,121.75949,0.00030919115,8.010751,9.195177,1201.671,11976.848,54576.56,54745.523,0.4246449,-0.078790806,3661,7,2,10
281891.58407879714,3386459.8678283608,-1,0,2291.799,25.571264,78.23169,0.0013955552,8.877763,10.291333,1656.6318,23065.61,23200.8,69626.79,0.39430994,-0.060962413,3661,2,2,5
271793.5391151741,3381618.484647006,-1,0,2016.5824,33.60939,234.09027,-0.0042264643,12.795706,8.465516,1531.8002,21007.012,22891.643,60083.953,0.32214376,-0.0035702887,3661,3,11,6
301545.16169179743,3403539.053511068,-1,0,3636.4253,25.905867,85.42609,0.001011352,8.828531,9.771752,1683.498,28361.795,29989.312,89557.27,0.2799623,0.035932638,3717,1,11,6
245326.0154185242,3343511.070234192,-1,0,1041.7073,30.494936,30.650665,0.0094823735,10.752719,10.690965,1143.4818,8103.6416,59579.875,57510.934,0.48803195,-0.15840033,3661,3,2,3
290942.87869597494,3367792.7142781955,-1,0,2276.692,14.37929,126.8699,-0.0031282227,5.0690064,7.879056,1773.5887,19780.42,21910.186,81811.61,0.4122097,-0.0790979,3661,1,2,5
307262.4452767163,3404588.372808675,-1,0,4736.3706,11.039448,168.69006,0.0027964374,3.6442068,11.209848,1753.4496,33070.883,35390.21,95257.06,-0.024835512,0.3509675,3717,1,8,9
300569.2273105066,3372503.963254124,-1,0,1642.5303,16.175932,180.0,-0.018285569,5.6858764,9.870473,1898.1154,19844.338,19938.11,90020.74,0.4411907,-0.104024015,3717,1,2,9
302829.22842792235,3414514.442953701,-1,0,5588.333,30.603075,123.69006,0.009701102,11.169913,12.324979,1655.0995,25871.77,30075.324,91230.58,0.0,0.33333334,3717,8,9,3
292279.9186650701,3371478.42305325,-1,0,2366.4404,27.26603,247.0679,-0.004357038,9.989363,10.022836,1826.566,22774.027,23497.072,82150.39,0.428129,-0.092391506,3661,1,2,7
297796.1460884976,3360915.343861571,-1,0,1480.8505,35.43846,40.914368,-0.0017987464,12.690345,9.9018345,1805.9619,11122.811,12298.395,90433.52,0.41713634,-0.06429207,3661,3,2,6
275790.2460615085,3381107.665916941,-1,0,1511.9543,20.164925,231.3402,0.006429292,6.8250427,10.524618,1613.9279,23761.533,24828.31,64115.23,0.34216186,-0.025533117,3661,1,11,6
230361.8188930819,3383513.797033395,-1,0,2028.5966,30.663553,313.5312,0.0013460695,10.674347,11.094636,1355.1989,13283.741,28159.04,19340.201,0.35405755,-0.011001521,3661,2,11,5
288546.6430014381,3357237.349657965,-1,0,1795.6136,29.125273,14.534454,-0.0044595273,10.845688,9.280996,1610.3029,10462.528,19681.863,83160.8,0.40781826,-0.071969904,3661,3,2,6
267277.72468226246,3381708.3837683056,-1,0,2143.4563,26.03073,358.02505,0.0080771865,8.558787,10.820622,1444.9888,17137.225,21857.873,55605.008,0.39050967,-0.053493418,3661,3,2,3
260271.281197605,3341111.6540411883,-1,0,1787.1857,46.266865,175.33313,-0.0005552975,19.581285,10.203417,945.6843,5752.087,49386.43,68903.53,0.2950718,0.051741533,3661,3,11,7
301255.04385695746,3364228.020757769,-1,0,1210.2095,25.743607,201.37062,-0.0038721992,9.26544,9.851562,1872.5994,11858.469,12245.509,92707.305,0.4593827,-0.13415407,3717,1,8,6
282153.1624772265,3361175.178439458,-1,0,2139.5466,29.709723,226.21889,0.004665813,9.878509,10.885895,1550.902,14284.751,26783.129,75737.164,0.4633078,-0.12932017,3661,3,2,5
291997.18982714054,3402818.998681569,-1,0,4789.2505,40.49687,171.1582,0.0058590136,16.617619,11.558854,1566.5474,21003.86,20832.88,80033.66,0.04174476,0.28968763,3717,1,8,5
228653.1750424365,3364704.6878154,-1,0,1035.3888,27.220371,268.0251,-0.008342108,8.793459,10.026527,1480.0153,22811.746,44440.816,30631.834,0.44841823,-0.118581824,3661,3,11,9
256661.66741031627,3340533.1841239966,-1,0,1017.40204,37.322826,292.3062,-0.004611615,14.24507,9.248938,966.51117,9314.188,53024.21,66879.37,0.2819705,0.04093473,3661,3,11,6
276130.0539200248,3370198.116372329,-1,0,976.79926,15.310512,347.90524,-0.00030319364,5.1941776,9.189078,1574.1624,19563.795,35088.652,66933.734,0.3865599,-0.054209124,3661,3,11,7
265608.8704275272,3346542.719806266,-1,0,637.34174,40.934376,278.84183,-0.0034507774,16.26766,8.680412,1008.5196,854.75146,42998.56,69122.2,0.35950473,-0.02976795,3661,2,11,7
294614.2136681456,3398932.771349861,-1,0,3202.28,42.077446,231.70985,0.0012836729,16.343456,11.290184,1642.5508,24671.121,24584.621,82634.86,0.3485151,-0.012068427,3717,1,2,6
299530.1933778024,3407441.483280687,-1,0,4305.706,30.456823,180.0,-0.0033592544,12.246677,9.35676,1642.8535,24831.363,27327.385,87526.125,0.075579084,0.24594383,3717,1,11,7
274623.9337345217,3377691.211782558,-1,0,1392.9141,25.975744,256.50427,-0.0019834281,9.474968,9.597808,1633.0083,20899.387,27523.621,63567.234,0.4132394,-0.09192826,3661,1,11,7
278639.9093218228,3400692.9355894485,-1,0,3190.6877,27.050709,94.23639,-0.0120559,10.015906,9.851562,1415.3562,9928.595,10139.911,66811.88,0.20061038,0.13230777,3717,2,11,9
297995.08157520246,3396173.89060861,-1,0,3652.6604,40.518417,191.0702,-0.00027989462,15.629494,10.092857,1708.8218,28840.309,28792.47,85777.16,0.30218193,-0.0006999984,3717,1,11,7
213547.56802424163,3378961.632358965,-1,0,1054.2362,33.324173,67.01129,0.008468924,11.713851,10.951278,1714.4036,2036.5166,44063.707,11756.382,0.4188721,-0.08215136,3661,3,11,3
239489.2092362399,3363939.0852260552,-1,0,1722.8579,25.937515,184.39871,0.0020373908,9.328943,9.5061655,1285.0538,15450.829,40994.977,38050.316,0.42332557,-0.09152209,3661,5,2,7
258309.8430126308,3377347.38056573,-1,0,1569.1376,30.027939,337.52057,0.0046454915,10.643547,10.78092,1329.5913,7164.8657,25147.008,47800.465,0.32466584,0.00060835935,3661,8,11,3
298965.5518695216,3369278.6361920387,-1,0,1830.6273,32.61604,295.86636,0.0021642123,11.44803,10.436254,1868.9342,17402.945,17745.707,89171.016,0.36964184,-0.021177683,3717,1,2,6
233275.01439589376,3343539.559221902,-1,0,630.4059,4.6497602,270.0,0.0057802238,1.462598,10.099073,1338.3894,11970.338,62319.016,51539.004,0.29792055,0.04152389,3671,7,7,6
249481.13776117563,3353515.5886927983,-1,0,1559.0188,29.162706,189.46233,0.0051882113,10.608584,10.358622,1172.2028,9199.592,49096.977,52495.625,0.44309425,-0.118722074,3661,2,11,6
303607.1297736544,3385811.364298905,-1,0,3298.0098,22.026968,79.2157,0.0071372944,7.533481,11.480812,1851.0275,32018.195,32094.164,91338.86,0.2574094,0.07903773,3717,2,11,5
226444.45013740723,3387565.816439268,-1,0,2835.1238,40.18249,166.82745,0.003385175,15.141644,11.206709,1455.7382,16014.725,28560.43,14387.929,0.4671777,-0.14123009,3661,2,2,5
228876.79358471947,3364852.8672243734,-1,0,1043.727,15.851754,326.30994,-0.0010098798,7.049674,9.851562,1472.5548,22869.438,44203.637,30622.646,0.40618876,-0.064649984,3661,3,11,10
303830.2095186124,3381768.9659457635,-1,0,2756.859,19.413528,61.92752,-0.011003477,6.738446,8.703998,1883.8586,28027.547,28065.195,91861.18,0.11203095,0.23274356,3717,1,2,7
253889.4090982253,3378723.145758581,-1,0,1563.738,36.592686,313.95837,-0.0018609752,12.826248,10.075256,1287.2723,4702.8716,23599.021,43173.875,0.29325452,0.033905983,3661,3,11,7
233641.62814372577,3375541.8896476906,-1,0,1348.1455,20.229898,264.5597,-0.003686224,6.915945,8.128668,1199.0413,13150.331,32547.91,26080.2,0.10984496,0.2237775,3661,2,7,9
229141.802184578,3362041.848255164,-1,0,1716.228,35.531864,119.19748,0.0030981884,13.283266,10.129539,1503.6594,25049.508,46568.406,33161.227,0.39061165,-0.04042613,3661,2,2,5
264902.56371895014,3384091.0567578613,-1,0,2761.1138,35.171677,53.746155,0.0091812955,12.201288,11.274706,1376.4653,16389.67,19080.57,52919.418,0.30675924,0.037514243,3661,3,2,3
231315.1813726328,3381696.134797155,-1,0,1974.9631,21.858192,57.094757,-0.0039099376,7.662743,-4.416147,1308.0962,12773.629,28863.807,20938.654,0.47852838,-0.1484338,3661,2,2,7
255546.9952411396,3342183.36573687,-1,0,1269.1521,31.016495,210.37914,0.007387741,10.732063,10.829855,980.416,8570.135,53721.953,64901.72,0.405916,-0.07390383,3661,3,11,6
221694.62130871287,3377019.675451131,-1,0,1387.1594,32.81864,55.491486,0.006337045,11.679729,10.819064,1510.6195,10162.111,38895.31,16508.773,0.50705737,-0.185965,3661,4,2,5
267784.418528988,3359634.669695351,-1,0,1423.5103,40.65909,95.19443,-0.001336912,16.736507,6.9781594,1228.9792,9666.437,40565.395,63489.473,0.5101239,-0.17549045,3661,2,2,7
278229.03411628393,3384220.827113442,-1,0,2287.9197,22.086065,244.53665,-0.011854353,8.098178,7.96462,1620.1241,23020.916,23237.688,66144.25,0.42003024,-0.087656,3661,2,2,5
276666.7124452414,3376700.8184212483,-1,0,2196.684,23.479645,115.55997,-0.0011474966,7.91879,9.534079,1685.9224,22213.105,29202.738,65768.64,0.49687514,-0.16716945,3661,2,2,5
212675.3577559417,3380214.758567613,-1,0,1055.9452,33.700047,219.40068,0.0018527608,11.651292,9.904856,1718.3811,594.64276,44109.773,10453.75,0.50028986,-0.1766341,3661,2,11,6
284935.3458351906,3366325.919119299,-1,0,1959.0192,29.519762,231.3402,0.0020707003,10.032152,10.478086,1683.7784,19900.598,26118.883,76514.62,0.41384932,-0.068015724,3661,1,2,7
284677.40675584605,3364543.490118359,-1,0,1711.3982,33.84523,261.63412,-2.0747764e-05,13.193852,9.080136,1652.2312,18113.094,25563.098,76854.75,0.3570312,-0.024922308,3661,6,2,6
289383.95543580834,3388801.368334026,-1,0,3174.362,35.91544,9.926239,-0.0026086061,14.232526,9.718242,1708.237,25942.844,26158.367,77012.47,0.29273146,0.048319094,3717,2,2,6
286806.23509038833,3357953.4538120227,-1,0,1865.0162,20.566647,236.30994,0.009070473,6.7075477,10.214303,1587.404,11807.794,21519.373,81282.18,0.4444366,-0.105247274,3661,3,2,6
254619.1869526414,3365111.87980613,-1,0,1285.7723,23.237474,198.43495,-0.0066497624,8.286477,8.859014,1181.5516,2493.291,37182.6,49349.07,0.54289246,-0.22835189,3661,2,2,7
298047.74988675595,3379984.099729203,-1,0,2629.7524,48.504017,295.8444,0.0008909562,20.55622,11.015113,1865.1145,27734.803,27821.598,86313.29,0.40185815,-0.07232546,3717,1,11,6
297646.18561969494,3367799.814952253,-1,0,1925.7166,15.624262,51.34018,0.0009532723,5.357712,9.851562,1846.7115,16716.031,17242.055,88261.78,0.46406683,-0.13140325,3717,1,2,6
211847.92992819825,3378292.712502237,-1,0,1153.5537,23.28548,193.49574,0.0026945749,8.708251,8.752577,1773.2288,2130.3755,45848.805,12382.222,0.3257016,0.0077020065,3661,5,2,6
295487.5351658884,3359468.80866735,-1,0,2056.632,23.208897,340.0169,-0.006059793,8.42229,8.558682,1757.9554,10922.861,13625.014,88751.13,0.438315,-0.10591611,3661,3,2,7
250944.66052251056,3351413.9173308904,-1,0,1411.9829,40.42978,257.19574,-0.0059708497,15.523082,6.1184444,1128.8634,7821.8286,51045.727,55015.137,0.4803225,-0.15469101,3661,2,11,7
271393.5781169921,3356657.37522885,-1,0,1633.232,26.596548,9.462311,-0.010667793,9.543888,9.851562,1254.9424,11573.819,36658.094,68095.52,0.47461307,-0.1489508,3661,2,2,7
294801.0201994234,3357058.658280254,-1,0,2117.2976,32.67371,41.49646,-0.0012333912,11.419,10.372523,1726.59,8547.895,13505.884,88996.445,0.5111295,-0.19408621,3661,8,2,7
261181.91106784836,3374173.042803193,-1,0,1465.7206,32.507824,93.094055,-0.010873686,12.437937,8.429747,1329.9742,8234.088,28774.023,51501.305,0.2919729,0.06154464,3661,8,2,9
301842.95465919207,3377062.315785313,-1,0,2755.8296,24.191687,315.0,-0.004139129,8.294657,10.457295,1910.6388,23922.803,23860.395,90477.97,0.43546006,-0.10090433,3717,1,2,5
290827.77482505067,3354143.6983082183,-1,0,1220.0529,31.680367,228.65224,-0.0024185586,10.703984,8.509919,1618.965,6850.3506,17130.746,86515.75,0.37983105,-0.054802917,3661,3,11,6
245932.6972801967,3352586.847376884,-1,0,1185.038,35.759766,265.23636,5.8260746e-05,13.484262,9.101604,1249.9026,12782.273,50529.84,50737.133,0.47938937,-0.15802492,3661,3,11,6
278993.3924355254,3369691.150492106,-1,0,1549.777,30.681368,102.724365,0.0058070077,10.697436,10.197337,1625.1649,22290.863,32946.71,69823.35,0.4917262,-0.1391952,3661,1,2,3
288203.61242259044,3356916.799705985,-1,0,1949.3237,28.263422,27.552795,0.0067355405,11.208974,11.53879,1599.6957,10288.465,19967.625,82979.18,0.4179365,-0.09052469,3661,3,11,5
282700.0298172537,3349166.1951050973,-1,0,898.46063,26.407413,68.19858,-0.0028847076,9.709465,10.306027,1365.2042,3195.3247,25715.754,81635.41,0.34624535,-0.0010780888,3661,2,2,6
268721.9433498545,3387127.0181750027,-1,0,2520.7664,27.094515,16.504364,-0.0071749203,10.121513,8.427549,1414.4681,16632.547,16774.162,56440.5,0.39794686,-0.060358625,3661,3,2,6
292050.1767986515,3378654.5227399166,-1,0,2302.554,30.23599,90.0,-0.0039932965,10.9299345,9.342178,1847.0109,28910.262,29355.355,80550.375,0.36571574,-0.026026886,3717,1,2,6
252857.3264719366,3358437.475179729,-1,0,1272.2098,21.925508,234.78241,0.0015114838,7.670302,10.967225,1139.9149,4892.4844,43905.152,51721.758,0.4990566,-0.17541705,3661,2,11,6
252369.28178380185,3350529.2788255503,-1,0,1475.2042,22.513052,338.9625,-0.013352761,8.150076,8.602948,1087.7174,6441.8164,51829.85,56639.367,0.4406172,-0.10993822,3661,2,11,7
282812.51771057385,3368173.3058297983,-1,0,1731.758,28.855444,5.1944275,0.0021525198,10.03521,11.098037,1679.2509,21303.232,28868.246,73924.125,0.39791515,-0.052871745,3661,1,2,6
236016.54068351936,3371631.711016353,-1,0,1881.6226,31.669607,101.30994,0.0068031773,11.383079,9.697806,1195.3661,13924.327,34948.16,30332.248,0.457543,-0.14904223,3661,2,2,6
255468.14092813307,3368984.5233299485,-1,0,692.0845,14.962484,236.30994,0.006856503,5.0384264,9.851562,1219.1158,598.1639,33312.168,48218.746,-0.022758001,0.38854095,3661,2,1,9
301119.0820105716,3357946.2029809505,-1,0,1380.7899,36.88145,26.003357,-5.606825e-05,14.298676,10.502481,1848.1208,6678.0234,7903.619,94561.29,0.4143286,-0.08428394,3661,3,2,7
278294.484873188,3348524.9712881222,-1,0,947.85266,9.550889,60.255127,0.007572746,3.045542,10.902322,1264.1653,1341.2307,30158.37,78221.414,0.3114404,0.032684706,3661,2,7,3
236044.6834861494,3387697.7578049907,-1,0,1268.8944,25.806665,213.11136,-0.0015241998,8.656612,9.07871,1365.8937,6922.752,21223.611,23834.514,0.52997804,-0.21510957,3661,2,11,7
249537.8611032226,3374258.7004910703,-1,0,1224.884,18.920485,351.02737,-0.0022617287,7.28172,9.413192,1235.7991,1518.552,28568.361,40599.75,0.3412763,-0.0042484184,3661,2,11,6
244668.33842422892,3346887.4105465,-1,0,1126.262,29.471403,285.25513,-0.0076029235,10.210906,8.953127,1228.983,11414.745,56365.88,54379.83,0.4471916,-0.11777289,3661,4,11,6
257410.8752301144,3363760.970435736,-1,0,863.3296,33.630665,23.385223,-0.005173119,12.146594,8.513104,1147.7455,240.0,38600.387,52444.355,0.44003952,-0.10477911,3661,2,7,6
289363.55456268426,3384606.182051758,-1,0,2480.2363,35.277996,285.12402,0.0038807564,13.903659,10.005074,1760.0919,29008.172,29297.734,77208.19,0.34439823,-0.010260894,3717,1,11,6
233501.6180505344,3363601.075620356,-1,0,1733.8287,24.98897,66.501434,-0.010920117,8.664071,7.658935,1375.6586,20660.7,43310.312,34320.19,0.4798507,-0.15204372,3661,3,2,7
273986.7203336836,3348309.066522521,-1,0,880.35345,12.428369,355.23636,0.025742156,5.954559,10.828446,1174.7302,3778.9548,34439.945,74745.24,0.45205992,-0.12649909,3661,2,11,3
290723.3563694931,3371945.4971532715,-1,0,2267.7014,22.372942,31.759491,-0.0035242606,7.448183,9.302636,1819.1392,23881.227,24888.44,80535.875,0.44593352,-0.109998904,3661,1,2,9
276560.4676021517,3384052.446647263,-1,0,1896.2928,18.817314,133.02505,0.0028834795,5.9738812,10.6798725,1591.8165,22349.072,22595.408,64509.54,0.23550984,0.071248904,3661,2,11,6
252221.923062381,3367325.318926616,-1,0,1489.0509,31.883387,3.366455,-0.00089340657,11.211622,9.948037,1209.5911,2817.836,35084.324,46164.758,0.42342365,-0.09164638,3661,2,11,5
298690.86158903904,3399011.553463298,-1,0,4112.326,32.127735,196.38954,0.004235954,11.961302,10.349862,1689.3143,28501.145,28368.61,86703.016,0.068627104,0.25770143,3717,1,11,5
211556.55263637195,3383515.521993326,-1,0,1036.3783,28.741297,72.25531,-0.006239242,10.414589,6.642277,1698.4464,3046.572,43436.54,7199.174,0.47442472,-0.15975331,3661,2,11,7
226660.19161927485,3390869.09446817,-1,0,1853.2233,16.523739,132.70938,-0.0028177819,5.240106,10.083188,1481.3483,16299.083,26649.736,14261.547,0.5141907,-0.18775241,3661,2,11,7
274393.1698641505,3350794.670998122,-1,0,965.87103,31.172543,0.0,-0.003172442,11.040778,8.9921,1220.7953,5036.2285,33711.27,73713.07,0.46595675,-0.1342196,3661,2,11,6
273007.9885735128,3352945.005932937,-1,0,1580.5062,21.77306,303.02386,0.00022311485,7.1454234,10.446657,1227.3109,7591.1133,34965.473,71388.87,0.35437298,-0.026605513,3661,2,11,5
251684.14715663088,3370525.4571141205,-1,0,1105.7816,14.566606,317.72632,-0.020844592,5.134698,9.191583,1229.3284,1700.9703,31948.238,44151.15,0.43785724,-0.105263375,3661,2,2,7
266346.1082868237,3342426.0894831503,-1,0,741.95215,31.592808,68.552246,0.0019312816,11.80693,8.384155,1013.9577,240.41629,43185.94,72371.96,0.35263428,-0.02699835,3661,2,2,6
294671.40495958744,3377388.624749357,-1,0,2761.6619,43.154278,156.94873,0.0068827495,18.577576,11.969822,1873.7692,26570.225,26914.43,83343.21,0.51049244,-0.2010738,3717,1,2,7
221659.7438597984,3376293.94712368,-1,0,1489.045,34.537445,47.121094,-0.0024961522,12.79143,10.259001,1520.0613,10391.631,39427.67,17095.16,0.49075177,-0.15912051,3661,4,2,6
262842.1340164117,3371882.3693562234,-1,0,2298.5151,40.20503,157.47943,-0.0020485527,16.24907,9.747269,1326.9489,7862.856,31106.379,53832.062,0.47117066,-0.13508202,3661,3,2,6
288723.3774111416,3350148.769583911,-1,0,851.6222,32.300377,335.37643,-0.0023039018,11.835338,9.1705885,1524.4996,3957.8403,19607.697,86413.71,0.43238163,-0.099028766,3661,3,2,9
272171.6319810465,3377108.147652928,-1,0,1016.0729,7.281434,319.3987,-0.01329468,2.6759183,9.851562,1591.0736,18509.568,27331.012,61296.414,0.06802806,0.27188113,3661,6,11,10
253409.05637439972,3332947.00466988,-1,0,491.13907,21.073908,237.99463,-0.009444254,7.1495237,10.119268,963.5018,8812.746,58463.35,70797.34,0.47304195,-0.14297394,3661,4,2,9
262242.56980398885,3360243.328175422,-1,0,1621.1404,31.343502,60.01837,1.3316534e-05,11.385222,10.558936,1124.5591,4491.6924,42655.227,58398.625,0.38590527,-0.04033999,3661,2,2,6
268055.6494542162,3354138.9522986067,-1,0,1227.5056,34.490307,104.74356,0.0030795184,12.9355135,9.560194,1144.8328,8147.3066,39900.32,66571.36,0.48536006,-0.14212602,3661,2,2,6
254057.1965107978,3373439.379643313,-1,0,1300.9066,14.145821,180.0,0.014160955,4.7391353,10.387711,1258.6559,1618.9194,28867.326,45078.64,0.289364,0.036773175,3661,2,11,3
273696.8670773208,3388319.9663119386,-1,0,1566.2097,19.451305,241.69925,-0.003983093,6.841727,9.979349,1488.5378,17235.648,17461.652,61344.65,0.29808262,0.02313551,3661,1,11,9
290786.6347253973,3380599.83917246,-1,0,2017.0798,24.579615,239.03625,0.00047996105,8.367788,10.104708,1817.5123,31228.225,31677.014,79032.875,0.30124736,0.01750271,3717,6,7,6
303008.8461159788,3368770.379313793,-1,0,2244.1174,34.896736,175.3645,-0.0039488534,13.478447,9.725592,1906.5409,15598.478,15590.317,93216.65,0.45702252,-0.12902528,3717,1,2,7
296823.07871652127,3408299.323006952,-1,0,5099.0107,50.194866,304.9194,-0.0018103607,22.150553,9.983946,1607.2219,22012.707,24555.188,84848.03,0.052835573,0.26638964,3717,6,9,6
302192.9564689657,3354768.9269587267,-1,0,1532.1659,20.092806,77.47119,-0.009634027,6.994476,9.076895,1859.1313,3827.6885,5813.923,96706.42,0.2568121,0.09489165,3661,3,2,6
297068.2581878496,3377687.5096360967,-1,0,2960.2305,22.27234,324.16235,0.013892325,8.104386,11.440463,1882.1389,25892.47,26090.574,85657.625,0.26378223,0.08238539,3717,1,2,3
231643.0640746674,3382564.4488637834,-1,0,1833.2125,14.109089,172.40533,-0.01742671,4.8611417,9.851562,1316.938,12247.358,27989.32,20884.744,0.32072264,-0.010006087,3661,2,11,9
300878.3932946952,3352637.970783421,-1,0,1137.336,39.864407,192.09477,0.003202337,15.589389,9.730158,1824.6283,2427.056,7205.6924,96302.81,0.40689635,-0.078637,3661,3,2,6
230913.1087446116,3366081.9676863416,-1,0,1211.6975,32.86865,171.86987,0.00012423155,12.15854,9.608268,1404.8053,21436.086,42164.332,30776.074,0.39299542,-0.051868197,3661,3,11,7
282532.3360618544,3392050.481243617,-1,0,2520.1038,24.071709,63.434937,-0.005824588,8.427251,8.546689,1590.8369,18904.438,19191.148,70153.766,0.44740692,-0.11475097,3717,2,2,6
261229.3328951121,3341115.331014336,-1,0,2002.5875,37.534275,103.39249,0.007109474,14.51832,11.587228,955.85236,4910.611,48469.887,69567.02,0.43507013,-0.09132851,3661,3,2,5
269658.3271284956,3351067.563779479,-1,0,1455.3248,23.582153,152.24146,0.0102003515,8.022111,11.061053,1127.6465,6848.774,38410.39,69613.76,0.42111376,-0.077443406,3661,2,11,5
284687.16022439447,3371395.0372477258,-1,0,2078.4893,14.595522,274.3987,-0.0071242135,5.0798573,8.3461485,1761.9271,24791.258,29062.02,74814.28,0.38954955,-0.0548675,3661,1,11,5
309660.6232624988,3408660.7548891804,-1,0,5328.6313,23.245728,190.30486,0.0024696696,7.7214975,9.717394,1744.9999,33883.105,37222.6,97693.055,0.0,0.33333334,3717,8,9,7
271068.0457155019,3371758.940892766,-1,0,1367.1282,45.503857,102.03058,-0.0024686286,18.927116,10.031882,1495.0227,15100.868,32302.129,61639.1,0.3804363,-0.036869995,3661,8,2,6
295265.0519801424,3390187.862463975,-1,0,2641.4463,26.683643,142.69604,0.026275637,10.715674,11.725862,1742.6744,29451.527,29588.43,82871.33,0.22793494,0.11739064,3717,2,2,3
281057.3894984738,3399351.322593676,-1,0,2776.9927,32.64128,170.53766,-0.00104163,12.043674,11.113381,1468.5114,12617.996,12816.622,69207.74,0.35284063,-0.018319577,3717,2,2,7
235598.90745078324,3344477.5308548776,-1,0,973.6244,23.306152,228.81409,0.0015565852,7.6416807,9.083807,1326.7175,11230.031,60767.875,51680.098,0.4839721,-0.15665096,3671,2,2,6
266392.5294018555,3341571.9040216217,-1,0,773.10956,34.227684,315.0,-0.0027232806,12.083621,7.8348937,1012.8947,752.13025,43373.28,72978.27,0.397299,-0.067406945,3661,2,2,7
243401.54075364117,3349125.837189426,-1,0,1856.2073,37.536972,32.905243,-0.0036324179,14.223292,9.978447,1311.9388,13601.471,54431.348,51838.13,0.43260267,-0.093115956,3661,3,2,6
268405.18751640373,3366529.6084988755,-1,0,1347.3308,24.343334,336.50143,0.008892253,8.543816,10.913293,1354.5397,11346.246,36971.727,60986.695,0.41240734,-0.09105695,3661,6,11,5
298791.80182455166,3376658.303856166,-1,0,2209.9993,29.482862,251.56506,0.007971372,10.784154,11.652809,1900.0624,24343.857,24458.154,87526.914,0.44851726,-0.11966696,3717,1,11,5
231121.39715532312,3364464.507139633,-1,0,1244.2285,6.874617,180.0,0.0070748036,2.1668758,10.626098,1422.0826,22112.812,43522.117,32206.41,0.44369227,-0.110683836,3661,3,7,9
275505.6502480428,3375353.9202226894,-1,0,2010.6714,32.74331,259.69516,-0.0007158804,12.207574,10.488043,1645.6072,20579.418,30023.592,64940.5,0.41271165,-0.07642677,3661,1,11,6
263241.23836415686,3331675.25361272,-1,0,1033.5618,30.589434,235.30484,0.0045978473,11.139788,10.127256,991.3336,2619.2556,49967.19,77881.59,0.26725724,0.069433525,3661,3,11,6
280801.6391906173,3388580.086726177,-1,0,2308.0364,39.000153,199.65384,0.0037525056,15.248657,10.958761,1608.7786,20695.863,20846.125,68441.62,0.39686602,-0.058358807,3661,2,2,5
274827.05560753186,3381612.767557149,-1,0,1467.9393,17.380709,218.15724,0.008231694,5.891153,9.490531,1589.3774,23294.883,23967.264,63082.543,0.39310968,-0.058843367,3661,1,2,6
246921.52339442424,3356148.384334333,-1,0,1792.6553,30.532461,242.59244,0.0039756894,10.646039,10.607106,1227.8898,11246.262,46850.79,48818.652,0.4198007,-0.08178219,3661,4,11,5
285629.64056991984,3349415.6089297505,-1,0,1280.5325,44.339054,254.64987,-0.0023514766,18.1131,9.932152,1438.5804,4092.982,22792.844,84048.766,0.33341065,-0.016752973,3661,3,11,6
267781.45031055703,3349598.473655308,-1,0,1032.1536,27.012152,322.30576,0.0049735545,9.35478,10.189066,1065.0656,4471.1074,40408.082,68949.08,0.45315465,-0.122649446,3661,2,11,5
298751.5348610553,3416630.260359549,-1,0,5265.591,38.314457,233.1301,-0.0060811304,14.626349,10.621235,1606.1166,21563.883,26171.865,87418.445,0.028245639,0.28174195,3717,8,9,6
243814.09905841705,3358591.4215685665,-1,0,1889.9791,20.292633,194.03625,0.003319045,6.8350067,11.089315,1274.316,13582.555,45122.363,44896.562,0.40798196,-0.06395162,3661,4,2,3
233526.32532768705,3372520.4337383667,-1,0,1843.6039,28.58458,70.906494,-0.008016861,10.521253,6.669137,1245.8898,15165.468,35245.99,27848.457,0.48597503,-0.14412044,3661,2,2,6
307245.6165407015,3368931.867925339,-1,0,1780.2595,31.070759,57.380737,0.011584237,11.25302,10.639891,1948.2996,14750.38,14917.781,97307.33,0.46582162,-0.12126194,3717,1,2,6
226819.53433340896,3364340.999389537,-1,0,920.6897,29.237823,292.16635,-0.009364399,10.8997555,9.851562,1530.2417,21779.23,45664.33,30011.31,0.3033468,0.026678862,3661,3,11,7
224228.57415745317,3377268.614474053,-1,0,1096.7139,20.49427,330.9454,0.0020490931,6.5437517,10.754251,1437.2657,12510.464,36913.25,17867.316,0.2704929,0.073079765,3661,5,11,9
263203.7606075049,3335229.000872798,-1,0,1035.3705,35.978058,292.38013,-0.00012972167,13.109648,9.8772955,986.5405,4721.366,48519.33,75194.02,0.4530272,-0.12667897,3661,3,11,7
254181.3905191052,3358721.535945205,-1,0,1270.6132,28.721031,345.5297,0.0040021837,10.601594,9.728644,1123.2007,3559.8035,43578.688,52598.17,0.4579076,-0.13637389,3661,2,11,6
241933.32042797527,3366313.848947415,-1,0,1981.6602,28.566042,61.557068,0.004414169,9.773587,11.350429,1248.3523,12306.88,38040.145,38282.297,0.47266486,-0.13376704,3661,2,2,5
255796.82564454764,3349870.6380862766,-1,0,1137.7135,22.531597,56.309937,0.0043183253,7.727253,8.407878,993.0339,3121.442,52321.676,59559.92,0.33155516,0.0048637423,3661,2,11,6
289694.3702340742,3390532.563218366,-1,0,3511.0513,12.894481,253.30077,0.013943005,4.869276,12.124297,1689.5049,24944.277,25150.766,77300.11,0.27097824,0.03234982,3717,2,11,2
264582.5595052605,3334904.6777525214,-1,0,1055.5945,36.699364,261.67435,-0.0019610953,13.71416,8.330507,991.8664,3311.2234,47381.465,76373.91,0.3741495,-0.03931738,3661,3,11,6
302504.2911085583,3410458.795650732,-1,0,4535.7324,38.793793,90.0,0.0013717333,14.726509,10.977251,1667.7161,26513.408,29900.096,90611.97,-0.0016369019,0.32803208,3717,1,9,6
269966.50194844406,3359726.2906689434,-1,0,1623.782,25.272934,94.57391,0.00013915985,8.778345,9.194875,1275.4586,11820.343,38421.188,65357.39,0.39514744,-0.051888395,3661,2,2,6
258854.8894768504,3373202.6426619743,-1,0,1512.1257,23.923918,126.38434,-0.010355032,8.327276,9.851562,1282.8895,5945.696,29333.273,49632.48,0.26308945,0.07714895,3661,3,11,9
233353.0767829833,3374746.568901505,-1,0,1394.5614,43.712696,45.707306,-0.00024949975,16.420391,10.534144,1218.3732,13850.09,33376.797,26314.438,0.41678238,-0.08469639,3661,2,5,6
299840.0359879176,3362350.500742088,-1,0,1187.2913,23.069448,29.744873,-0.008304913,7.7068024,7.9761868,1844.9458,10955.592,11661.531,91908.7,0.44818938,-0.110408984,3661,1,2,7
216237.8950955113,3382682.621890314,-1,0,1974.6802,33.270176,211.21841,0.001716709,12.938242,10.296336,1610.1534,4703.9663,39781.91,8855.846,0.31559733,0.0002945555,3661,2,11,5
283253.580757071,3385258.7933072904,-1,0,2519.8413,12.157838,95.19443,0.003824343,3.8890061,11.648479,1697.6038,24815.506,24972.217,71065.46,0.36237448,-0.023686854,3661,2,2,6
300921.10983259603,3369213.3655852647,-1,0,1336.1758,22.510365,289.29004,-0.018758541,9.887851,8.476875,1887.5532,16602.71,16773.518,91091.516,0.3444032,0.0039115786,3717,1,2,10
271958.6347336681,3343541.72193459,-1,0,700.442,18.843025,278.53076,-0.014829348,6.653787,9.851562,1094.551,1286.3125,37483.246,75945.3,0.38657218,-0.05327874,3661,2,11,9
277855.2380264415,3369659.894586445,-1,0,1000.1515,38.90509,203.33405,-0.0069900746,15.954179,8.590219,1601.0996,21161.598,33939.246,68745.99,0.4466882,-0.11514444,3661,3,2,7
282160.2882963631,3385426.463846916,-1,0,2688.0713,21.95409,83.29016,0.012288931,7.741114,11.736256,1675.5962,24074.312,24197.79,69965.75,0.29262942,0.049425203,3661,2,2,2
262218.7518187352,3334029.161319994,-1,0,1676.546,29.68237,15.42215,-0.0013364897,10.378789,9.60396,985.826,4983.754,49901.402,75425.39,0.40583843,-0.07760345,3661,3,11,5
263808.9412415076,3355539.538653844,-1,0,1362.3589,10.431958,21.801392,0.021859976,4.142397,11.265097,1080.0251,5179.286,44177.555,62260.76,0.40651157,-0.07550001,3661,2,11,2
295710.0622495053,3368626.4483747804,-1,0,2183.3362,14.852845,219.28941,-0.0044287206,5.0440636,9.924107,1832.1808,18469.652,19096.727,86173.52,0.43516597,-0.09972029,3717,1,2,6
243499.94169392376,3343998.8714590087,-1,0,1550.8905,32.196083,258.69006,-0.0047082724,12.229586,9.501635,1183.3416,8484.957,59425.23,56074.645,0.082427755,0.26417878,3661,3,11,6
265317.597418439,3350192.4961921494,-1,0,966.18964,15.161719,262.875,-0.021103688,5.331317,8.261167,1023.78876,3340.015,42808.105,66620.92,0.4588455,-0.12977713,3661,2,11,9
266833.2217640686,3352131.48329765,-1,0,1604.2451,30.898468,151.82141,-0.0010554537,11.09752,9.933286,1086.8239,5802.353,41161.598,66695.38,0.5313696,-0.19756192,3661,2,2,5
271606.10388492094,3394844.9137779297,-1,0,2607.6921,14.987156,157.38013,0.02293063,5.3755107,11.914346,1378.4105,10514.494,10852.06,59357.363,0.40171307,-0.06861843,3661,2,2,5
295018.3233166489,3370581.088857663,-1,0,2512.1697,28.523916,218.04706,0.009742253,9.996531,11.155459,1841.4133,20471.469,21047.652,85025.12,0.21738686,0.1295354,3717,1,2,5
282314.4819815058,3374445.7322515296,-1,0,2106.387,28.356865,160.34619,0.0035539996,9.971497,11.54102,1771.648,26625.096,32802.76,71776.7,0.37670213,-0.035302795,3661,1,2,3
263605.0733172544,3358882.340653822,-1,0,1820.7388,29.689062,279.46234,0.0047974987,10.484197,10.182544,1130.4344,5425.5415,44121.9,60269.664,0.35715246,-0.033307076,3661,2,11,6
227557.09933737697,3357445.004308627,-1,0,1137.376,38.084755,147.84772,0.0024282185,14.091015,10.313157,1602.2999,26471.418,51396.406,36515.668,0.45957118,-0.11807317,3661,3,11,5
275840.0631688579,3349481.1304174634,-1,0,1011.6122,34.898327,33.690063,0.00331128,12.164369,10.100795,1229.0405,3136.8296,32433.691,75633.5,0.46140364,-0.13316832,3661,2,11,6
279850.4891523094,3376275.519324528,-1,0,1810.7687,33.35572,26.565063,0.009207356,12.321846,11.461851,1750.707,24930.791,30987.367,68977.7,0.43252477,-0.0905485,3661,1,2,5
226945.56574076205,3389408.164716108,-1,0,2190.5037,36.148193,10.175507,-0.003522612,14.252115,8.727031,1467.243,15950.112,27133.201,14603.595,0.4368084,-0.106270276,3661,2,2,6
226347.1860899104,3376786.520876684,-1,0,1408.0907,30.550758,49.969727,0.005773894,10.984744,9.7338295,1384.1661,14683.232,35821.96,19671.793,0.4559616,-0.13199438,3661,3,11,6
238126.4959126323,3361687.224677828,-1,0,1811.4159,29.975124,69.67685,-0.0023288997,11.446188,9.232223,1323.5441,17652.943,43549.0,38746.53,0.4928147,-0.16817941,3661,4,2,7
242301.68229443068,3350910.5914227343,-1,0,2086.2637,35.74763,206.56505,0.0014996025,13.897174,11.048342,1343.5121,15406.834,52938.33,49746.06,0.34582028,-0.017045122,3661,3,11,5
299379.01636631205,3418291.3389418866,-1,0,5047.2617,22.944332,102.80426,-0.0050379047,7.6530194,9.851562,1607.2029,22092.773,27028.867,88254.016,-0.03509535,0.36264542,3717,8,9,9
272435.6426448342,3368018.7589145144,-1,0,1020.26514,31.594347,3.4682312,-0.0044442196,11.1105795,8.586184,1462.2007,15553.176,36237.375,64166.742,0.44842848,-0.111734286,3661,3,2,6
276753.91080998635,3366503.438192386,-1,0,1341.0511,35.421524,66.370605,-0.0008348844,13.800422,10.984078,1526.6305,19359.473,33618.305,68745.3,0.55616194,-0.23226953,3661,6,2,6
238546.260084766,3351110.681605713,-1,0,1468.3499,52.049107,199.91641,0.0014390066,23.115786,11.027195,1437.4774,16131.537,53605.32,47413.34,0.45536542,-0.1230453,3661,4,2,5
235903.0114796528,3378093.688485448,-1,0,1709.6194,23.245398,225.0,0.0021871168,7.6709776,10.256669,1125.9373,9866.615,29214.412,26659.426,0.1935731,0.12904823,3661,2,7,7
285878.7188305804,3389982.0487569384,-1,0,2703.3743,25.696493,118.44293,0.0025060156,9.162654,11.413309,1663.1647,22679.176,22951.934,73483.14,0.37446353,-0.0396858,3717,2,2,6
251211.85870344247,3353953.890909228,-1,0,2166.9197,16.22077,183.0128,0.0059168944,5.1664553,11.088487,1137.7412,7453.8647,48492.28,53428.613,0.42414102,-0.09887228,3661,2,2,3
234858.04117878055,3377021.354202862,-1,0,1693.0779,30.61409,231.3402,0.0014580667,11.043432,9.568653,1143.9186,11321.171,30661.408,26277.39,0.25118884,0.064392716,3661,2,11,6
266014.52518809546,3369038.1649768497,-1,0,1885.4847,17.449656,137.48956,0.0053786295,5.420491,11.539682,1346.1383,9466.662,34152.066,57814.61,0.49327794,-0.15550324,3661,3,2,3
284469.40518566826,3370803.5470721507,-1,0,1963.3824,8.236518,56.309937,-0.013526071,2.7338717,11.173062,1750.4619,24170.213,28891.045,74756.3,0.3066445,0.038177025,3661,1,7,5
287672.8230881237,3367037.948165706,-1,0,1952.2092,28.642952,173.65979,-0.005654221,9.973739,9.851562,1727.1653,20084.88,24121.402,78898.56,0.46511242,-0.13021606,3661,1,2,6
238251.66458835697,3369298.2139857407,-1,0,2456.9983,28.039963,111.037506,0.012007609,9.969724,11.544577,1229.3102,13499.073,36269.848,33540.86,0.489909,-0.16581698,3661,2,2,6
271392.37112205353,3367661.098547244,-1,0,908.2296,33.96849,29.19748,-0.00063952076,12.005169,9.847439,1434.8142,14470.611,36394.703,63324.562,0.5569012,-0.24171562,3661,8,11,7
251004.33853120788,3355232.499483978,-1,0,1975.0908,24.951803,12.528809,0.0021333166,8.861988,9.928324,1149.3696,7587.259,47233.95,52402.453,0.46431243,-0.12869056,3661,2,11,6
241292.29025434883,3358536.172230584,-1,0,1438.2644,24.558155,351.8699,-0.0022889867,8.593034,8.697733,1312.8278,16085.684,45745.543,43215.12,0.45252752,-0.12495215,3661,3,2,7
275666.36985918845,3385797.3537663138,-1,0,1529.5961,35.52044,298.61047,-0.0012990509,13.633643,8.930622,1553.7744,20381.621,20631.287,63456.383,0.38181725,-0.057064585,3661,2,2,6
266990.5110273651,3379747.7754398403,-1,0,1710.7649,24.669203,229.8991,0.0029763982,8.314824,9.6958685,1459.9645,16013.307,23714.371,55679.332,0.339851,-0.007970847,3661,3,7,7
278551.8384300786,3354557.035313996,-1,0,1123.0951,23.518356,223.26431,-0.0012400774,7.592239,9.116195,1368.3088,7321.7485,29405.72,75368.13,0.42735383,-0.092368975,3661,2,11,7
305652.091004829,3415707.575695638,-1,0,5450.16,33.76486,105.945404,-0.0029213007,12.716279,9.502683,1679.0503,28520.9,32960.85,94167.15,-0.068198875,0.40560648,3717,8,9,7
240109.7148002493,3357401.1927961125,-1,0,1806.9866,31.37572,275.19443,0.009845647,10.829431,10.782258,1341.4435,17439.84,47124.81,43290.55,0.26020545,0.06256131,3661,2,11,5
245593.99579741817,3347648.0267406027,-1,0,1169.2046,27.078138,311.9872,-0.0006303166,9.13763,10.308576,1224.4984,12245.754,55452.875,54333.234,0.42919627,-0.09483062,3661,4,11,6
272973.3648592051,3355323.706150396,-1,0,1489.9868,23.402262,304.99203,0.0058012023,8.879569,10.7106695,1265.6273,9599.464,35005.656,70134.52,0.40661043,-0.06583251,3661,2,2,6
297720.54191883525,3373644.65083946,-1,0,2330.9749,31.759129,236.76831,0.0027003312,11.348213,11.068961,1884.8196,21890.11,22162.322,87010.86,0.36804602,-0.026688354,3717,1,2,6
275652.0243107784,3354053.179532537,-1,0,1151.8789,37.981636,336.19406,-0.0017632687,14.812556,9.444605,1300.1345,7340.579,32300.076,73089.805,0.4528502,-0.11911384,3661,2,11,6
231752.00407673503,3376203.852012831,-1,0,1343.2654,34.150436,246.61479,0.000108364045,12.923648,8.766531,1241.8656,14409.459,32988.027,24164.047,0.3980226,-0.07425748,3661,2,11,6
229864.5248640432,3373697.4410556587,-1,0,2144.6782,26.155876,27.552795,0.018827738,10.944596,11.670296,1327.9413,17313.914,36116.9,24348.357,0.48598114,-0.15213266,3661,4,2,3
279986.88274223096,3370310.585012441,-1,0,1131.3141,29.877356,107.87869,-0.004117434,10.658093,6.279389,1655.7915,23102.236,32388.113,70587.04,0.5116483,-0.18952505,3661,1,2,7
284370.90394954674,3349099.037914971,-1,0,895.4856,18.855968,195.52412,0.026683046,7.117721,10.845487,1402.682,4234.4893,24079.676,83116.5,0.33739138,-0.0073468597,3661,2,11,3
237778.5874716824,3352387.504376516,-1,0,1324.1228,16.746157,319.76364,0.02507251,6.0160265,11.236629,1441.7728,17562.322,52562.977,45920.992,0.42769074,-0.08774179,3661,4,2,3
280497.38138286024,3355267.5900772256,-1,0,870.80725,4.3805065,243.43497,0.0029446387,2.0079498,7.7043524,1419.9634,8199.768,27490.283,76746.734,0.33234432,-0.01010501,3661,3,2,10
269646.5508600242,3348849.494165637,-1,0,1089.9402,15.836725,183.81407,-0.0060927644,5.337536,9.851562,1091.9022,5508.403,38651.945,70891.734,0.4255604,-0.08782816,3661,2,2,9
254894.39272972988,3376275.421649762,-1,0,1694.9042,29.86434,158.19861,-0.006993049,10.3616085,9.901696,1290.8059,3688.0347,26020.49,44870.06,0.29356143,0.043606058,3661,3,11,5
275927.44518107193,3369890.973552264,-1,0,986.7519,25.29375,255.96376,0.0005246384,8.386399,9.71495,1564.9532,19305.672,35320.98,66839.016,0.3447892,-0.025692994,3661,3,11,7
297012.20936679747,3367820.0086348997,-1,0,2115.0156,31.189705,6.9112244,-0.0011279718,11.281613,10.034792,1840.0356,17066.98,17641.69,87648.21,0.37049666,-0.031237436,3717,1,2,5
277488.13760692626,3380245.391167763,-1,0,2005.8402,16.741196,150.25513,0.00097039086,5.820028,9.382188,1657.1967,24669.588,26368.238,65918.77,0.47263724,-0.13717298,3661,2,2,5
252560.3606440329,3364413.273292121,-1,0,1277.0258,32.68763,162.07208,0.011366885,11.969379,10.977844,1188.064,4610.0,37961.75,47986.367,0.4631083,-0.122729495,3661,2,2,5
246991.82035886656,3356177.29003824,-1,0,1813.0872,10.068698,315.0,0.016370717,3.7835226,11.477792,1226.6276,11170.112,46809.14,48847.01,0.41920465,-0.08154794,3661,4,11,3
284931.46370965143,3373504.8135379194,-1,0,2567.372,14.635718,309.2894,-0.0037929374,4.6233406,9.282554,1797.6929,26910.477,30181.96,74542.05,0.1412813,0.20591368,3661,1,2,5
279623.8715658539,3397726.8922865344,-1,0,2602.2903,15.955075,251.56506,0.00041288312,6.037491,11.462289,1468.4121,12751.133,12997.08,67600.72,0.41681284,-0.09138204,3717,2,11,6
278614.8965252991,3363156.076882427,-1,0,2229.26,36.271576,322.8533,0.0021022125,13.7010975,10.920348,1510.219,15910.313,30739.625,71706.96,0.37761953,-0.036038168,3661,3,11,5
281209.648461141,3372894.210436806,-1,0,1746.7577,27.700134,164.05457,0.00023496959,10.049334,8.740258,1723.2865,25136.326,32758.977,71067.49,0.41723168,-0.06830364,3661,1,2,5
249267.52994612104,3366057.722442052,-1,0,1594.6859,35.053154,11.592163,-0.003305191,12.896939,7.640043,1214.6798,5892.7495,36689.74,44323.32,0.38931224,-0.04837485,3661,2,2,7
264901.83234560187,3370611.071173568,-1,0,1821.6475,34.980976,263.991,0.0013392261,13.485116,9.938777,1348.8239,8971.293,32481.58,56207.676,0.44477516,-0.11499627,3661,3,11,6
295281.5226864453,3409430.368865852,-1,0,5544.859,11.766399,50.7106,-0.01128816,4.035011,9.851562,1586.0925,20150.842,22893.771,83350.84,-0.020391138,0.35129008,3717,1,9,7
295385.603124608,3376565.0671666404,-1,0,2758.535,25.0151,321.009,-0.0050098086,8.399702,9.851562,1885.7032,25514.43,25843.012,84179.28,0.4256514,-0.094848715,3717,1,2,7
298878.69272073545,3355151.895144624,-1,0,1427.5588,32.902897,14.826477,0.005471183,11.537716,10.669264,1793.336,5558.0034,9155.069,93486.63,0.5227378,-0.20784636,3661,8,2,6
213352.5467582988,3390106.34201724,-1,0,948.3258,32.137997,41.185913,0.009988651,12.81244,9.739802,1558.5098,9768.239,39106.215,1111.3955,0.38323292,-0.054520626,3661,3,11,5
269132.27824496664,3374533.937784641,-1,0,1746.9617,29.074636,225.0,0.012547539,11.114729,11.148954,1500.3662,14565.429,29254.5,58988.17,0.33291876,-0.004133509,3661,3,11,5
292074.0578038315,3376440.2943254686,-1,0,2370.966,30.846537,121.26373,0.0027422123,11.284454,10.575305,1872.3672,26993.084,27506.836,80938.93,0.47255275,-0.1439109,3717,1,2,6
217001.50853814645,3380064.408693915,-1,0,1417.046,30.431934,181.97495,0.006238473,10.812844,10.802611,1615.4719,4902.5093,40594.84,11559.07,0.41574082,-0.07129203,3661,2,11,3
259100.53553170804,3341688.3293912346,-1,0,1457.9061,25.541199,255.37912,0.0047023566,9.389768,11.138332,933.7997,6625.1416,50372.28,67674.85,0.3786207,-0.053369362,3661,3,11,6
302949.8508764985,3362952.689757981,-1,0,1670.1913,33.149475,287.92792,0.0063493834,12.32823,9.540957,1892.1882,10026.864,10274.288,94695.016,0.42763633,-0.09286434,3661,1,11,5
287107.8437142181,3353096.0197848105,-1,0,1309.0431,35.84844,271.50745,0.010909224,14.364167,9.9866905,1525.6887,7311.9424,20868.986,83624.69,0.3936319,-0.07139881,3661,3,11,5
231018.08792762,3361375.84207119,-1,0,1619.3802,24.431822,118.44293,-0.0025444983,8.219225,11.073589,1467.849,23988.09,46358.312,34707.47,0.45623896,-0.10749301,3661,2,2,6
289253.6523935919,3371449.3894435754,-1,0,2382.7043,22.36497,228.57635,0.012613117,8.307256,11.779788,1801.2461,23744.592,25590.838,79224.266,0.37451434,-0.037361227,3661,1,11,3
263602.8990503977,3358651.3894225084,-1,0,1707.9443,31.610006,285.70865,-0.002376517,11.7496195,9.051972,1126.6791,5373.7886,44351.79,60391.258,0.47174686,-0.13901334,3661,2,11,6
258247.0299769734,3379657.9001662456,-1,0,1661.6423,36.266422,11.821472,-0.0011323912,14.034851,8.590218,1315.2576,8429.959,22849.562,47151.06,0.44991547,-0.10930084,3661,3,2,6
288331.94136870484,3393607.454540332,-1,0,3564.9937,26.13066,282.99463,0.012621987,9.540654,11.982292,1638.0797,21882.783,22072.89,75997.27,0.27060074,0.053111438,3717,2,11,5
277241.019495221,3352991.015155332,-1,0,972.2857,34.82925,131.76028,0.0014137328,12.644975,9.785447,1315.5778,5931.964,30725.953,74997.01,0.5084822,-0.16747898,3661,2,2,6
259643.8473161473,3352499.746246713,-1,0,917.5284,26.297531,230.7106,0.018453702,10.205212,10.340623,944.59375,910.0,48332.664,60735.062,0.37182584,-0.048631173,3661,2,2,5
297966.5966602775,3379413.35320921,-1,0,2670.5103,31.351763,108.43494,-0.003134019,11.75352,10.022322,1870.1083,27215.797,27319.656,86306.36,0.45943984,-0.13172284,3717,1,2,6
290099.9443256358,3361782.6939674583,-1,0,1890.2526,31.473724,122.61923,0.011113626,11.918168,11.498405,1692.8207,14298.867,19488.96,82893.58,0.43151325,-0.09316503,3661,3,2,6
295276.4337920364,3361551.009414532,-1,0,1894.8036,28.865044,187.59465,-0.0044413246,10.053622,10.272388,1770.8362,12900.984,14767.779,87843.53,0.4377752,-0.10378142,3661,3,2,6
282328.8150008384,3390495.005800419,-1,0,2414.7068,33.985477,20.376434,-0.020100296,13.237319,9.851562,1608.8044,19984.656,20248.025,69930.2,0.44007254,-0.108788505,3717,2,2,7
226682.9372049379,3360236.91715689,-1,0,1415.7844,35.13805,62.300537,0.0005383627,13.515481,9.784214,1586.1567,24881.996,49300.293,33609.234,0.4552833,-0.10203683,3661,3,2,7
252062.0055747136,3346140.972323663,-1,0,2052.6523,33.380516,277.90717,-0.008184627,12.281594,8.671331,1059.6444,8109.747,56229.55,59630.02,0.3590686,-0.027344977,3661,3,11,6
237966.0613575996,3361342.1840267745,-1,0,1900.7114,46.714832,234.92625,-0.0026774798,18.97169,10.231972,1329.651,17960.236,43930.0,38903.562,0.36703926,-0.022862298,3661,3,11,6
248069.75019051036,3345493.4532804894,-1,0,1063.1179,35.771782,309.09387,0.012457331,13.112977,10.287452,1132.3685,10717.695,57228.492,57555.867,0.44581795,-0.10953939,3661,3,11,6
266357.4589711118,3357632.2425243515,-1,0,1698.9194,19.535536,270.0,0.004662247,6.42382,8.281095,1166.7825,7939.395,41759.82,63266.598,0.33202374,0.007063111,3661,2,11,6
272255.46351381065,3393630.6569169792,-1,0,2527.9036,21.810932,242.24146,0.0024537232,7.4515786,9.994521,1402.6105,11887.489,12211.183,59933.633,0.4534954,-0.12214633,3661,2,2,6
299220.62007679953,3353742.709235972,-1,0,1331.7251,34.72289,285.12402,-0.0023667607,12.972644,8.917715,1793.6003,4177.3794,8733.299,94353.25,0.325642,-0.0030725254,3661,3,11,7
277739.74387747113,3395297.6685096533,-1,0,2468.9639,36.301735,271.4688,-0.0012290596,12.6213045,11.58295,1470.3251,13396.541,13639.711,65504.54,0.388041,-0.052081607,3717,2,11,7
296411.40372927336,3383077.8173806965,-1,0,3098.0015,36.900005,325.4915,0.003975523,13.608076,10.939206,1824.8248,31186.424,31302.668,84361.234,0.46373138,-0.1429277,3717,1,2,6
239228.02800730208,3346259.444290999,-1,0,1216.6542,38.04616,254.98164,-0.00090003933,14.037354,10.426911,1325.1199,11267.697,58170.133,51876.867,0.40092397,-0.072714835,3661,2,11,6
257597.56505602837,3390930.032868365,-1,0,2180.6348,33.293064,209.05461,-0.006438331,11.861457,7.5450087,1259.0426,12405.2,11633.989,45200.805,0.3988772,-0.055775426,3661,3,2,9
209843.43385372555,3381644.6469353056,-1,0,788.5528,17.50414,193.24052,0.004222779,6.2019205,10.104251,1792.4231,1080.0,45827.027,9373.521,0.3896497,-0.048952233,3661,2,2,5
214545.9508281304,3376221.732927583,-1,0,1669.9662,26.837925,336.25052,-0.011390822,9.561751,9.080399,1716.6692,4843.656,44860.824,14599.181,0.47469062,-0.14262503,3661,4,11,6
304135.6252781695,3384277.0663952315,-1,0,3123.2554,29.75802,243.43497,0.0068075648,10.553822,11.969521,1866.6929,30412.145,30506.033,91961.58,0.36935434,-0.03239703,3717,2,2,3
297628.7926312501,3361737.0415556985,-1,0,1250.5044,41.733116,49.89908,-0.0017405705,16.159521,9.29708,1808.3948,11837.251,12920.004,90002.88,0.5426545,-0.21896799,3661,1,2,7
277140.5358709612,3379596.443591947,-1,0,1901.0471,26.80446,71.56506,-0.004000898,9.202453,9.895305,1658.7627,24043.113,26779.402,65687.8,0.26481712,0.08278732,3661,2,2,7
295363.4881604981,3357660.529858421,-1,0,1840.9119,32.790592,250.46335,-0.0018908634,11.810859,10.954473,1741.8027,9117.511,13116.802,89291.78,0.39932656,-0.05989717,3661,3,2,9
276314.2588129239,3387297.216902444,-1,0,2106.83,31.359428,318.6914,0.00048329338,11.105667,10.5183115,1546.8414,19399.033,19634.037,64008.246,0.28476524,0.026528183,3661,6,11,5
288537.4162988236,3350160.4649386164,-1,0,923.33746,24.88982,240.9454,0.001732211,8.7027,9.527167,1520.0371,4051.7651,19792.14,86241.234,0.43872324,-0.10766901,3661,3,2,7
226155.9101709864,3377377.124471534,-1,0,1169.079,21.494753,69.44394,0.0028993948,7.196507,10.262739,1382.0511,14363.234,35509.055,19123.18,0.2649131,0.062427744,3661,3,7,9
239897.26472658405,3378422.458183132,-1,0,2088.5789,42.854347,38.65979,0.0014509129,16.990334,10.470913,1165.2988,6483.271,27171.754,30100.957,0.44195113,-0.102533475,3661,2,2,6
260349.05095272048,3331144.6164842225,-1,0,717.22217,26.444345,357.7974,-0.0023523695,9.150788,8.663326,994.94635,2676.1538,52805.094,76431.88,0.47825834,-0.14252974,3661,3,11,6
276593.9462380725,3389801.810628923,-1,0,2709.2678,15.88662,327.26477,-0.0030842319,5.324124,9.003989,1520.6276,17376.334,17535.639,64205.76,0.43983883,-0.11358143,3661,2,2,6
301619.7484319171,3355628.567746201,-1,0,1390.9723,17.70981,312.70938,-0.010849126,6.1989207,6.6080976,1849.9563,4797.552,6551.191,95850.45,0.5002698,-0.1820575,3661,8,11,9
238774.3081117456,3380394.8873754465,-1,0,2035.8397,39.286087,45.0,-0.00017176376,14.637262,10.423605,1196.8629,6247.5757,25850.582,28308.61,0.49223217,-0.16805154,3661,2,2,6
298252.2112554222,3407500.527675702,-1,0,4497.7476,31.716196,270.0,-0.0030562456,11.494905,10.397749,1626.938,23644.775,26058.66,86257.55,0.07949154,0.24286444,3717,1,9,6
231538.37808079887,3384254.847646734,-1,0,2295.8423,28.06297,221.98723,-0.007954257,10.458123,9.851562,1348.4023,11978.268,26814.14,20184.84,0.421542,-0.08307719,3661,2,2,7
234174.5931790784,3377943.9504954447,-1,0,2009.3396,27.649733,308.65982,0.0074161156,9.600707,11.05551,1167.4972,11457.684,30216.852,25222.346,0.3034984,0.009566358,3661,2,11,3
239490.2484332371,3359680.109868143,-1,0,1884.6516,29.332354,183.69139,0.00042817692,10.1126,9.372465,1328.7747,17553.764,45078.273,41160.305,0.39437187,-0.053252395,3661,3,2,5
234959.1761066986,3375427.615506493,-1,0,1592.3156,25.072475,203.19861,-0.005425032,9.098731,8.4094925,1164.5776,12170.924,32005.3,27219.598,0.33986342,-0.010708297,3661,2,7,7
253055.6898864829,3338034.147391615,-1,0,750.8484,35.881153,172.875,0.007106418,13.461947,9.342721,989.88196,9181.226,57170.03,66506.79,0.41259402,-0.07116474,3661,3,2,5
233656.40291194333,3363166.999100625,-1,0,1967.9846,22.217821,136.73569,0.010650071,7.096618,10.561519,1378.2472,20796.012,43648.46,34751.8,0.37261486,-0.021829598,3661,3,2,5
259572.01808302288,3366116.6418835926,-1,0,1005.61365,35.28526,295.11484,0.0039626677,12.904023,10.351327,1171.4673,2554.0947,36447.62,53180.484,0.35979816,-0.030340599,3661,2,11,7
224643.8432391484,3374191.4376739203,-1,0,1800.9243,29.070467,166.32867,0.009315077,10.603627,11.14295,1463.0452,13988.898,38899.01,20526.164,0.44983342,-0.11372386,3661,4,2,6
280512.39361718105,3348625.10722741,-1,0,629.7706,28.899248,143.8418,-0.00481645,10.543247,9.415298,1311.2747,1663.5504,27958.598,80048.086,0.34176973,-0.0060162786,3661,2,2,9
276130.84471904783,3387773.4432102046,-1,0,2107.3997,22.961382,343.7398,-0.012649226,7.917344,9.851562,1537.8533,18901.652,19132.145,63805.484,0.34529775,-0.021887733,3661,6,11,6
220501.5197383628,3391679.642287222,-1,0,1963.9203,31.151905,284.03625,-0.00046990195,11.433249,9.75193,1507.6014,14050.089,31867.559,8173.8916,0.23963632,0.048776854,3661,2,11,6
272998.24492655304,3352327.353765916,-1,0,1476.7523,15.988629,247.16635,0.008132611,5.704101,11.289526,1217.1252,7112.187,34998.914,71704.59,0.3689643,-0.039165273,3661,2,11,3
235821.80274147948,3361939.5905992887,-1,0,1686.7347,17.83214,240.25513,0.0063911574,6.4583826,11.199104,1345.6743,19606.828,44018.797,37064.85,0.42352718,-0.080386944,3661,3,11,6
268719.19288464903,3350799.758127468,-1,0,1087.6554,19.015358,334.7989,0.0018547616,6.444447,9.816913,1103.8519,5959.8994,39368.64,68998.27,0.40028608,-0.056603085,3661,2,11,9
233029.4900938116,3381155.472920327,-1,0,2259.6782,41.521164,14.300262,-0.005500252,15.355708,10.425823,1263.1511,11298.818,28214.184,22716.447,0.41352782,-0.07021116,3661,2,2,6
260497.7102643677,3337153.4685222227,-1,0,1903.9296,37.650852,235.61966,0.004942714,14.050107,11.2312765,967.21625,7961.5327,50355.74,71950.89,0.33363253,-0.0089448495,3661,3,11,3
268565.06799688865,3351285.789688101,-1,0,1218.9121,28.218529,327.38077,-0.0031930162,9.458286,9.734521,1108.6053,6188.352,39482.426,68599.23,0.4407957,-0.105891764,3661,2,11,7
279233.2633028161,3397779.728909867,-1,0,2702.7766,16.284403,293.6294,0.02365118,6.32302,11.95016,1461.8196,12447.9795,12709.839,67218.16,0.35751948,-0.03231941,3717,2,2,3
293589.1430064022,3357953.174924947,-1,0,2211.072,30.661043,136.27301,-0.008293549,11.070924,9.153455,1711.6473,9601.886,14908.3125,87531.484,0.4592313,-0.118612684,3661,8,2,7
296151.68339452293,3366781.168117,-1,0,2046.1293,37.70394,203.38524,0.0038937144,14.524139,11.332953,1822.9836,16693.55,17409.193,87097.59,0.4731213,-0.13976833,3717,1,2,5
276241.34377127496,3389052.468673731,-1,0,2434.3564,39.99912,282.5288,-0.0021574069,15.518964,9.502957,1523.932,17847.38,18032.293,63870.293,0.30138865,0.033813793,3661,2,11,6
276085.3067634976,3378261.364699213,-1,0,1697.1858,13.9581175,161.56506,-0.00952464,4.776662,9.623189,1654.8737,22447.889,27540.842,64885.867,0.43194288,-0.117937244,3661,2,11,7
266905.32483329216,3362772.9074299894,-1,0,773.2695,15.62946,248.9625,0.005657951,5.4660583,10.600565,1262.1112,9725.004,40482.59,61230.65,-0.00038324378,0.3632554,3661,2,1,7
288981.1507476697,3390015.590459158,-1,0,3347.675,24.28057,170.53766,-0.009455462,8.655919,8.980411,1689.7383,24798.234,25010.727,76592.76,0.2680685,0.03085637,3717,2,11,6
269356.2644541183,3351079.60779277,-1,0,1335.5349,32.212162,176.63354,0.004235373,11.570495,9.737323,1121.6245,6625.0737,38708.785,69361.5,0.4022785,-0.07361547,3661,2,2,5
302542.9962930686,3410600.7622602265,-1,0,4436.786,36.54115,95.85602,-0.0013023964,13.503654,10.00537,1667.6222,26508.662,29925.758,90659.29,0.061433423,0.25772488,3717,1,9,6
307586.8931202035,3411979.9028133927,-1,0,4383.3154,7.2472177,270.0,0.010464502,2.6624818,12.413434,1718.2799,31023.309,34855.375,95772.195,0.012232914,0.30187556,3717,1,8,9
293338.1463985265,3362742.065406564,-1,0,1888.8312,15.891138,329.03625,-0.0069377483,5.132667,9.883302,1751.8752,14363.342,17043.533,85620.15,0.29486436,0.035048604,3661,1,11,7
273976.3002934044,3391449.653997789,-1,0,1901.1299,38.035324,141.70984,-0.001815043,14.030108,9.851562,1456.3192,14634.896,14887.059,61585.07,0.3457417,-0.0006479789,3661,6,2,5
265974.69180135883,3335777.439288607,-1,0,906.59546,32.014183,232.2532,-0.0029159382,11.718198,9.112073,998.4565,2535.5276,45755.438,76698.31,0.42797527,-0.09159147,3661,3,2,6
271623.9347982244,3396571.07168755,-1,0,2844.0752,13.640571,257.0054,-0.031612344,3.9942691,9.851562,1359.2448,9025.055,9254.491,59524.12,0.18173553,0.15119413,3661,2,2,9
267306.42919467937,3374331.20014648,-1,0,1763.8038,30.865768,73.30075,-0.006695245,11.821945,8.999737,1459.2286,12913.946,29098.049,57286.797,0.46418035,-0.13070257,3661,8,2,7
261895.18129368697,3357317.0265385667,-1,0,1089.9182,16.650255,232.43143,-0.002134816,5.479054,9.154894,1069.6719,3480.5317,45482.71,59680.863,0.28512955,0.054206558,3661,2,11,9
260958.571253395,3363485.238129476,-1,0,692.7092,28.596783,109.65381,-0.00053958996,10.253649,7.642094,1150.7947,3780.0,39251.41,55649.133,-0.017160831,0.37692246,3661,2,1,10
259631.88287701347,3349686.804452683,-1,0,800.91,19.382624,235.30484,-0.001589514,6.482774,9.31786,898.5369,106.30146,48510.07,62531.258,0.3878972,-0.057788976,3661,2,11,6
262671.61559217656,3373972.877212193,-1,0,1909.4445,26.93194,127.694214,-0.010859937,9.641582,8.27773,1357.5425,9112.376,29013.648,52977.68,0.47699666,-0.14894187,3661,3,2,7
310163.2543921699,3367488.3273687847,-1,0,1479.1467,14.053611,4.085602,-0.011122876,4.7143927,9.23263,1929.7908,12906.715,13009.3545,100477.97,0.0,0.33333334,3717,2,5,6
257309.91005585564,3383001.871624321,-1,0,1781.1747,33.206238,40.030273,-0.011425382,11.658952,9.02706,1294.4305,9829.802,19417.324,45558.574,0.25042316,0.10509541,3661,3,2,9
295559.0806009316,3350927.3064894653,-1,0,976.00665,36.611446,65.22485,-0.00429154,13.649762,7.8729377,1694.5922,2386.797,12769.592,92163.21,0.4911966,-0.14823349,3661,3,2,7
226237.06965744612,3384436.2902429653,-1,0,2051.1997,37.829845,217.34937,-0.007931252,15.665611,10.20394,1433.0452,14681.104,30597.922,15177.566,0.4905638,-0.16048653,3661,2,2,9
288383.90173545404,3362046.22073284,-1,0,1634.926,31.727934,181.6847,-0.0094502615,11.228712,9.579242,1669.6993,15098.254,21164.795,81200.89,0.4270167,-0.09260828,3661,7,2,7
256481.0660049118,3384558.4676761786,-1,0,2070.183,33.436558,312.9546,0.0066065635,11.94796,11.275783,1288.116,9962.059,17785.188,44509.977,0.4172544,-0.072138295,3661,3,2,5
262962.33222056343,3372390.084741913,-1,0,2268.2683,26.737936,138.01276,0.0049894676,9.411262,10.949064,1337.7552,8276.352,30599.191,53769.117,0.33135852,-0.0010802356,3661,3,2,5
289042.2906550402,3371627.5159469983,-1,0,2412.2683,17.770658,345.06857,0.0048325732,6.1533165,10.486544,1801.8121,23973.957,25867.172,78976.984,0.44425914,-0.11343606,3661,1,2,3
287397.70400849974,3350865.5093272096,-1,0,1435.4508,16.883913,276.3402,0.009823809,5.611829,10.761041,1501.9259,5208.8867,20795.383,84906.06,0.36852,-0.04406221,3661,3,11,6
274033.2656879575,3369092.282440914,-1,0,1158.5135,36.079845,250.14479,0.0027866766,14.317252,10.746665,1512.782,17300.338,35559.938,65305.086,0.46949393,-0.14801826,3661,3,11,3
255966.19052510057,3352499.4363981187,-1,0,1505.71,23.352106,355.03027,0.011807687,8.406649,10.60829,1021.624,2762.6074,49797.777,57918.312,0.28033927,0.054263286,3661,2,11,5
285224.71440996963,3361382.3998760404,-1,0,1690.2152,25.568151,103.49573,-0.0017523867,9.054664,8.217785,1610.9086,15264.878,23904.246,78495.4,0.5491505,-0.222477,3661,3,2,7
306945.3942090618,3411684.488535812,-1,0,4592.1543,44.702988,302.4712,0.0006070482,18.21519,9.917412,1712.7029,30465.672,34231.117,95114.414,0.08273257,0.23650938,3717,1,8,6
239020.2579929588,3361076.6046346207,-1,0,1934.4143,31.016567,358.36343,0.00842612,11.337337,11.0919895,1320.1273,17172.375,43864.613,39801.17,0.37613168,-0.030514354,3661,4,11,6
249790.00539380845,3373586.351148648,-1,0,1017.14484,22.438904,60.945404,0.0026259315,7.877629,9.125721,1235.495,1845.5623,29189.672,41106.43,0.48887432,-0.15884328,3661,2,2,6
260672.1298989492,3341811.4482038515,-1,0,1893.4004,33.688347,12.528809,0.0024272683,12.5702505,9.604397,946.6343,5108.992,48821.176,68682.47,0.42215672,-0.08341351,3661,3,2,6
252518.98454818575,3362901.9796517813,-1,0,1833.4766,28.198734,71.56506,-0.004428219,10.2362,9.551184,1177.6005,4650.0,39471.81,48787.62,0.30281156,0.05588309,3661,2,2,6
273139.38671260333,3392814.062561539,-1,0,2658.8628,28.63623,222.51045,0.0014824048,9.170025,11.079695,1426.4376,13037.309,13305.281,60778.043,0.35918012,-0.022985773,3661,2,2,5
253398.0133305129,3376428.663333241,-1,0,1094.1356,37.951828,325.561,-0.0054078144,14.1416445,9.851562,1277.792,2708.228,25913.225,43399.227,0.37185133,-0.04055569,3661,3,11,9
278374.265944592,3350026.263204463,-1,0,882.72626,20.47433,12.994629,-0.014345163,8.285797,9.851562,1290.2428,2800.714,29843.895,77491.74,0.3279254,0.027528243,3661,2,2,9
254356.79618801543,3366840.56025688,-1,0,1066.9955,25.012005,284.03625,0.009264313,8.834369,10.987702,1199.412,1755.4772,35456.91,48249.707,0.40665987,-0.07353166,3661,2,11,5
216536.33900016136,3387121.277679861,-1,0,1351.0148,32.24315,129.80557,-0.0026445459,11.34438,9.546708,1564.6678,8034.955,37360.695,5447.128,0.44508448,-0.12289484,3661,2,11,6
285763.44757846056,3389513.737100777,-1,0,2885.3096,19.605541,74.47589,0.0031792452,6.667488,11.142948,1668.5955,22948.926,23246.492,73379.016,0.27278015,0.070529334,3717,2,2,6
264777.79294827353,3352889.562906478,-1,0,1161.4174,33.635563,142.5238,0.0030707987,11.933175,10.161325,1056.7568,5419.013,43193.754,64577.375,0.43372765,-0.09381507,3661,2,2,5
257206.9685255568,3364175.17967766,-1,0,882.7326,29.221724,17.818878,0.0061353426,10.283873,10.441365,1154.7739,30.0,38178.906,52054.36,0.37194464,-0.03251756,3661,2,11,6
280688.5524571605,3350452.388989908,-1,0,699.552,21.607452,172.875,-0.011901963,9.888894,9.851562,1344.9099,3474.1475,27497.523,79248.77,0.37701294,-0.034760587,3661,2,2,10
228715.26877991823,3374975.0514689097,-1,0,1596.8506,34.71919,185.5722,-0.006961759,12.5557575,9.284803,1342.2758,17468.646,35744.348,22638.871,0.41358557,-0.099041894,3661,3,11,7
235546.4500233912,3343495.649361625,-1,0,870.7803,19.182251,266.8202,-0.0015857313,6.6505704,8.733017,1288.342,10464.2295,61736.293,52544.566,0.39430285,-0.054450255,3671,2,2,6
227594.1209342305,3377911.4471643423,-1,0,1430.6547,33.03214,13.240509,0.0034085945,12.256888,11.168639,1341.9045,15680.574,34155.76,19839.418,0.47536886,-0.15331398,3661,2,11,5
300542.9265516329,3353673.09279491,-1,0,1121.1005,40.57973,127.303955,-0.010581746,16.198069,8.885742,1821.2935,3505.9521,7416.482,95596.45,0.34159753,0.007748536,3661,3,2,9
247367.4128462695,3339588.218097328,-1,0,687.85785,37.82635,257.61926,0.004802764,14.2808695,9.0394945,1046.0231,5166.1396,62275.355,61895.445,0.4161569,-0.0844298,3661,3,2,9
275964.459752542,3357098.52064134,-1,0,1276.7323,36.975254,235.56102,0.0005593468,13.688613,10.486245,1356.4534,10221.766,32141.787,71884.76,0.4421865,-0.11111668,3661,3,11,6
257405.7782145364,3368131.210365156,-1,0,1016.49274,33.587475,242.02054,0.0052096085,12.096229,10.541783,1207.2654,1287.2451,34238.69,50333.9,0.41416684,-0.08423544,3661,2,11,5
221753.97219264423,3389802.5436598565,-1,0,1386.3206,41.75799,139.76364,-0.0007554997,15.279507,8.491817,1503.9503,13457.403,31493.777,9399.426,0.37409067,-0.02640789,3661,2,11,6
273438.73877951,3369757.983202675,-1,0,928.4899,28.174335,223.72699,-0.0049934248,9.279727,8.306097,1511.3348,16841.455,34762.688,64518.926,0.4598002,-0.13424398,3661,3,11,7
293083.85846354417,3352194.841723574,-1,0,1164.9224,31.43584,327.26477,0.0023020303,11.345323,9.265372,1648.4554,4306.9478,14977.35,89391.37,0.4431373,-0.11689955,3661,6,11,5
233257.33726762704,3371725.570043653,-1,0,2007.9508,32.858402,125.53766,-0.00692068,12.193027,9.562187,1264.6202,15903.487,36079.523,28175.578,0.45467708,-0.11837703,3661,3,2,7
284933.2427618242,3369984.958258136,-1,0,1818.301,39.51081,274.96973,0.0024899438,14.561494,10.058026,1741.6569,23461.17,28034.273,75430.195,0.38703886,-0.06706644,3661,1,11,5
246551.2610216039,3346240.297693965,-1,0,627.2792,18.711468,159.44397,-0.00015672126,6.18102,9.123339,1175.5503,11007.2705,56690.85,56036.08,0.42775336,-0.08763619,3661,3,2,9
238444.88626435175,3354229.399870776,-1,0,1251.8445,23.979385,336.50143,-0.0032899226,8.082442,7.545604,1405.3645,19198.23,50611.656,44785.57,0.3745442,-0.038552757,3661,3,2,7
221428.13550124987,3390924.156104092,-1,0,1762.7455,33.268284,266.63354,0.0075768754,11.949567,10.31714,1505.1732,14040.52,31318.36,9033.742,0.28107074,0.01741186,3661,2,11,3
308808.3149445249,3412122.8926226925,-1,0,4909.9585,40.35872,163.17859,0.005764993,16.892656,11.339193,1729.7,32187.277,36068.36,96998.734,-0.04600518,0.36836705,3717,8,9,7
290712.22047580127,3372939.9637083444,-1,0,2578.905,37.300945,193.3925,0.0021335098,13.333415,10.026144,1830.7003,24863.797,25626.143,80299.57,0.46411693,-0.1355118,3661,1,2,6
222258.8504194684,3387716.998029225,-1,0,2024.5078,21.570057,235.61966,0.0029311315,6.591829,10.917566,1499.1302,12500.229,32028.3,10288.984,0.42489988,-0.10303563,3661,2,11,3
252284.54061392404,3361930.433785153,-1,0,1876.3163,20.85449,190.78432,-0.011763793,6.964832,9.732349,1172.8876,4880.0,40454.945,49159.18,0.42351115,-0.07718678,3661,2,2,7
293898.4488893905,3368487.160479137,-1,0,2312.9624,27.97815,15.42215,-0.008794767,9.598748,8.020604,1812.3163,19408.969,20204.547,84461.58,0.17393085,0.17220785,3661,1,2,7
278210.323849309,3359047.7429518374,-1,0,1285.1339,33.005085,8.130096,-0.0038016946,11.25476,10.181307,1434.8208,11820.58,30169.064,73016.88,0.5339736,-0.20799227,3661,3,2,6
295288.23555140354,3373686.0567398234,-1,0,2087.5803,36.046467,58.134033,-0.0010732026,13.724156,10.511755,1869.3092,22992.088,23422.615,84611.3,0.55471325,-0.24600895,3717,1,2,7
299438.2605553415,3382956.724934229,-1,0,2810.4292,22.177086,31.429565,-0.0041023763,8.474754,10.091002,1845.7877,30229.234,30195.486,87379.92,0.36642063,-0.02458975,3717,1,2,6
267942.5284600317,3386932.486019446,-1,0,2699.9075,20.331282,209.05461,0.0008863398,6.560691,10.302866,1402.7181,16635.855,16818.422,55675.086,0.39794192,-0.066965215,3661,3,2,3
296171.8525316161,3367150.482497995,-1,0,2129.4272,31.123753,236.8215,-0.0031608527,11.092906,10.552583,1825.9631,16985.975,17669.672,87016.14,0.43133664,-0.09487961,3717,1,2,7
220445.0031938628,3385482.2055273238,-1,0,1583.2029,30.03912,75.963745,0.003461785,11.187669,9.853433,1522.8334,9751.605,34728.668,9572.611,0.42618084,-0.087767184,3661,2,2,5
269700.7596823814,3355591.7828992503,-1,0,1892.0872,18.058372,259.99203,0.002047835,6.4986143,8.963131,1202.5745,10287.983,38283.87,67188.84,0.4412955,-0.09939351,3661,2,2,6
285575.441787518,3369729.715716582,-1,0,1646.2875,14.3658495,274.76364,0.0063528195,5.169286,10.255155,1743.9299,23260.105,27366.527,76114.234,0.3747419,-0.04890024,3661,1,11,7
293646.7134999269,3405305.1089426083,-1,0,4544.1763,46.43462,238.2011,0.0026108916,19.067617,9.479907,1573.3984,20715.95,21896.668,81631.24,0.12704983,0.1825346,3717,1,11,6
249029.4803149985,3347808.098288192,-1,0,1020.5329,26.784882,94.39868,-0.0010798104,9.343884,8.199379,1146.5193,10194.905,54812.695,56372.68,0.44660822,-0.097964056,3661,2,11,9
299733.34683681466,3381296.074436394,-1,0,2276.0361,32.97858,11.309937,0.003935701,11.893159,10.75943,1862.7983,28538.076,28510.176,87841.18,0.48225188,-0.16191602,3717,1,2,6
233398.04377523868,3386483.8549832385,-1,0,2317.2996,45.63176,354.09387,-0.00058235094,16.44159,10.487611,1365.451,9689.959,23917.4,21411.969,0.4125391,-0.07626054,3661,2,2,5
239481.0797340276,3387292.493684444,-1,0,1738.1602,24.166212,33.023865,0.00095122156,7.9541,9.906548,1343.3806,3551.6897,19475.096,27298.809,0.33636117,-0.01588209,0,2,11,6
272500.8738757726,3347805.2292211186,-1,0,1073.5682,26.753984,22.249023,0.0038263237,9.312052,10.858392,1140.8191,4320.2314,35984.65,73825.414,0.43095744,-0.09532671,3661,2,11,6
232595.14168742544,3364871.941306247,-1,0,1759.0088,34.943253,266.9872,0.0017809115,12.580727,10.348919,1379.8221,20660.094,42518.355,32759.184,0.4055225,-0.067821994,3661,3,2,6
274792.8635684161,3393075.9867973696,-1,0,2331.1814,26.886929,21.037506,0.0014075647,9.959667,10.201958,1450.5603,13647.567,13803.047,62446.523,0.41447452,-0.08151775,3661,2,11,5
236675.86375547157,3337370.9725255626,-1,0,529.46765,23.053122,332.35403,0.006189394,7.939739,9.425965,1044.8926,5423.034,67402.555,58560.586,0.41887137,-0.075508,3671,7,2,5
294384.5903335148,3413974.3451113086,-1,0,5897.264,25.310722,220.6013,0.0047263177,9.001391,12.208979,1567.1575,17726.22,21624.08,82778.14,0.020995656,0.28957456,3717,8,9,3
272857.8329649255,3367123.0604474773,-1,0,848.02313,8.442158,135.0,-0.008317861,2.4611523,9.28462,1456.1637,15834.977,37204.684,64880.992,0.26710096,0.055668306,3661,3,11,9
293488.304187424,3387092.6788952886,-1,0,2442.846,45.193726,184.2364,0.0034694555,19.353783,10.117741,1761.3589,30061.977,30267.648,81168.55,0.48775232,-0.16547301,3717,6,2,5
303410.0649102833,3357954.383520542,-1,0,1036.4603,31.085531,33.690063,0.009886681,12.409408,10.983027,1889.3619,5309.049,6038.493,96709.69,0.40781295,-0.06076335,3661,3,2,5
273410.77763333684,3384374.3004907724,-1,0,1335.3652,36.085415,308.29016,-0.00032893475,12.865041,9.455143,1530.1049,20729.875,20872.934,61343.336,0.42241943,-0.089917764,3661,1,11,7
232819.17117072444,3376463.105401352,-1,0,1696.1963,40.40226,255.65068,0.0006021486,15.658866,10.760887,1208.8167,13357.309,32192.676,24872.0,0.28051788,0.022618191,3661,2,11,5
257084.18869384695,3385496.256548685,-1,0,1923.5873,19.139921,310.6013,0.004030614,6.8792934,10.843759,1284.1562,11005.566,16918.629,44988.05,0.19645,0.12973715,3661,8,7,6
237847.6644277919,3377064.2725632344,-1,0,1886.2902,32.566147,229.76366,-0.006408476,12.208364,9.684464,1126.9181,8914.331,29252.693,28855.89,0.43478444,-0.10146369,3661,2,11,6
294241.2195945375,3382690.0052863667,-1,0,2990.2136,22.708591,97.76517,-0.0065327026,7.520375,10.988802,1814.8173,31581.621,31815.137,82237.12,0.3911057,-0.06144647,3717,1,2,7
279299.23371103674,3372134.455210918,-1,0,1231.8286,13.775555,71.56506,0.0133800125,4.5223346,10.828064,1671.3245,23095.344,33923.71,69418.81,0.47049886,-0.14507301,3661,1,11,6
280435.69264984987,3397671.550001347,-1,0,2516.97,13.326651,164.74487,-0.027411025,3.7905772,7.5139346,1481.5468,13349.19,13569.672,68400.16,0.42381048,-0.09116056,3717,2,2,9
233810.781923274,3356937.6296423227,-1,0,1575.3389,28.586563,8.615662,-0.0028662176,10.169015,10.310878,1465.6995,23135.914,49403.11,39948.152,0.42381513,-0.084140494,3661,3,11,6
299231.0255804696,3375496.368850994,-1,0,1983.7489,8.631475,97.125,0.030311478,4.0506835,11.640869,1904.4565,23095.205,23208.566,88155.06,0.4150099,-0.09343285,3717,1,2,3
287605.93020730425,3397275.560631852,-1,0,3383.3474,36.48076,115.906494,0.0054789,13.665811,11.417402,1583.0961,19122.994,19216.045,75499.91,0.31249568,0.027268026,3717,2,11,5
302042.4887307747,3374107.413444154,-1,0,2333.0352,23.77368,196.92752,0.0033486981,8.492008,11.561018,1913.9902,21008.438,20968.738,91164.83,0.45983532,-0.13089456,3717,1,2,5
244645.6309691348,3348122.020197797,-1,0,1603.1381,30.244864,41.185913,-0.00012181237,10.442468,9.270104,1257.1572,12642.408,55161.19,53382.715,0.48293117,-0.14964879,3661,3,11,6
249946.7111920176,3364654.3604172287,-1,0,1362.2034,33.036938,268.36343,-0.00011203048,11.735212,9.489092,1206.5132,6303.2134,37985.28,45678.473,0.31324044,0.012423227,3661,2,11,6
274230.9253328233,3354219.3269304708,-1,0,1448.2812,20.929508,72.47443,0.01011526,7.094621,11.208764,1273.6243,8031.961,33720.855,71777.84,0.49620986,-0.14943764,3661,2,2,5
246644.14119764077,3364346.09130852,-1,0,1951.064,28.977545,195.9454,0.004209045,10.437732,10.68993,1228.4562,9024.306,38870.69,43194.965,0.28245452,0.04715266,3661,2,2,6
283604.2249599592,3375566.070608576,-1,0,2247.4084,30.458519,41.34778,0.016350737,11.522516,11.273135,1816.6991,28194.867,32536.424,72793.37,0.36560896,-0.03249619,3661,1,2,3
245309.89344377775,3379894.18496106,-1,0,1090.8906,33.617466,22.109436,0.011806321,12.456747,10.777577,1231.8151,1494.0215,24050.688,34627.46,0.3940622,-0.074242964,3661,2,2,3
263933.7041401296,3385014.5857874146,-1,0,2156.5217,37.054245,98.746155,0.0060970155,13.961941,10.893357,1349.6793,16238.338,18052.127,51848.758,0.4022706,-0.06537516,3661,3,2,5
243355.83319312084,3353768.75713933,-1,0,1528.257,35.41733,282.20047,0.004894739,13.025692,10.121145,1304.0049,15315.551,49910.723,48160.082,0.42403665,-0.09055331,3661,3,2,6
242415.7732227228,3347348.3556581046,-1,0,1379.9797,28.309502,78.69006,-0.0030591856,10.164297,9.464535,1289.9279,11845.717,56375.29,52696.836,0.4091076,-0.063062295,3661,4,11,6
276184.0685880772,3366470.41467445,-1,0,1481.8427,18.721579,244.65384,0.012318167,6.670095,11.287449,1514.3584,19073.902,34136.977,68222.58,0.43922883,-0.09909012,3661,3,2,2
255056.5288171866,3361470.360288972,-1,0,1420.3522,28.28522,136.33221,-0.005229955,9.227139,9.851562,1140.5474,2110.5923,40820.0,51690.734,0.49660015,-0.16442744,3661,2,2,6
285015.39198121696,3368990.541912183,-1,0,1491.3589,31.931795,259.69516,-0.007722963,11.87765,9.000867,1726.787,22512.951,27414.297,75784.25,0.42045727,-0.09033346,3661,1,11,7
269386.8707034612,3360413.910616713,-1,0,1241.2893,33.064953,144.86578,-0.008743184,12.483,7.193499,1274.7626,11404.161,39102.3,64520.71,0.49142152,-0.16887431,3661,2,2,7
298858.93036883645,3410020.400739722,-1,0,5331.113,41.00932,259.38034,0.0020440507,16.151144,10.7028675,1626.7634,23228.63,26327.723,86944.42,0.046709415,0.26823875,3717,1,9,5
209225.4843420196,3376181.0643707514,-1,0,1652.7328,29.858881,328.6713,-0.0028219945,10.8492565,10.2435665,1895.0374,4290.944,49199.656,14822.932,0.29013982,0.029072272,3661,2,11,3
267507.9663807675,3380782.768027447,-1,0,1777.5043,46.542072,351.02737,0.0012297481,20.316748,10.8213,1459.0918,16927.035,22815.8,55988.63,0.40641138,-0.07992582,3661,3,11,7
269444.8958029592,3395125.017553185,-1,0,2653.292,13.807556,228.01279,0.0062663225,4.5120807,10.824688,1340.8674,9274.616,9455.623,57224.066,0.3883406,-0.048149146,3661,3,2,7
251859.1201657187,3361543.789300378,-1,0,1887.1161,13.460366,216.02737,0.013507019,4.716794,11.59093,1174.7008,5310.0,40875.453,49041.477,0.36493686,-0.02787177,3661,2,2,3
223758.48626645425,3392585.59851061,-1,0,2032.0837,34.37975,307.99875,0.0019580014,12.294906,10.231164,1499.5465,16840.383,28520.252,11521.111,0.3697563,-0.05515764,3661,2,11,6
293317.6560985276,3402847.23452473,-1,0,4837.14,18.080637,49.398712,0.0006908198,5.603716,11.043935,1583.171,21964.379,22100.46,81351.7,0.017922768,0.30650955,3717,1,9,3
218313.559775125,3382438.3276154,-1,0,2080.3228,38.061367,212.57407,-0.0010858466,14.666764,10.454601,1570.9423,6523.8716,38163.42,10129.896,0.26802924,0.07941728,3661,2,11,6
241030.81866376448,3346291.351012491,-1,0,1014.3092,28.541748,145.17548,-0.005342181,10.504837,8.755114,1289.6024,10933.663,57728.336,52810.477,0.46844974,-0.13027395,3661,4,2,6
251985.0017522859,3363714.7806731234,-1,0,1288.8497,18.820272,135.0,-0.02504236,7.6280894,9.851562,1187.4312,5190.0,38701.957,47892.28,0.36152232,-0.034489185,3661,2,11,9
235392.12648049003,3340481.1165612405,-1,0,625.7817,24.532784,272.29062,-0.005616738,9.040108,7.707861,1171.0415,8305.336,64684.42,55199.93,0.3938751,-0.057498176,3671,4,2,6
259201.2799919534,3346181.6535625528,-1,0,1261.5251,7.027512,120.963745,0.029093333,2.9784539,11.184214,907.6703,3214.4983,49370.06,64572.797,0.4066823,-0.071579404,3661,2,11,3
303148.7085192725,3359581.773518619,-1,0,1214.9062,18.606997,100.61966,0.011224536,6.307198,11.044895,1887.9912,6851.839,7382.1475,95924.6,0.33082533,-0.008031688,3661,3,11,3
268832.00732245634,3384673.5088109085,-1,0,2164.314,36.494545,232.59464,0.005352512,13.874567,10.818767,1442.7998,19041.477,19203.693,56756.973,0.31974727,0.025464967,3661,3,11,6
264512.1033987741,3380072.9956747275,-1,0,2315.3887,32.479496,335.85446,-0.0017139079,12.235526,10.073483,1408.5684,13935.178,23025.16,53184.984,0.43662164,-0.11170722,3661,3,11,6
279831.5403017758,3354993.8406468285,-1,0,1179.8086,33.788628,98.365875,-0.000318054,12.951588,7.9987698,1401.7593,7823.5156,28138.133,76292.22,0.56063074,-0.22825018,3661,3,2,6
301171.59813297464,3360797.737559077,-1,0,1007.7163,25.94119,52.696045,-0.004823918,8.830677,9.525754,1859.2223,8918.257,9616.693,93667.0,0.4699743,-0.14248185,3661,1,2,6
259872.1761278254,3364926.745581236,-1,0,978.4893,29.540041,287.92792,0.0045211143,10.367572,10.04398,1152.1394,2700.0742,37665.816,54003.55,0.40498096,-0.076980546,3661,2,11,5
296393.2232318062,3369256.385343005,-1,0,2159.8374,14.916825,0.0,-0.00076134567,4.811624,9.9998255,1843.7771,18606.174,19152.193,86685.56,0.23023483,0.11535578,3717,1,2,7
288269.06397759775,3357706.5572277694,-1,0,1925.9342,32.495632,9.78241,-0.0056877327,12.377366,8.660534,1611.1353,11000.736,20040.184,82716.13,0.34543794,0.0021639848,3661,8,2,7
237477.04761361855,3367858.225519349,-1,0,2399.2388,18.264885,277.59464,0.0052253893,6.019228,10.959036,1249.4194,14944.434,37889.06,33894.637,0.31007475,0.024100097,3661,3,7,3
267732.1979924441,3339613.01892991,-1,0,910.5859,30.93374,286.8584,4.796497e-05,11.492764,9.022615,1021.24097,411.09607,42710.016,75290.23,0.33445403,-0.010897119,3661,3,11,6
302605.9102768721,3374522.982727285,-1,0,2427.4248,23.821886,164.35773,0.0052243257,8.787937,11.704198,1918.5063,21277.625,21210.152,91642.484,0.460559,-0.128774,3717,1,2,6
243277.1159491445,3337274.855522932,-1,0,619.67957,42.161003,3.4336243,0.0010661662,15.723075,9.851562,1021.6469,1751.3994,66078.51,61677.113,0.38809013,-0.04750056,3661,4,2,6
276586.51626258495,3398141.3727633883,-1,0,3242.1584,19.557089,302.90524,-0.00072857155,6.6372747,9.851562,1416.9708,10421.229,10691.099,64624.35,0.41271734,-0.089711115,3717,2,2,6
278714.4357447888,3363088.1109367334,-1,0,2154.9639,16.210306,7.1250305,-0.009213085,6.350224,9.171665,1511.3022,15850.0,30626.291,71822.33,0.4269411,-0.09293813,3661,3,2,7
303666.3679723514,3354500.6507804715,-1,0,1270.3125,37.840553,313.95837,0.0037432548,13.843936,9.88744,1888.6107,2472.0032,4321.4004,98172.09,0.3990418,-0.056322616,3661,3,2,3
229585.8017838016,3366330.687143153,-1,0,1169.5382,26.855337,10.007965,-0.0077711265,12.289053,8.39742,1434.8833,22246.719,42564.438,29790.016,0.40280753,-0.06474773,3661,3,11,10
251290.68389728136,3346730.3939130097,-1,0,1858.0319,37.289337,136.97491,0.007205344,13.897621,10.56218,1081.5068,8475.436,55687.086,58677.547,0.50123405,-0.16080487,3661,3,2,5
309052.6758441509,3368378.383999842,-1,0,1545.6963,35.47719,53.130096,0.00079344347,12.608956,9.498415,1942.6334,13905.987,14079.79,99194.52,0.0,0.33333334,3717,2,2,6
285354.40227128274,3383683.625962167,-1,0,2315.65,36.369324,238.29858,0.0047090175,13.631726,10.291897,1744.816,27291.252,27503.172,73293.125,0.3526057,-0.010159594,3717,2,2,6
296321.2176537939,3389007.1659802576,-1,0,3117.0393,35.107094,185.7106,0.0020074886,13.079437,10.79091,1764.0619,31006.0,31150.793,83946.22,0.41962567,-0.09321919,3717,2,2,5
265542.30496201484,3342000.3893719497,-1,0,1196.0515,29.821959,273.9452,0.00047180374,11.656951,9.571837,1003.54333,1096.0383,44069.586,72060.516,0.20177102,0.10807345,3661,2,11,3
291643.2893613775,3351244.7731475527,-1,0,1422.005,31.489662,61.113403,0.007939668,11.897416,10.774254,1606.1589,3850.935,16538.553,88512.7,0.4271502,-0.078650355,3661,3,2,5
230412.3439232726,3376772.0760333743,-1,0,1399.7266,36.874218,341.14685,0.003460589,14.096337,9.173478,1271.23,15343.901,33286.883,22751.977,0.45461968,-0.12679228,3661,2,11,5
282907.74866233487,3392039.9461279744,-1,0,2388.719,27.852924,30.25644,-0.0034573483,9.974929,8.900198,1597.0809,19155.303,19447.426,70523.5,0.49080405,-0.1630472,3717,2,2,7
248371.0162904787,3361606.178844599,-1,0,1712.888,29.254951,225.0,0.007027453,9.932324,9.669873,1211.8633,8790.0,41234.68,46249.8,0.36830264,-0.038783174,3661,2,7,5
256212.14253994275,3329856.293477661,-1,0,660.90643,21.61121,226.84761,-0.0122339865,7.597307,9.851562,977.3516,4804.592,57090.14,74953.64,0.38423622,-0.04105089,3661,3,2,9
284579.9280479711,3382698.2723979354,-1,0,2059.6272,42.198734,302.27563,0.0040863627,17.23049,10.353006,1753.2812,27679.684,27818.129,72617.586,0.36848134,-0.03554972,3661,2,11,6
277587.19577492564,3381906.608678618,-1,0,1912.1503,26.168612,180.0,-0.0057800724,9.404415,9.398731,1637.818,24717.059,24957.535,65774.6,0.43532312,-0.0960425,3661,2,2,6
230899.87729390973,3365120.6382758752,-1,0,1301.2552,33.607857,172.09283,0.0016653812,12.326938,8.635862,1418.6199,21958.71,43030.953,31536.352,0.5465087,-0.22997452,3661,7,2,5
300319.8941183109,3379694.7040790026,-1,0,2417.0305,30.437607,253.30077,0.0007507058,11.286679,10.759854,1880.38,26842.969,26810.604,88601.734,0.45374173,-0.1293775,3717,1,2,6
212773.83767288047,3379484.133436034,-1,0,719.4003,7.2514453,71.56506,-0.01225306,2.7882226,9.851562,1726.9247,1140.3947,44418.24,11186.456,0.48368514,-0.15209496,3661,3,2,10
257057.9027010484,3346328.8483901625,-1,0,1610.9048,32.084614,337.24902,0.0075091217,12.512876,11.148878,953.8208,4315.1016,51471.664,62925.863,0.4698734,-0.13082048,3661,3,2,5
242395.8372819911,3374434.443677806,-1,0,1738.1498,27.808575,293.9625,0.009338388,9.482325,11.502356,1189.9741,7339.591,30115.744,34108.836,0.27757198,0.04572209,3661,2,11,5
256516.82334648396,3329688.63419038,-1,0,741.25104,34.772224,263.991,0.0022667274,12.659252,8.907734,980.5202,4465.0757,56886.53,75258.99,0.33194327,0.0054153083,3661,3,11,8
294392.100544777,3378861.6830180218,-1,0,2709.7095,36.832504,165.32361,-0.0026930023,14.087585,10.091845,1856.765,28016.912,28335.277,82844.68,0.4589808,-0.13458276,3717,1,2,7
265776.8757212705,3341896.558798752,-1,0,1124.3269,38.65695,277.59464,0.0023905367,15.393166,9.213255,1006.17706,1008.9599,43875.72,72297.73,0.28787065,0.038295172,3661,2,11,5
295935.9693301796,3408293.47845866,-1,0,5208.599,39.46724,310.3999,-0.0075025135,16.558678,9.851562,1596.3915,21206.521,23669.68,83958.125,-0.07262041,0.3983461,3717,1,9,7
277216.4358752584,3387036.029952228,-1,0,1652.563,33.065365,313.83087,-0.001095149,12.15415,9.872138,1566.1224,20082.145,20272.525,64921.562,0.45074084,-0.12776773,3661,2,11,7
262989.4268044063,3345777.533660622,-1,0,1352.4691,14.761104,39.2894,-0.0005915852,4.9639015,9.342901,964.90326,1592.6079,45711.492,67628.12,0.30286747,0.025244378,3661,2,11,3
256047.7299040259,3389739.952811452,-1,0,2385.5298,31.180529,33.690063,0.0066816513,11.033347,10.954544,1276.178,12206.183,12586.664,43659.69,0.41120404,-0.069722876,3661,3,2,5
254536.93088142897,3345133.038839005,-1,0,1496.5958,41.255142,291.31793,-0.005319289,17.019766,8.209447,1004.0965,6936.721,54148.12,62038.38,0.35011864,-0.024955302,3661,3,11,7
268560.9172636788,3356206.283878588,-1,0,1750.9414,23.320118,293.1986,-0.0016044735,8.720735,9.377391,1189.0232,9964.643,39452.508,65898.11,0.45493138,-0.122291155,3661,2,7,6
277289.2390231569,3369470.482450581,-1,0,969.701,32.55525,202.10947,0.0027782004,11.391925,10.878447,1586.2025,20567.96,34359.7,68262.2,0.37119716,-0.045633283,3661,7,2,7
240751.9410903124,3374193.0783883925,-1,0,1544.4303,26.181545,48.012787,-0.0034446444,8.221983,8.500995,1182.0629,8712.944,30832.273,32795.586,0.45895553,-0.13694862,3661,2,11,7
285672.8273547036,3374321.265603942,-1,0,2477.639,38.13365,58.570435,-0.0021198425,14.231912,10.254696,1815.4824,27586.969,30168.096,75079.66,0.33532146,0.008458797,3661,1,2,7
256258.6080747792,3356986.021649678,-1,0,1219.9362,13.040693,26.565063,-0.00032357633,4.101426,9.851562,1072.1367,2144.015,45325.1,55299.566,0.38984612,-0.05519987,3661,2,11,5
248906.7056494481,3344099.934276037,-1,0,1097.0359,34.532967,138.81409,-0.00056455564,14.455036,9.205327,1096.3668,9803.739,58514.086,59167.676,0.45863917,-0.100328736,3661,3,2,6
281244.912391432,3362896.021465608,-1,0,1714.0146,36.820576,339.44397,-0.00045523094,13.7075815,10.175633,1560.2896,15845.233,28156.922,74239.445,0.37254542,-0.028490627,3661,3,2,6
304089.89648831903,3377329.550186516,-1,0,2211.1877,9.506006,276.3402,-1.2282563e-05,3.245039,9.497069,1919.1526,23657.967,23640.855,92653.9,0.3696826,-0.03241377,3717,1,11,7
287289.60401972965,3398306.6606972795,-1,0,3235.3142,28.483027,354.47247,0.006580552,10.3690405,11.1380205,1565.853,18304.473,18366.98,75279.7,0.39020884,-0.05690111,3717,2,2,5
294893.45241381763,3375333.855081769,-1,0,2487.2688,16.07619,7.594635,-0.0040961006,5.6938233,11.658861,1880.9448,24631.64,25027.707,83912.2,0.43428913,-0.09194939,3717,1,2,7
255332.28112540295,3354379.3094641515,-1,0,1315.3232,21.773571,55.61966,0.0069122515,7.761667,9.404697,1057.5302,3320.9639,47910.656,56214.605,0.39773226,-0.068233274,3661,2,11,6
256016.57092791743,3366739.3850690736,-1,0,739.4223,14.048295,18.434937,-0.006165857,5.001201,7.533972,1192.9596,671.78864,35562.164,49748.07,-0.01939419,0.38366458,3661,2,1,7
224905.3691307988,3389567.119741491,-1,0,2253.6714,25.73363,92.29059,0.0074426136,8.925663,10.349394,1482.2592,15731.806,28810.5,12557.396,0.28678995,0.060745746,3661,2,2,3
261277.38125976812,3350136.301247925,-1,0,971.589,30.29647,296.56506,0.0041627055,10.322867,9.227528,939.52466,1214.331,46838.496,63497.523,0.4407001,-0.114598334,3661,2,2,5
296440.1054221365,3410279.328780396,-1,0,5227.056,20.178764,12.528809,-0.0027198694,7.032777,10.030565,1597.766,20895.266,23894.807,84540.92,-0.062269233,0.38764724,3717,1,9,7
284294.2878320046,3388117.75984567,-1,0,2372.9546,42.94277,186.98108,0.0012762819,17.120586,10.8861065,1675.6654,23064.164,23329.236,71944.85,0.46051225,-0.1278602,3717,2,2,6
243294.87429868785,3361768.8287216574,-1,0,1604.7095,34.567253,0.0,0.0027582496,12.758532,9.608951,1266.0487,13244.248,42153.39,42301.797,0.4057002,-0.0695945,3661,3,2,7
270630.54937537655,3377840.488475444,-1,0,1554.4037,36.622086,191.72511,0.00030554927,13.836942,9.592894,1552.082,17671.248,26257.58,59634.3,0.44155115,-0.10597772,3661,3,2,6
226201.9604938512,3384684.301096885,-1,0,2183.5981,30.001095,248.55228,0.00043566027,11.632893,8.738565,1435.5154,14722.805,30464.885,15049.136,0.43979427,-0.10464457,3661,2,11,7
264688.4539308868,3338798.26625403,-1,0,1743.9951,54.471413,351.6561,0.0021684638,25.87039,11.446301,993.10254,3551.0562,45855.484,73645.8,0.4418117,-0.111448556,3661,3,2,3
274211.16614815115,3351668.287815537,-1,0,1153.1654,20.70241,352.5686,-0.003659746,7.4556823,9.469389,1231.4846,5857.6445,33818.984,73088.52,0.36640936,-0.032896813,3661,2,11,6
252473.6384223773,3366290.160214856,-1,0,1232.7438,28.499748,346.50427,-0.007315016,10.111612,8.936048,1201.8036,3368.828,36092.332,46907.39,0.39000857,-0.046483394,3661,2,11,6
261622.996804888,3371899.1706269262,-1,0,1778.4155,18.466137,82.87497,-0.02955229,6.469598,5.9306993,1302.0391,6945.3657,31084.69,52683.305,0.51531357,-0.19432032,3661,3,2,9
246793.7445493943,3341553.6807917957,-1,0,788.3973,38.070793,228.69139,0.0006612611,13.817816,9.129323,1085.5538,6587.754,61299.062,59959.586,0.34910765,-0.020217003,3661,3,11,6
257800.29047267104,3374377.70663653,-1,0,1389.0121,29.842257,123.1785,-0.00036900875,10.444611,10.2961855,1293.1449,5415.0254,28042.227,48240.094,0.26694793,0.052557357,3661,3,11,6
297302.3528175083,3357448.982340421,-1,0,1684.6182,30.876968,331.2602,-0.014941301,11.714203,8.539689,1776.1152,8336.624,11201.045,91173.52,0.4088703,-0.081891246,3661,3,11,9
255523.253430022,3369732.36773195,-1,0,870.6578,24.370363,316.54816,-0.0019708304,8.650417,10.086458,1227.2449,1218.2365,32562.973,47940.19,0.4139989,-0.077550575,3661,2,2,7
303926.16862451093,3408853.6534683923,-1,0,3783.5686,38.20252,349.2157,0.004957567,14.507744,11.766313,1691.124,28381.926,31512.469,91961.92,0.14145112,0.17812923,3717,1,11,5
247617.9900488676,3373480.11632696,-1,0,1193.5958,35.858116,149.03625,0.0010544097,12.9524765,10.788572,1223.5623,3442.4556,29755.164,39186.742,0.5136304,-0.19482268,3661,2,11,6
233214.04660465056,3374766.9534240584,-1,0,1468.8248,28.084576,38.65979,0.0050139516,9.89864,10.4915,1221.9138,13950.089,33429.695,26190.922,0.35178328,-0.028925197,3661,2,11,5
264558.57615083666,3331258.0687393653,-1,0,1306.5349,32.82835,246.37064,-0.0073907543,11.996925,8.288707,990.80194,2431.008,48987.33,79050.77,0.3192448,0.011906785,3661,3,11,7
235459.11817121276,3377734.9670009515,-1,0,1748.5253,31.3488,348.69006,-0.0053695156,11.335515,9.798396,1128.6948,10437.403,29747.965,26437.635,0.3629997,-0.047430877,3661,2,11,5
296521.2267127369,3406269.265391437,-1,0,4465.6772,39.77413,30.529694,-0.0007445042,14.82449,9.882001,1608.4731,22647.57,24520.637,84511.55,0.13239379,0.18908252,3717,1,9,7
288636.2820601715,3381715.4299686304,-1,0,1974.627,34.86672,302.00537,6.070195e-05,12.900076,10.0585165,1791.3539,30794.055,31051.973,76763.53,0.35832265,-0.03220517,3717,1,11,6
256086.8853868503,3365641.9574351595,-1,0,825.76855,37.702312,10.175507,-0.0007749838,14.002408,9.379255,1179.7418,960.2604,36663.64,50346.96,0.46726906,-0.12202623,3661,2,11,6
221928.54917096984,3376966.969257375,-1,0,1316.8862,41.458626,71.2001,0.004450258,16.527552,10.8547325,1504.802,10395.658,38762.457,16680.438,0.534242,-0.21716508,3661,4,2,6
290439.5571867572,3394201.069573201,-1,0,3382.7554,32.13296,273.36646,0.0028491248,12.1392145,10.443228,1651.6135,23188.025,23314.875,78120.25,0.35652977,-0.022447484,3717,2,2,6
251123.98029149647,3369947.3709141007,-1,0,1431.5306,26.297,155.37646,0.009295511,8.866184,10.771967,1225.6895,2423.9224,32577.914,43919.438,0.30149126,0.021851044,3661,2,11,3
218253.37078823528,3380889.6830708464,-1,0,1656.6854,37.066948,203.55228,-0.0043882383,14.199045,9.652706,1580.8457,6158.7334,39095.285,11392.651,0.25495377,0.048217352,3661,2,11,6
282445.0608011999,3354428.1272968706,-1,0,1417.4396,28.8665,97.8533,-0.01478412,10.439407,8.800876,1446.4292,7785.551,25513.969,78864.54,0.45242792,-0.110729635,3661,3,2,7
220304.7074037725,3385305.1162513145,-1,0,1664.381,22.74751,149.9314,-0.005347587,8.044908,9.776202,1525.2668,9538.773,34942.273,9554.982,0.48622608,-0.15341942,3661,2,2,6
299099.30955569085,3411629.8547714576,-1,0,5045.889,12.044342,90.0,-0.006811678,3.8777387,9.238477,1624.6472,22908.867,26399.912,87277.62,-0.031352233,0.35773763,3717,1,9,6
247322.9641409525,3367361.178491404,-1,0,1915.5315,15.383664,156.80139,-0.012678905,5.2476044,7.887803,1223.692,6897.7173,35775.1,41988.03,0.43179098,-0.10883409,3661,2,2,9
287972.3694798511,3368890.120617378,-1,0,1691.193,27.716616,277.59464,-0.009003732,10.536307,9.851562,1755.7228,21694.998,24930.074,78652.84,0.4182942,-0.09066634,3661,1,11,7
237558.125311748,3345981.5243925867,-1,0,1321.4335,35.668438,185.04247,-0.0036007739,14.347131,9.925685,1348.3779,11582.354,58822.336,51276.973,0.3895685,-0.04725397,3661,2,2,6
279735.879174674,3358980.64464643,-1,0,1503.1581,28.03169,275.90616,0.004131527,10.586784,10.729711,1465.054,11780.004,28659.527,74419.74,0.4357771,-0.1066558,3661,3,11,6
218541.57821107848,3387804.3419640646,-1,0,1507.4164,19.330254,331.92752,-0.02089012,7.557901,9.851562,1537.2819,9795.764,35258.47,6782.485,0.46700248,-0.1485892,3661,2,11,7
245501.5033928935,3362823.226227969,-1,0,1299.2334,35.278202,53.841797,-0.0073780916,12.353948,7.9108253,1240.0751,10846.7,40608.91,43258.96,0.36947146,-0.01922269,3661,2,2,10
301426.9388132665,3381864.3239757395,-1,0,2797.4443,5.7864285,281.30994,0.01107618,2.4955564,11.961259,1868.1797,28702.127,28615.809,89463.84,0.3150077,0.031630974,3717,1,2,5
272396.5799252707,3349534.348062156,-1,0,1350.017,19.168108,86.98721,-3.332375e-05,6.2011356,10.089774,1158.9486,5750.2173,35837.355,72743.914,0.40111703,-0.06370987,3661,2,11,5
273311.7951361381,3370054.801637887,-1,0,973.44794,28.40318,256.42957,-0.0046378886,9.9856615,8.576514,1513.5966,16789.25,34452.36,64311.883,0.42155978,-0.098911405,3661,3,11,9
244380.4473546428,3337201.82490286,-1,0,753.3678,13.468558,159.44397,0.019164324,5.1470604,10.672671,1016.4292,1726.5283,65747.34,62300.336,0.2746979,0.0513347,3661,4,2,3
270777.1132869894,3378720.3911515325,-1,0,1430.5043,23.815506,37.303955,-0.005089327,8.399875,8.904806,1544.9723,18328.803,25429.363,59588.492,0.439884,-0.106847346,3661,3,2,7
274181.66609206353,3348875.8203130467,-1,0,833.17084,23.818129,41.633545,0.0044756783,7.8327923,9.361262,1185.0461,3872.4282,34154.43,74594.96,0.42475793,-0.10067559,3661,2,11,6
265382.0261594107,3339436.708848967,-1,0,1600.5461,19.367329,75.06857,0.011685489,7.5213685,10.583395,999.43054,2672.5454,44984.625,73698.23,0.48719683,-0.15149038,3661,3,2,3
255270.37228566728,3333095.124123874,-1,0,1072.6125,38.275776,197.19856,-0.0016509944,14.525327,9.745503,971.111,7421.031,56670.758,71784.39,0.33743215,0.0064809755,3661,4,11,6
233946.8014916069,3365442.309457655,-1,0,1687.8665,20.845814,122.90521,0.003662173,7.344142,10.843378,1337.9143,19224.172,41445.996,33173.043,0.5779354,-0.26247346,3661,3,2,9
292043.92676740536,3352721.413623705,-1,0,1294.2853,34.636784,198.92465,-0.00055762904,13.062571,10.563411,1630.3677,5183.7627,15959.815,88224.52,0.46020785,-0.13095815,3661,3,11,5
243144.30481538124,3383065.8710378925,-1,0,845.9497,26.537422,131.0091,-0.012674066,8.792388,8.047782,1265.5449,1144.9017,21666.795,31675.266,0.39199778,-0.069043025,3661,2,11,10
285585.46226001665,3399232.8933044192,-1,0,3710.7854,39.81198,295.9065,0.00096876366,16.319017,11.539691,1533.945,16373.018,16441.312,73690.03,0.24086304,0.067438215,3717,2,11,6
241709.5826654661,3338909.0274030115,-1,0,918.446,27.289751,206.56505,-0.0045880694,10.247451,9.851562,1071.4457,3536.0007,64770.727,59473.848,0.5753157,-0.2651532,3661,4,2,6
279443.5189181027,3358245.129741483,-1,0,1257.8237,25.228647,211.3287,0.0071691247,9.039443,7.3162317,1446.9465,11020.998,28826.512,74476.57,0.42483476,-0.09740262,3661,3,2,5
235991.2279226652,3384572.2266806467,-1,0,2048.4263,33.711796,38.157227,-0.0026032696,13.108868,9.828044,1288.1528,7559.0537,23697.041,24373.104,0.42594045,-0.084487244,3661,2,2,7
284044.1508703144,3349014.261879931,-1,0,740.2312,29.435913,129.98688,-0.00786265,10.499509,9.851562,1392.9711,3952.5815,24421.076,82876.086,0.37474743,-0.0207685,3661,2,2,7
239739.21081922037,3369772.4262555726,-1,0,1911.6226,16.962437,111.80139,0.008721209,5.9044867,11.492291,1223.0784,12000.941,35351.383,34407.38,0.3192448,-0.002562156,3661,2,11,6
242719.07297011407,3353367.390241336,-1,0,1602.5259,34.821995,79.82449,-0.0055744536,13.422581,11.015533,1319.9702,15969.822,50452.375,48060.863,0.38572356,-0.039392658,3661,3,2,6
245528.87872190075,3341504.0828204583,-1,0,544.11365,9.57823,4.7636414,-0.028028497,3.8325613,7.5593233,1099.3501,6156.663,61532.47,59281.555,0.3163583,0.02247436,3661,3,2,9
229796.2604003336,3384949.3661020794,-1,0,2053.4446,10.593257,209.74489,0.022766413,4.5292983,11.626907,1385.4237,13518.557,27563.049,18312.95,0.3956603,-0.057322312,3661,2,2,3
250322.50846277265,3372010.6976241893,-1,0,1053.0731,38.544827,117.8241,-0.003820592,14.430759,9.851562,1232.8145,2356.8198,30647.207,42267.094,0.5261998,-0.19808404,3661,2,2,7
254101.497567945,3347589.2193326056,-1,0,1529.5857,22.676168,106.92749,-0.013400617,8.430778,9.851562,1023.1955,5608.8594,54227.805,59956.227,0.31517744,0.046095088,3661,3,2,9
224806.0887391331,3362890.689489191,-1,0,1012.24805,38.281055,10.539185,-0.0009340728,14.608493,8.802935,1597.7554,21632.996,47945.24,30416.787,0.4887782,-0.16260554,3661,4,2,6
270932.3525441883,3361660.8721621004,-1,0,1530.8225,27.682507,230.7106,0.0039393944,9.26443,10.655997,1327.2062,13234.701,37808.24,65329.41,0.4209104,-0.0831468,3661,3,2,5
271676.61523988,3385113.272226288,-1,0,1756.9736,55.136726,333.43494,-0.0019055486,26.097353,8.882626,1489.7634,19451.172,19541.857,59539.24,0.29898265,0.021887066,3661,6,11,7
212439.1013168785,3384819.2570003974,-1,0,757.89355,11.01867,147.9946,-0.015082082,4.264444,9.851562,1651.0702,4417.2505,42055.98,5840.1367,0.52160597,-0.1986082,3661,2,1,10
298867.4239233078,3405410.0550469416,-1,0,3997.0623,45.529057,188.58363,0.00095377245,18.851175,9.564882,1640.8522,25114.715,26976.887,86850.664,0.14218864,0.16795118,3717,1,11,5
300585.0153746626,3382852.7435480137,-1,0,2423.1404,37.39094,171.02734,0.006450418,14.237865,10.145041,1854.3,29847.941,29779.9,88535.15,0.4081796,-0.06838843,3717,1,2,5
232863.04625124345,3384782.7943218336,-1,0,2289.5269,51.084316,39.897827,0.000510141,22.517067,10.866118,1338.2904,10563.433,25519.861,21297.775,0.33940065,0.0070567285,3661,2,2,7
269181.85285475873,3385199.1914143832,-1,0,2128.6206,21.897577,105.94537,-0.0047246926,7.1317163,11.026833,1443.4784,18615.598,18758.049,57051.87,0.40146673,-0.05827026,3661,3,2,7
226534.36111896893,3391620.105031725,-1,0,2011.1498,27.796867,145.71313,-0.0026108648,9.7534485,9.988234,1487.8599,16115.25,26404.766,14172.551,0.34977937,-0.030189097,3661,2,11,9
243688.9910704556,3353926.3901108275,-1,0,1660.5581,31.100101,280.43747,0.008761396,11.518436,9.960908,1296.281,14979.736,49688.367,48258.594,0.29214975,0.0295281,3661,3,11,5
297442.13080160675,3413880.6903015734,-1,0,5237.0063,44.183895,276.58194,0.00022270191,17.631302,11.388299,1600.1427,20714.324,24682.207,85815.03,0.010925678,0.29903552,3717,8,9,6
280330.1819871664,3350567.053159338,-1,0,682.75165,18.8776,219.09387,-0.007354048,6.435903,8.53793,1339.454,3529.6602,27839.629,78877.71,0.38234514,-0.049358543,3661,2,11,9
237038.25886487827,3363177.243822522,-1,0,1855.549,33.233936,289.98312,-0.0003637729,12.332252,10.939849,1315.4752,18004.027,42453.58,36909.08,0.4448427,-0.109348655,3661,4,2,6
242458.18713450505,3363082.507877166,-1,0,1897.9078,19.672718,125.21759,-0.01552463,6.5735903,9.523614,1266.8215,13202.675,41051.1,40795.344,0.45190853,-0.11881242,3661,3,2,9
257919.8996653609,3376841.986072579,-1,0,1504.9385,28.36088,201.80142,0.00040296302,10.242619,9.530027,1327.6565,6587.458,25606.863,47571.66,0.26234195,0.06485618,3661,8,11,5
302029.64257686393,3372672.6712419987,-1,0,2383.7397,19.747486,201.25052,0.007370088,6.6138306,9.667986,1909.1886,19619.096,19600.336,91417.59,0.39769435,-0.060709443,3717,1,2,5
245611.80879060287,3352334.488862276,-1,0,1246.2173,37.981853,6.4830627,0.0028828986,14.652982,9.468442,1257.6309,13111.964,50844.027,50722.35,0.4768668,-0.15559,3661,3,11,6
253255.789830134,3357634.3014499824,-1,0,1221.9086,32.26149,297.34988,0.0072501227,11.703099,10.71951,1127.1823,4841.3325,44696.258,52540.656,0.30104855,0.025882026,3661,2,11,5
312151.9124511916,3368641.4447142305,-1,0,1621.1925,16.41916,282.5288,0.0070105563,5.69982,9.476173,1907.4036,14072.277,14030.0,102161.336,0.0,0.33333334,3717,2,2,6
243544.534878274,3375882.243341007,-1,0,1479.3728,37.241146,35.53769,-0.0024132344,13.126445,8.230418,1188.974,5519.248,28390.035,34478.56,0.4376727,-0.09753469,3661,2,2,6
285486.2667670522,3349586.8201169576,-1,0,1319.3312,35.033688,78.69006,0.006852658,13.113681,10.652382,1437.7833,4298.57,22894.824,83838.5,0.48642743,-0.14375213,3661,3,2,6
248705.4206082172,3337770.298757092,-1,0,803.9333,23.510187,208.8108,0.005119509,8.233069,9.320064,1009.6325,5022.4497,61427.406,64154.254,0.37249354,-0.039097685,3661,3,11,3
230872.32807850017,3363477.614069149,-1,0,1503.4285,15.319676,68.962494,-0.0023064646,5.4701643,9.851562,1441.8771,22864.08,44512.754,32867.35,0.4361514,-0.09777245,3661,2,2,6
277813.8590013945,3399096.8291058806,-1,0,3193.7383,23.199791,349.11447,0.001684559,7.518735,10.85045,1423.4889,10513.087,10793.127,65962.19,0.41776,-0.09210121,3717,2,2,6
246378.93063507616,3353036.2480745693,-1,0,1084.8602,41.500427,30.018372,-0.003929617,16.235882,8.716913,1239.6074,12325.859,50018.9,50701.65,0.50594497,-0.1792765,3661,4,2,6
262797.4649876411,3366686.2985384087,-1,0,1470.1599,37.10346,21.037506,-0.0023372944,14.149407,7.459731,1241.0398,5820.9277,36304.633,55813.98,0.5268131,-0.20829445,3661,3,2,7
273815.8103544522,3376985.4173778337,-1,0,1580.8075,24.803312,175.60132,0.0020050004,8.735774,9.298192,1625.4073,19841.98,27926.203,62925.023,0.4833693,-0.1473401,3661,1,2,5
299115.7906133148,3357471.7848541318,-1,0,1901.6874,15.290398,339.44397,-0.0038007072,5.4388795,9.166459,1809.6565,7563.8745,9503.983,92854.375,0.42983466,-0.08824651,3661,3,2,5
259056.25996817724,3345381.606710436,-1,0,1385.9213,25.014193,73.495636,-0.004513495,9.165002,10.490842,914.9848,3960.5684,49650.477,65018.72,0.50712836,-0.1782831,3661,2,2,7
281949.85012956656,3370673.3283050624,-1,0,1356.3746,20.95612,219.80559,-0.00012909496,6.7809963,9.343681,1702.225,23644.814,30904.307,72365.76,0.27920294,0.04423239,3661,1,11,7
301785.8771713606,3357906.309682788,-1,0,1286.4612,28.275667,17.241455,-0.004302281,10.856881,8.66149,1860.0762,6206.489,7309.9453,95203.94,0.4507235,-0.116518155,3661,3,2,7
223058.0058798606,3375438.826793006,-1,0,1535.685,42.619434,217.5686,0.002025923,16.18602,9.602578,1491.4105,12016.011,39042.14,18581.818,0.32639283,-0.009006248,3661,4,11,5
269876.9362992629,3354884.293239804,-1,0,1683.477,26.295528,204.44397,-0.009837579,9.932345,9.851562,1194.4744,9811.473,38090.633,67706.414,0.5820892,-0.2737889,3661,2,2,9
240878.7398264754,3342761.7915342045,-1,0,1371.7103,42.08966,222.51045,0.0035360781,15.358752,10.171456,1188.793,7473.9883,61195.53,55727.195,0.47259828,-0.13852039,3661,2,11,3
290537.8998772888,3384357.036496376,-1,0,2089.926,26.357597,316.63657,-0.002092777,9.099502,9.1138115,1771.1241,29968.4,30252.617,78393.555,0.38159588,-0.04044373,3717,1,2,5
276649.156572356,3392090.6708945357,-1,0,2602.3362,42.503128,176.42365,0.012422337,17.375156,11.31157,1492.9697,15476.86,15592.466,64265.914,0.405517,-0.07227087,3661,2,2,6
247029.73725499064,3363388.8920565657,-1,0,1790.2714,27.967505,217.69424,0.0021091157,10.16101,10.873205,1226.0164,9311.74,39720.156,44078.223,0.39240098,-0.063622095,3661,2,11,7
258390.3133684104,3365320.4572588466,-1,0,663.6852,20.617907,174.28943,-0.0068278615,6.9928784,8.289357,1164.1598,1267.5172,37117.883,52517.766,-0.012614204,0.37650368,3661,2,1,10
306835.0296887659,3368789.6265429542,-1,0,1908.9702,24.707008,51.70984,-0.0025447183,8.494167,9.468263,1944.3832,14703.279,14808.946,96939.21,0.4995642,-0.16757946,3717,1,2,6
231428.70648880853,3382306.8131967755,-1,0,1861.4263,19.138197,159.44397,0.0006193805,6.934165,9.230181,1316.6595,12517.188,28322.334,20781.324,0.4219868,-0.078426704,3661,2,2,7
294777.6623941745,3380175.922603413,-1,0,3006.9604,34.232964,181.46881,-0.004123313,12.228359,9.9458885,1844.8972,29054.398,29319.422,83045.195,0.43436927,-0.10550489,3717,1,2,6
280294.3927580266,3356491.167569192,-1,0,1193.7428,44.135582,151.18921,-0.0011425064,17.509644,7.9922237,1435.8235,9375.121,27773.652,76013.15,0.4461177,-0.091467,3661,3,2,6
252555.4471203512,3343278.077639603,-1,0,925.79095,13.115572,208.30077,-0.019540159,4.838196,9.851562,1028.7246,9643.506,56423.844,62110.305,0.44005212,-0.10976489,3661,3,2,10
296979.563496061,3388842.913044644,-1,0,3215.1482,19.310467,356.9872,0.0040910663,6.4261327,11.726717,1771.2594,31628.957,31767.043,84599.58,0.320007,-0.0018369897,3717,2,2,3
275124.1299148019,3395599.94405702,-1,0,2418.6777,14.591684,341.56506,-0.014240306,4.88825,10.759155,1425.4099,11709.723,11828.901,62924.215,0.35103986,-0.0139601845,3661,2,11,9
288855.0016632213,3380242.526008161,-1,0,1620.4347,29.212997,88.21008,0.00087679026,10.107851,10.30977,1811.0228,31927.535,32359.959,77166.75,0.34652844,-0.016527837,3717,2,5,6
283477.2073487828,3371100.475202155,-1,0,1834.9921,24.563545,297.64597,-0.0047052405,8.577018,11.417756,1740.9165,24299.541,29872.477,73722.18,0.4080939,-0.07140651,3661,1,11,7
235603.7054998068,3371528.3028815086,-1,0,1701.0483,15.471046,163.61047,-0.004550122,6.789389,10.043142,1204.9735,14294.338,35210.09,30077.582,0.4393832,-0.1194434,3661,2,11,6
272134.47192370123,3396091.0829546843,-1,0,2744.037,21.71425,252.47443,-0.007997522,7.02774,10.111852,1372.6484,9695.824,9900.975,59986.27,0.37593105,-0.042455696,3661,2,11,7
237293.803618865,3341329.238581602,-1,0,652.8316,18.426874,338.74948,0.011937376,6.5357738,10.081501,1184.9779,7684.8164,63404.53,55258.11,0.42281017,-0.0841637,3671,3,2,3
275930.0184171376,3367113.708486666,-1,0,1363.1527,37.39697,65.897766,0.0013978044,14.171678,10.04724,1519.4585,18878.625,34616.727,67754.44,0.52527946,-0.20114072,3661,3,2,6
239244.31590014376,3367130.2466332978,-1,0,2470.3018,32.410275,227.48956,0.0056731654,12.361037,11.305616,1252.355,13948.466,38017.22,35701.31,0.42291772,-0.08480287,3661,5,2,5
269880.6294094969,3378734.2462040195,-1,0,1731.0668,26.162031,272.2026,0.004958977,9.227873,10.825091,1527.374,17656.457,25234.605,58714.773,0.35639375,-0.035082728,3661,3,11,3
244936.550995617,3376369.193476085,-1,0,1449.0854,19.076391,218.65982,-0.004210863,6.0638714,8.850134,1198.6554,4150.6143,27549.637,35539.496,0.34440696,-0.017587032,3661,2,11,6
297511.26024397166,3377930.5407058047,-1,0,2809.879,24.336447,33.690063,-0.00040705214,8.6343355,11.084504,1881.9995,25960.596,26125.373,86066.64,0.39033952,-0.04576988,3717,1,2,5
270937.117786708,3361558.6207531034,-1,0,1482.2358,30.897774,203.9625,0.0019249601,11.184806,9.746357,1325.5712,13206.559,37788.05,65373.863,0.43725908,-0.10125785,3661,3,2,5
266978.95365338353,3337856.233796636,-1,0,938.30023,32.388294,260.27243,-0.00084801577,11.407631,8.620314,1009.2133,1676.9318,44040.18,75946.51,0.37617716,-0.046901386,3661,3,11,7
244025.97989850657,3355968.904395125,-1,0,1300.507,35.662987,54.293304,0.0016294004,12.877402,9.255877,1281.3605,14013.954,47615.156,46945.215,0.5012359,-0.16885072,3661,3,2,5
243079.2578636553,3337456.159034466,-1,0,714.7931,28.951008,345.96375,-0.0023541423,9.822724,7.9596715,1026.7316,1930.0,65937.44,61421.22,0.45084044,-0.115992785,3661,4,2,5
300026.9762085524,3401184.880643513,-1,0,3905.7615,30.144781,101.30994,-0.0073353583,11.021185,9.851562,1685.0739,28306.355,29014.965,88128.58,0.30229685,-0.023743877,3717,1,11,6
265508.9268976161,3368731.8165631667,-1,0,2013.4929,10.504917,20.55603,0.028461685,4.0568004,11.137468,1330.5308,8894.543,34407.652,57459.527,0.44937634,-0.11665427,3661,3,2,3
307335.21605744434,3364229.5582758235,-1,0,1293.0618,23.923615,19.179016,0.0044408846,8.409787,9.122508,1953.3093,10166.071,10222.94,98550.234,0.0,0.33333334,3717,2,2,5
276568.3388467035,3376776.4706900325,-1,0,2154.9385,13.363461,141.34018,-0.005605316,4.450835,8.32481,1682.9125,22159.84,29089.66,65653.97,0.48882392,-0.16391417,3661,2,2,7
296527.0810446902,3408211.424376674,-1,0,5045.882,52.880486,273.22452,-0.0012449641,24.297426,10.038629,1603.7812,21775.969,24264.543,84545.51,0.06988859,0.24890281,3717,1,9,6
298210.65684531577,3369035.1271325964,-1,0,1625.3278,22.97804,251.56506,0.0056460467,8.902575,10.759275,1860.1832,17510.469,17926.799,88503.836,0.37030962,-0.0232359,3717,1,2,7
267813.38892287755,3351516.679210609,-1,0,1478.5083,12.198151,9.462311,0.0034577555,4.0124073,9.361344,1097.0636,5884.0127,40215.31,67847.74,0.35206044,-0.019457133,3661,2,7,3
289993.9946238157,3393697.080652608,-1,0,3474.4893,18.938702,37.568604,0.0071979603,6.511354,11.173391,1653.3278,23128.064,23278.115,77659.52,0.21491481,0.11860023,3717,2,11,6
274466.8361043066,3386239.534473866,-1,0,1428.2788,28.978712,203.9625,0.0005843741,10.417635,9.984946,1526.8987,19440.723,19653.691,62227.17,0.45265985,-0.13380243,3661,1,2,9
241565.04208851355,3346307.789481259,-1,0,1248.5304,19.829672,149.53442,0.007341557,6.921334,10.816022,1279.4257,10887.811,57582.465,53083.062,0.42839065,-0.09608445,3661,2,11,5
277044.3846063063,3368793.781320443,-1,0,1326.0659,28.754461,59.036255,0.003524518,9.750735,9.919677,1570.1091,20226.285,34274.836,68248.95,0.49155626,-0.15299514,3661,3,2,5
253095.5579002805,3342852.759315211,-1,0,1002.0892,32.0627,280.61966,0.009444463,11.5629,10.583601,1017.7257,9567.157,55977.64,62787.625,0.46173614,-0.13330126,3661,3,11,5
275154.0017469588,3378225.229174252,-1,0,1603.9958,42.6468,130.60129,-0.001702736,15.949908,10.035833,1637.0393,21625.988,27219.23,63981.02,0.4810726,-0.1538456,3661,1,2,6
286764.808950736,3355797.157968508,-1,0,1884.5857,28.387575,313.5312,-0.0024951138,9.745838,8.856739,1556.2953,9887.896,21268.016,82134.75,0.43656433,-0.10127277,3661,3,11,6
303478.6205133132,3410444.93140093,-1,0,3922.0752,30.85692,23.962494,-1.4660227e-05,12.193338,11.840868,1679.0126,27443.69,30867.072,91579.66,-0.0008252742,0.32619458,3717,1,8,6
240549.59331348923,3359924.1989357024,-1,0,1546.7222,19.876932,9.462311,-0.014017819,6.006186,10.161901,1312.1956,16557.176,44574.195,41681.773,0.43426368,-0.104644515,3661,4,2,9
237527.32459013537,3383919.0482480903,-1,0,2171.0105,38.473427,339.9048,0.0028681338,15.173447,11.347944,1270.5441,6212.1333,23370.232,26018.156,0.3848026,-0.053295776,3661,2,11,5
293971.9693921573,3393011.0707577574,-1,0,2468.6292,38.12546,355.9144,-0.0050866813,14.023991,9.851562,1700.3667,26785.342,26877.51,81613.836,0.41830036,-0.09098392,3717,2,11,7
300098.3325939736,3370718.294740009,-1,0,1782.4685,26.541939,43.53119,0.011066203,8.910628,10.830648,1886.4578,18302.924,18492.898,89938.28,0.42933795,-0.09843296,3717,1,2,5
268129.98966550635,3397958.1516821603,-1,0,2826.7378,34.15394,156.3706,-0.00056035526,13.399616,10.681135,1290.1278,6146.6167,6328.918,56206.074,0.54748285,-0.22581066,3661,3,2,6
285524.37252332096,3352743.061236875,-1,0,996.6731,11.539818,192.09477,-0.03283388,5.2664356,9.851562,1485.6449,7397.432,22464.25,82376.72,0.30807987,0.02582104,3661,3,11,10
289504.6865331653,3391122.0472705183,-1,0,3414.0469,18.553663,162.47443,0.004733618,6.9329267,10.3953495,1680.5082,24403.492,24607.324,77111.375,0.26433817,0.04364011,3717,2,11,6
261609.4812787914,3331906.062331697,-1,0,985.4088,49.392143,140.1944,-0.001821032,22.560333,9.036822,991.215,3004.33,51340.516,76644.38,0.32662752,0.0067542633,3661,3,11,7
256741.29710011443,3343817.807864121,-1,0,1703.0664,32.44709,198.97041,0.0007462283,11.928473,11.319098,962.41486,6540.0,52208.14,64505.1,0.41148552,-0.058126125,3661,3,11,6
238700.57868906055,3366602.1929773167,-1,0,2296.3965,27.928276,128.04706,0.0009380246,9.857898,9.256675,1260.6038,14699.559,38684.457,35652.484,0.49607652,-0.18020703,3661,4,2,7
300569.2087326807,3363938.665557084,-1,0,1036.0468,27.014822,4.236389,-0.0015627082,9.910809,8.398938,1862.1912,11913.056,12402.166,92129.84,0.45246866,-0.116311096,3661,1,2,7
294558.62028095045,3404394.241688492,-1,0,4806.945,16.493793,210.96376,0.025082318,6.0539904,12.422162,1586.9857,21984.812,22987.17,82551.2,0.05445816,0.27179864,3717,1,9,3
278065.4287107098,3384936.935427714,-1,0,2182.6638,21.113499,136.73569,-0.00029554864,6.993221,9.445408,1607.9529,22317.586,22521.678,65918.64,0.5054796,-0.18653934,3661,2,2,6
281736.3085019243,3358164.041210771,-1,0,1212.5393,17.994656,323.74615,-0.0049895784,6.63701,7.814381,1492.9059,11246.555,26551.098,76578.625,0.45126432,-0.1332269,3661,3,11,7
270785.40270149225,3387192.3549219035,-1,0,1715.1755,6.0966287,270.0,-0.031022599,2.4435499,9.851562,1450.354,17197.379,17283.938,58493.016,0.20753658,0.12429389,3661,6,11,9
238450.31844946157,3359560.7524925694,-1,0,1522.111,33.309673,220.42609,-0.0015697848,11.085458,9.538421,1344.5721,18475.59,45484.47,40575.035,0.41158307,-0.0753926,3661,3,11,7
275099.58146506,3368657.279483547,-1,0,871.883,6.060978,90.0,0.005936537,2.0570283,8.598914,1527.6638,18278.744,35990.027,66447.65,0.13902424,0.19463648,3661,3,7,10
309251.3992608918,3407832.1218644474,-1,0,5462.5483,47.70302,345.96375,0.0013048613,19.715168,11.76157,1750.6699,33748.14,36935.598,97262.03,0.032983243,0.2880714,3717,8,9,7
241726.96088510263,3352534.724882984,-1,0,1948.7175,40.7363,56.6593,0.00085493206,15.389942,10.751846,1347.5352,16991.316,51514.527,48105.57,0.410577,-0.063053384,3661,3,2,5
284178.2924617665,3399211.362898408,-1,0,3720.651,36.257206,258.11136,-0.004270781,13.858325,9.766033,1516.7849,15190.478,15300.082,72287.414,0.15169288,0.15697917,3717,2,11,6
302888.05489794246,3379816.593283769,-1,0,2799.012,28.186377,32.00537,-0.0020744407,9.933469,10.544531,1893.5746,26378.727,26309.012,91136.96,0.31922558,0.02768719,3717,1,2,6
275037.7626832945,3388509.983899829,-1,0,2077.207,18.686552,139.0856,-0.001411907,6.116149,8.978743,1509.5938,17712.2,18002.805,62676.883,0.40181467,-0.059598546,3661,2,2,7
234965.34566248237,3370839.055722595,-1,0,1828.2533,39.288868,311.18594,-0.0013428554,14.035176,9.859157,1232.1903,15232.071,36106.715,30037.266,0.3596814,-0.03612929,3661,2,2,6
253554.0392245471,3333508.2336245426,-1,0,495.06137,40.318497,176.49646,-0.0066454164,15.542363,6.6898265,966.5365,9029.979,58123.844,70429.17,0.45799577,-0.1236632,3661,4,2,7
250707.38803605232,3344629.1461554463,-1,0,1775.3479,23.41554,338.19858,0.003368342,8.759514,10.421922,1071.7212,10090.317,57823.85,59886.7,0.29234737,0.057486273,3661,3,11,7
222910.98531655243,3392931.089759506,-1,0,1996.7191,19.340736,10.007965,0.0025661474,7.0144205,11.088549,1501.4536,16534.521,29165.516,10762.123,0.48361057,-0.15404186,3661,2,2,7
293517.5195452579,3390567.731129516,-1,0,2835.0593,21.35069,32.275635,-0.0031913784,7.222184,10.550421,1723.0278,27825.574,27984.29,81120.05,0.4043035,-0.06802941,3717,6,2,5
245120.53623902512,3347040.333377816,-1,0,1192.8912,21.519457,341.56506,0.011335865,7.7219963,10.562656,1222.224,11594.21,56135.258,54534.0,0.3090607,0.02404759,3661,4,7,5
225808.7981376767,3381257.462051825,-1,0,1998.695,35.30922,37.476166,-0.0072294194,18.585007,8.590447,1416.1283,13716.362,32997.77,16376.449,0.36637193,-0.030582704,3661,2,11,7
266624.0548786269,3355330.597179246,-1,0,1267.3676,21.070528,153.43494,-0.0016815275,7.260614,8.913831,1134.7776,7988.116,41352.04,64723.273,0.38582808,-0.04939173,3661,2,11,6
306700.85754683206,3406683.556249575,-1,0,4787.866,9.922268,95.19443,-0.010290511,3.435714,9.094478,1735.4359,31758.117,34547.418,94694.47,-0.04868136,0.3732027,3717,1,9,7
285158.2063375725,3396422.5052856985,-1,0,3317.5732,33.4808,297.29956,-0.006718304,12.29944,9.424005,1567.9653,17641.34,17829.396,72987.64,0.25749213,0.07393665,3717,2,11,6
301943.0521313681,3385716.734190001,-1,0,3041.8171,42.73783,175.51538,0.0045405296,16.331938,10.686988,1839.3088,32316.104,32279.338,89686.16,0.31805226,0.02958557,3717,1,2,5
291104.58113608806,3364378.1289195064,-1,0,2324.8496,23.178589,235.00798,0.010789439,7.8676343,11.151797,1737.2626,16437.082,19801.072,82981.336,0.3087645,0.013753808,3661,1,11,5
276000.3627631428,3376101.8021205124,-1,0,2259.3948,20.70868,115.34616,0.00214302,7.155575,10.566374,1668.2283,21354.742,29503.281,65255.082,0.47418442,-0.13927792,3661,2,2,5
266695.3786516231,3354661.636086325,-1,0,1129.5074,28.0864,294.77515,0.0010540786,10.222347,9.414752,1125.2749,7898.6577,41265.605,65149.75,0.31105334,0.020344434,3661,2,11,6
230595.574428682,3358293.0620158003,-1,0,1263.696,45.105595,168.11133,0.0009829921,18.184916,10.294226,1520.623,25696.895,49339.145,37135.656,0.46633714,-0.13513817,3661,3,2,6
270961.43065729924,3353552.9248300106,-1,0,1647.8031,34.271507,283.67133,-0.0018591336,12.909368,9.221255,1195.2125,9371.109,36992.5,69336.836,0.5273077,-0.20877297,3661,2,2,6
218972.70914254533,3385478.1399423294,-1,0,1503.6023,22.819286,95.71057,0.0028688943,8.210026,10.010649,1543.9778,8530.211,35989.387,8374.294,0.4217145,-0.10232401,3661,2,11,5
235846.52684701688,3344168.7827562992,-1,0,991.6675,33.22951,205.11484,0.00064240396,12.104237,9.340769,1310.5322,10832.736,61001.688,52069.4,0.4260739,-0.087110005,3671,2,2,6
282079.5147548424,3389348.001645917,-1,0,2092.5073,32.650963,285.9454,-0.010079439,11.909843,9.33283,1620.2012,20758.559,21004.348,69692.31,0.37940988,-0.040462647,3717,2,2,7
284927.6579354343,3398511.264351801,-1,0,3843.884,26.524378,303.11133,0.004388422,9.65367,11.051595,1536.3623,16203.459,16320.109,72953.57,0.18480617,0.10926373,3717,2,11,3
269705.05840940727,3348793.0770935146,-1,0,1095.3126,21.13203,247.16635,0.00087181875,7.0547285,10.221577,1092.7867,5531.555,38600.5,70975.58,0.4585098,-0.12507854,3661,2,2,7
302591.96289933246,3414931.596640378,-1,0,5206.603,32.97603,180.0,-0.0043258313,12.059042,10.321834,1651.0287,25580.467,29861.904,91042.984,-0.09380774,0.41908732,3717,8,9,7
216197.98030757043,3377934.2175033977,-1,0,1135.9032,34.261654,355.36453,-0.0026380564,12.363492,8.615727,1654.1364,4774.5996,42510.92,13285.063,0.3440776,-0.017474063,3661,4,11,6
222449.6865652624,3377383.917606057,-1,0,1263.3197,39.254333,37.349335,0.0018547022,14.698573,10.10269,1485.5991,10765.213,38103.1,16654.156,0.45864797,-0.13436228,3661,3,11,6
238596.64971110667,3376008.1399807134,-1,0,2140.3552,27.480003,29.24884,-0.0016371765,9.991595,9.938414,1147.1448,9067.001,29898.578,30017.703,0.45859438,-0.12940025,3661,2,2,5
275201.31597391696,3365662.4684794536,-1,0,1244.027,30.777939,29.538788,-0.011365811,10.698731,8.678306,1480.8491,18045.592,34770.46,67602.484,0.50765216,-0.18442072,3661,3,2,7
309191.73370573425,3368496.001581728,-1,0,1431.0742,37.532883,63.434937,-0.00311753,14.746458,9.930566,1940.9921,13996.229,14159.6045,99306.336,0.0,0.33333334,3717,2,2,7
284007.9796682126,3390091.622315062,-1,0,2534.584,26.777641,150.25513,0.010886268,9.339925,11.583124,1642.7671,21349.568,21632.867,71612.27,0.42379,-0.09633637,3717,2,2,3
272798.14002225973,3372115.792918023,-1,0,907.51294,6.792829,26.565063,-0.0014127006,2.2457354,9.851562,1536.5325,16849.19,32327.773,63184.355,0.32133666,0.009732031,3661,6,11,10
248704.0280454635,3347222.6910789567,-1,0,1227.4127,14.894317,164.74487,0.025478514,6.070156,11.160786,1145.4117,10675.879,55434.89,56616.688,0.432277,-0.091925524,3661,3,2,3
266202.2172513794,3361213.329735108,-1,0,1350.6256,20.044329,93.81409,0.01206679,6.960363,11.24644,1222.1692,8564.45,41960.137,61341.816,0.4242787,-0.08456105,3661,2,2,3
238335.3104105692,3350453.758267309,-1,0,1283.2621,28.284695,64.23065,-0.0034546352,9.843755,9.585547,1450.1648,15543.5,54296.645,47851.098,0.33487126,0.008059873,3661,5,2,7
277043.6481427918,3380575.705365601,-1,0,1761.681,18.153164,111.80139,0.0008821476,6.421601,11.242527,1644.5612,24479.102,25870.936,65432.64,0.5059886,-0.18905324,3661,2,11,7
287302.34712085593,3392307.2758596204,-1,0,3061.6836,28.90278,277.59464,0.0111226095,10.669425,11.613622,1645.0132,21986.463,22196.406,74928.17,0.47396955,-0.1506889,3717,2,2,5
287577.98042466165,3373191.023173835,-1,0,2406.3328,18.390293,317.29062,0.0067748954,6.373602,10.694438,1811.539,25891.096,28006.58,77183.12,0.37095064,-0.03658503,3661,1,2,6
256032.49519248467,3376759.1559805926,-1,0,1783.1377,29.922558,12.339081,-0.014053216,10.568506,9.851562,1307.1565,4903.682,25547.668,45800.215,0.48615983,-0.1481627,3661,3,2,6
252508.65817258047,3349076.7529461165,-1,0,1301.1284,25.57344,83.41806,-0.0007610049,8.330392,10.453072,1072.6665,6504.9214,53271.07,57772.906,0.3802837,-0.040842555,3661,2,11,7
278462.2797565334,3400413.643410138,-1,0,3373.8713,21.604385,95.19443,0.008001825,7.1946187,9.773191,1416.4554,10005.863,10220.044,66664.22,0.37949672,-0.06885145,3717,2,11,6
303203.8630091118,3385282.2504054303,-1,0,3317.528,29.043262,195.64226,0.0034099517,10.754146,9.496396,1852.226,31586.812,31628.734,90969.23,0.20252778,0.117262565,3717,2,11,5
300771.9265889217,3415833.216433745,-1,0,5422.236,44.419678,110.55603,0.0014794433,18.353281,11.77879,1629.0015,23657.477,28102.64,89329.41,0.0,0.33333334,3717,8,9,6
288535.97048835736,3388618.690894507,-1,0,3297.9739,36.84171,323.47113,-0.0049676388,13.498509,11.388823,1703.4594,25491.422,25715.14,76167.33,0.4328925,-0.10823378,3717,2,2,7
292213.5521761909,3352296.36829759,-1,0,1156.7161,29.087605,299.98163,0.0003294019,10.41097,9.840255,1629.8502,4721.4404,15830.468,88563.48,0.41413435,-0.07591621,3661,7,11,6
280472.54151595174,3385148.825482717,-1,0,2019.2701,11.471135,111.80139,-0.018591803,4.2159615,9.851562,1648.8875,23380.578,23507.926,68302.61,0.47481507,-0.14007615,3661,2,2,9
238758.2082073597,3353415.0548384497,-1,0,1241.4846,20.759764,85.60129,0.023755187,10.829596,11.088694,1407.6136,18332.943,51324.992,45633.453,0.54948574,-0.23851332,3661,3,2,3
284518.86293050123,3398438.277043489,-1,0,3720.4143,38.473846,154.65381,-0.0056199403,15.241929,10.877815,1532.7023,15906.367,16038.086,72538.42,0.1445013,0.1709587,3717,2,11,6
268270.8957288438,3386192.685840413,-1,0,2222.4575,34.590134,258.99646,-0.0165827,13.622007,9.851562,1416.4304,17431.793,17605.12,56058.5,0.40033746,-0.05940345,3661,3,2,9
240906.7009784148,3339400.725612496,-1,0,1162.955,32.453655,311.49646,-0.0015677604,11.160607,8.289752,1090.5872,4219.692,64462.195,58654.992,0.5092508,-0.18511161,3661,4,11,6
304265.7195485929,3355618.968775952,-1,0,837.46063,42.712467,331.78265,-0.0053635077,16.442781,8.840708,1902.1412,2901.1892,4038.0317,98325.47,0.36878192,-0.03784753,3661,3,11,7
267098.9205571706,3384538.2443725346,-1,0,2175.1316,35.246643,32.47119,0.006849335,13.098853,11.265241,1412.2648,18424.074,19066.318,55041.297,0.3984495,-0.057544686,3661,3,2,6
301179.61462429765,3385691.4120658007,-1,0,2718.6743,27.754776,347.90524,0.0044069123,9.6271,11.508494,1833.8158,32492.654,32405.303,88919.0,0.3976014,-0.060905367,3717,1,2,7
283153.66985097027,3367785.592712383,-1,0,1895.1547,18.004656,90.0,0.004375003,6.029722,10.843852,1679.8885,20969.697,28380.979,74367.14,0.1913764,0.117284365,3661,1,7,6
292607.2535172254,3386628.5243523605,-1,0,2059.8845,25.627174,122.00537,-0.013424556,9.230717,7.8005753,1759.7103,29748.049,29960.115,80311.18,0.4921786,-0.16650103,3717,6,2,10
254286.41007499653,3379820.764034093,-1,0,2069.8943,23.214506,261.8699,0.009573358,8.40362,10.898847,1289.9773,5637.464,22483.188,43269.824,0.18165606,0.12930797,3661,3,11,5
279191.707450974,3395547.598401915,-1,0,2514.6309,39.48734,156.80139,-0.0056944177,15.670572,9.851562,1490.1498,14075.119,14356.357,66978.74,0.3744857,-0.03715239,3717,2,2,6
274994.8955769365,3392423.4016046124,-1,0,2080.7917,43.636135,278.91492,0.0047522928,17.567226,10.89238,1461.6671,14306.453,14468.539,62624.734,0.29659542,0.03738795,3661,2,11,6
269081.6810684191,3342920.390249714,-1,0,1407.0782,28.49625,94.0856,-0.0020979494,9.909717,9.111238,1051.0365,2200.0,40412.875,74113.86,0.39465785,-0.057050444,3661,2,2,6
258048.8489793244,3371706.4550897204,-1,0,2147.303,25.441036,235.71313,0.011660883,8.855513,11.609915,1257.3802,4344.3066,30722.922,49426.97,0.37327543,-0.040272567,3661,3,11,5
253080.8961521382,3360975.317610159,-1,0,1799.0607,35.0991,296.56506,-0.0043180934,12.843241,8.9473,1157.188,4111.703,41366.934,50370.35,0.4573496,-0.12245491,3661,2,2,7
289860.1163566557,3392679.238190384,-1,0,3518.6797,33.167377,249.0755,0.00027436324,11.6092825,11.161243,1664.4998,23647.25,23827.535,77486.336,0.27393967,0.030088607,3717,2,11,6
246389.190709287,3336138.261273929,-1,0,905.046,31.685476,217.5686,-0.0132087795,11.08834,10.742436,990.43805,2249.022,64102.5,64247.574,0.40094632,-0.06369856,3661,4,2,7
285824.3526669285,3370663.382061637,-1,0,1814.5115,18.738306,295.2011,0.008504231,6.302587,11.150901,1760.5021,24086.645,27712.078,76104.96,0.2349657,0.08948588,3661,1,11,6
298595.5570346782,3366762.3780747224,-1,0,1509.0223,21.471224,39.472473,-0.0015169394,6.840431,9.495828,1851.1025,15337.177,15841.023,89451.945,0.5170396,-0.19051969,3717,6,11,6
266551.31273746025,3340573.7393372627,-1,0,1071.4045,36.45693,318.9452,0.0046535386,13.323229,9.198434,1012.5158,1183.3005,43517.676,73772.04,0.38107684,-0.06570483,3661,3,11,5
270623.7533555931,3351193.502366235,-1,0,1366.3794,24.12049,279.46234,-0.00484987,8.1946745,9.013265,1149.6085,7669.4194,37434.117,70346.39,0.43197837,-0.09143138,3661,2,11,7
255989.93299635383,3385642.9299910003,-1,0,2132.258,19.46395,321.34018,-0.0011618513,6.4545565,9.851562,1285.7688,10263.293,16674.307,43878.11,0.3544053,-0.017685195,3661,3,11,7
274714.60814952326,3347031.220864822,-1,0,659.18774,27.265371,39.2894,-0.003819342,9.232765,9.615336,1174.4642,2621.9458,33958.797,76074.695,0.4575994,-0.12207532,3661,2,11,9
297110.2690178213,3372615.031672328,-1,0,1960.0944,22.046364,43.264282,0.0071168216,7.6811743,9.700233,1873.7698,21204.578,21554.176,86621.484,0.52281994,-0.20637082,3717,1,2,5
256359.30098227703,3381919.943228867,-1,0,2385.5366,31.010738,106.18921,0.01163534,11.177526,11.688226,1296.1636,8471.718,20409.553,44820.41,0.42503306,-0.0826064,3661,3,2,3
301885.50496932,3408455.576092908,-1,0,4772.2344,30.616104,350.5377,-0.0012441193,11.460827,10.6834755,1668.2029,26626.98,29563.227,89910.25,0.04466019,0.27355966,3717,1,9,5
235651.4011890769,3356717.1716854167,-1,0,1665.487,21.383297,357.1376,0.009266833,7.6746774,10.575684,1427.3794,21939.418,49024.195,41145.49,0.36299446,-0.03345499,3661,3,2,3
292795.89948946866,3377551.5960852066,-1,0,2516.5098,32.591347,254.0546,0.001132336,12.419903,10.223203,1863.1311,27583.758,28024.463,81461.84,0.42755035,-0.09108384,3717,1,2,6
301333.4588244682,3384524.3012954257,-1,0,2678.9607,25.208971,248.19861,0.00703433,9.730683,10.702873,1844.9889,31323.703,31228.234,89151.69,0.32614592,0.01300464,3717,1,2,6
296779.15095813246,3377291.94245792,-1,0,2702.8555,42.04949,229.63547,-0.0010757616,16.249258,10.396992,1884.6947,25625.98,25852.08,85432.67,0.33792752,0.000760448,3717,1,2,6
292838.8299113864,3365517.2420629538,-1,0,1888.1649,25.292658,87.70938,-0.004428661,8.866857,8.953948,1771.8519,17187.088,19020.672,84277.0,0.5186711,-0.1923558,3661,6,2,7
253893.25082233996,3360857.0730078947,-1,0,1846.3076,8.151481,303.69006,0.021816129,3.4025493,11.569069,1147.1029,3313.6084,41446.234,51090.996,0.44891983,-0.10833824,3661,2,2,2
231113.166934722,3358277.6916917204,-1,0,1492.5851,42.373005,110.170654,-0.0025979728,16.731733,8.817581,1508.6891,25444.69,49141.44,37401.91,0.4071714,-0.05265136,3661,3,2,6
270782.66589029646,3384231.737759947,-1,0,2395.3083,46.13957,103.298584,-0.0042257826,20.054457,10.402897,1483.4109,20009.71,20101.027,58742.973,0.34589761,0.01620133,3661,3,2,5
292850.9554550006,3364153.2782147955,-1,0,2125.9004,30.03065,1.9091492,0.00197241,10.699437,10.392056,1758.6334,15831.668,18205.465,84714.766,0.41199884,-0.07259469,3661,1,2,5
267233.0681223251,3351681.459834468,-1,0,1616.6327,12.625196,335.55603,0.0032564583,4.52402,8.340136,1087.7189,5671.728,40784.906,67281.984,0.4130637,-0.0770949,3661,2,11,3
237903.3256791106,3377776.387536228,-1,0,1719.2917,21.026018,99.86578,-0.012155571,7.1969695,9.851562,1132.3588,8405.885,28587.195,28581.676,0.36844182,-0.022545643,3661,2,11,9
246212.56812994575,3354637.175239251,-1,0,1212.102,30.874775,232.76517,0.00315385,10.875667,9.429213,1242.0106,12412.5625,48463.062,49408.832,0.29573047,0.034967557,3661,4,11,6
242816.0584548805,3372314.7819260177,-1,0,1591.1749,36.014523,94.289154,-0.0059144385,12.974878,8.428711,1206.4849,8038.14,32021.514,35526.03,0.43440166,-0.11001998,3661,2,2,7
219565.6713074849,3383824.077812143,-1,0,1780.8665,37.186623,97.305756,0.01104594,13.909746,11.44782,1541.4515,8193.326,36359.957,9909.314,0.48352623,-0.1560175,3661,2,2,5
230225.18714070384,3380894.91979934,-1,0,1738.4037,29.339056,158.55225,-0.009118158,10.1388,9.374907,1317.6401,14041.898,30181.27,20331.3,0.53652877,-0.21887922,3661,2,2,9
255444.4635951884,3383759.6689039296,-1,0,2430.9114,16.853245,158.74951,0.006646175,5.5357327,11.366959,1289.942,8650.145,18533.496,43599.453,0.43583056,-0.096608326,3661,3,2,3
238143.56723922063,3361132.989216028,-1,0,1901.127,16.273054,237.26479,-0.008666012,6.0529695,9.851562,1330.0819,17905.676,44078.242,39180.14,0.4864839,-0.15492983,3661,3,2,6
243051.3812436589,3370554.3501177635,-1,0,1883.4318,41.536514,66.501434,-0.0022005467,16.176609,9.213645,1218.0403,8849.955,33654.71,36666.71,0.55930597,-0.24196179,3661,2,2,7
267479.716877157,3383830.733572842,-1,0,2304.364,54.706734,17.161926,0.000987209,26.750948,11.449793,1426.6465,18350.727,19817.088,55501.85,0.3408167,-0.0028985383,3661,3,2,5
265664.89166030963,3363626.278379353,-1,0,1101.691,33.72319,262.09283,-0.0030698664,12.337166,8.775808,1250.381,8490.0,39510.91,59739.89,0.42109197,-0.0932284,3661,2,2,5
256707.41435283728,3354266.657715799,-1,0,1222.2721,23.026375,336.50143,0.007694493,8.158157,10.63894,1028.7701,1959.2346,48047.32,57337.664,0.3487439,-0.015359175,3661,2,11,5
239731.53644053647,3375051.4623365486,-1,0,1961.5227,31.598866,320.82635,0.010332205,10.918239,10.561973,1166.8809,8871.24,30361.69,31482.498,0.3532425,-0.029668327,3661,2,11,6
295541.347687182,3390934.301185451,-1,0,2711.9985,37.10162,244.65384,0.0030660343,13.409365,9.828715,1737.4117,29249.215,29365.047,83150.44,0.4766865,-0.15245199,3717,6,2,5
249278.24669295063,3339024.7178961057,-1,0,998.0844,42.46193,299.29138,-0.0029240658,17.028135,9.373859,1023.10114,6158.9937,60556.95,63457.26,0.47308284,-0.14865227,3661,3,11,6
268100.7242972561,3349437.33864438,-1,0,979.7292,30.671238,190.95407,-0.0021551112,11.166414,8.864543,1069.0466,4613.22,40107.78,69301.46,0.38666135,-0.039967127,3661,2,11,7
235094.31945096323,3345040.767183428,-1,0,964.8395,24.212479,281.7683,0.0026537485,8.562849,9.238717,1358.3127,11975.859,60363.11,50955.61,0.44783324,-0.11371669,3671,2,2,6
219171.83391919197,3389715.7338535506,-1,0,2044.4542,24.273306,113.96246,0.012699394,8.446559,11.28076,1521.826,11676.197,33866.53,6846.2324,0.46149352,-0.12525657,3661,2,2,2
228328.4879848127,3357476.7233384843,-1,0,1416.8624,28.944761,232.76517,0.013719119,9.680407,10.701067,1584.0802,26092.225,51024.062,36805.94,0.4182209,-0.07590044,3661,4,2,3
238031.3873166254,3376407.9403390186,-1,0,2001.7614,24.89297,180.0,-0.0077651604,8.302427,9.805366,1137.3203,9211.65,29760.89,29333.805,0.47570032,-0.1471733,3661,2,2,7
228349.47710573705,3359405.852881019,-1,0,1508.4965,30.03325,221.63354,0.005739511,11.849782,10.578736,1558.0483,26548.691,49288.64,35094.02,0.38983002,-0.06447079,3661,3,11,5
278395.62466520903,3388730.262293249,-1,0,2025.5457,28.71067,140.1944,0.002334377,10.024709,10.859044,1565.1061,19245.598,19368.678,66028.21,0.50700414,-0.18277898,3661,2,2,7
285888.7924601915,3366297.975175044,-1,0,2023.8262,16.415398,63.434937,-0.006670918,5.376891,9.851562,1695.1302,19893.902,25275.824,77422.16,0.37679213,-0.037469856,3661,1,11,6
278985.0643115254,3383344.0285158926,-1,0,2029.6127,25.945833,315.0,-0.011748987,8.810797,9.851562,1645.5309,24163.215,24364.246,66991.125,0.39666143,-0.064470775,3661,2,11,7
307547.4496837959,3371644.6929372214,-1,0,2333.7046,28.941315,61.69925,0.0008625013,10.535051,10.60692,1948.6642,17360.553,17598.908,97032.38,0.29166862,0.068749264,3717,1,2,5
275105.8282449904,3355036.5233118297,-1,0,977.9782,15.053189,36.027374,0.020033028,5.7238703,10.897245,1304.9915,8452.981,32867.098,72120.234,0.36719018,-0.031312253,3661,2,2,5
285081.6141085476,3349091.6712204325,-1,0,967.5804,30.20222,322.4314,-0.0075458842,10.438052,8.06046,1420.3303,3932.6455,23386.941,83737.09,0.39205444,-0.06984853,3661,2,11,6
244577.60300928805,3368079.185498313,-1,0,2352.9895,21.292473,303.69006,-0.0055513675,7.132686,10.548832,1229.3804,9214.651,35714.875,39311.688,0.32741696,0.025964035,3661,2,11,3
231719.55024027155,3376773.902381158,-1,0,1548.005,26.990011,235.1755,0.0077851247,9.684062,10.352006,1235.0316,14181.146,32537.586,23794.842,0.31047392,-0.010942954,3661,2,11,5
264622.05024026346,3345526.1496096845,-1,0,963.84485,32.002254,355.71085,0.0033342256,11.863013,8.467335,991.8412,430.0,44148.164,69033.27,0.40752375,-0.07819456,3661,2,11,5
272347.8367333214,3391671.0886440887,-1,0,2043.3856,43.794876,211.13899,0.0014589776,17.420525,9.59926,1426.5265,13639.451,13890.547,59958.508,0.41988033,-0.08231307,3661,3,2,6
284517.0898733897,3373960.594354854,-1,0,2706.1794,8.079682,261.8699,0.0023167676,2.851517,9.433556,1802.2623,27288.791,30799.902,74028.266,0.45704845,-0.13214086,3661,1,2,2
238256.8226353477,3360267.7430083705,-1,0,1759.6042,26.120533,22.249023,-0.003794941,9.1185465,10.304148,1338.9845,18253.244,44864.734,39903.53,0.38189992,-0.03088315,3661,3,2,5
238065.5450223703,3376889.2486140504,-1,0,1956.1661,32.325253,205.27773,-0.0007428391,11.405882,10.029452,1131.256,8866.278,29312.613,29130.082,0.37327302,-0.03372083,3661,2,11,6
268265.2068496554,3382646.798941045,-1,0,1680.3784,27.42842,96.11548,-0.0017975365,9.563258,9.534364,1453.8025,18446.824,21094.133,56441.27,0.21721393,0.09050874,3661,3,11,7
257467.87383561995,3368010.788838496,-1,0,966.42737,28.210678,283.13403,0.00185578,10.2354555,8.795334,1205.5605,1251.7588,34362.52,50441.33,0.4739663,-0.14559017,3661,2,11,6
212898.62580250585,3390476.1984029287,-1,0,935.7486,39.920074,32.66092,-0.0012738804,14.865501,7.9600782,1555.8489,10085.881,39412.633,534.8832,0.45239276,-0.1142565,3661,3,2,7
283830.11957602284,3399668.370893125,-1,0,3769.6528,36.407986,214.87534,-0.0017418262,13.422013,10.087182,1505.1415,14645.5625,14745.468,71996.01,0.12495604,0.1938763,3717,2,11,7
247973.96262800053,3362616.691390377,-1,0,1962.8003,25.632393,280.4915,0.01002326,9.55525,10.847536,1217.2875,9129.956,40296.84,45300.973,0.3618918,-0.031089446,3661,2,11,3
292189.82710693666,3384769.9619616303,-1,0,2464.822,40.654774,204.94391,-0.0014666377,16.627085,10.917605,1777.8306,30796.502,31018.455,80007.1,0.4157823,-0.08010663,3717,1,2,6
242035.6097861121,3352643.0967085958,-1,0,1790.7782,30.327919,41.34778,-0.0012044957,10.419735,9.835815,1339.6226,16677.785,51328.773,48208.402,0.44234568,-0.102209225,3661,3,2,6
243091.1522620796,3383530.05661189,-1,0,985.9763,26.623892,332.52557,-0.0013383689,9.559736,8.45888,1272.7015,989.798,21242.113,31517.09,0.41361436,-0.08831667,3661,2,11,6
292773.26500685496,3383124.881435773,-1,0,2693.923,22.68975,115.34616,-0.0076185004,7.6143475,10.026523,1800.5709,32402.854,32645.264,80732.87,0.40667725,-0.07632979,3717,1,2,6
244955.4736752113,3380719.54757579,-1,0,974.0328,40.944706,124.38034,0.004999034,15.51653,9.69125,1239.9814,1195.0314,23348.941,34043.46,0.5351979,-0.21157849,3661,2,2,6
295578.2658158012,3418024.624867715,-1,0,5459.35,51.316364,220.50285,-0.0004613623,21.913452,10.3757305,1571.4808,18300.506,23243.86,84454.61,0.026761977,0.29314932,3717,8,9,6
300084.0302199613,3383034.22870175,-1,0,2575.6045,26.221926,51.009003,0.010345725,9.584544,10.522214,1849.43,30137.984,30083.219,88021.32,0.48802367,-0.1604123,3717,1,2,6
303559.8583480168,3361912.8655288853,-1,0,1305.2993,24.332027,185.7106,0.005685582,8.205352,9.542884,1898.9923,8844.937,9068.897,95586.13,0.41210747,-0.086030684,3661,1,11,5
291876.75823134754,3367062.4743385334,-1,0,2501.2412,6.287134,336.80142,0.018077103,2.5403101,11.872667,1776.0405,18870.475,20728.068,82909.77,0.26042718,0.08952649,3661,1,2,2
278039.6283005497,3385220.6170487693,-1,0,2091.7407,29.76751,158.83875,0.0005566609,10.756172,9.639269,1603.8181,22059.578,22257.855,65865.04,0.5502986,-0.24063367,3661,2,2,6
288004.0821992414,3360382.21882214,-1,0,1768.4248,14.98638,86.18591,0.0019409817,5.0771756,10.219592,1641.7383,13608.236,20951.434,81447.836,0.42397183,-0.09075002,3661,3,2,6
281701.08932751685,3357818.6295608683,-1,0,1177.4707,15.860263,273.36646,0.0035372921,4.824162,9.798315,1486.7152,10906.236,26529.383,76696.42,0.20031182,0.12900591,3661,3,11,7
243135.17608239804,3370072.689947802,-1,0,2202.6763,21.586098,169.69513,0.009792136,7.4851227,10.259456,1220.9661,9072.508,34098.98,36998.59,0.41050762,-0.07735954,3661,2,11,5
215212.4588912662,3387885.6662086355,-1,0,1586.4032,31.178186,312.51044,-0.004854024,10.41483,9.395306,1571.6183,8087.7007,38228.797,3959.899,0.30016986,0.016541418,3661,2,11,6
270526.3023578363,3380735.033580345,-1,0,1496.0573,19.11375,205.34618,0.012011286,6.540449,10.959069,1517.6171,19467.668,23415.477,58972.04,0.3522081,-0.032726947,3661,3,11,6
255904.91304527663,3330787.455493149,-1,0,1008.23346,27.346394,277.12503,0.00029542643,9.695404,9.5213375,973.9676,5531.365,56982.266,74010.38,0.2912239,0.040406466,3661,3,11,5
229840.43317155965,3360832.114074179,-1,0,1480.8535,23.517078,6.8427734,-0.0037327558,7.996442,8.80825,1503.2859,25250.236,47346.35,34559.098,0.22479424,0.118887305,3661,3,11,7
275909.10002498736,3383499.6543029267,-1,0,1653.0273,18.889498,229.39871,-0.0039717364,6.122003,9.624579,1586.4763,22535.156,22748.75,63912.33,0.33130553,-0.015457753,3661,2,5,6
293953.5937637443,3356855.95950292,-1,0,1993.1418,36.259735,234.78241,-0.0014854294,13.25441,10.371592,1708.7031,8451.491,14291.147,88290.15,0.07119281,0.26894394,3661,8,11,6
307098.0946359971,3367044.413713021,-1,0,1432.8833,36.151012,300.25644,0.0018988436,12.883159,10.611965,1948.1007,12941.715,13043.144,97601.2,0.37159342,-0.033485807,3717,2,11,6
245204.14610936167,3368419.4397845017,-1,0,2096.868,45.018646,324.0579,-0.0024814608,18.3849,10.300563,1226.9998,8505.398,35260.543,39637.277,0.40123102,-0.06832731,3661,2,11,6
283304.15219277114,3373622.0293051167,-1,0,2419.3145,20.386343,209.35777,0.0072493027,6.8811913,11.58925,1778.6979,26763.633,31517.488,72928.664,0.44342658,-0.10631351,3661,1,2,3
255365.64231643564,3340400.2416029926,-1,0,1178.4978,35.756077,216.02737,0.0023469124,13.044684,10.139923,980.0864,10153.561,54315.047,66124.8,0.40063554,-0.0676054,3661,3,11,6
262886.4091192436,3379060.996630453,-1,0,1831.4723,20.336727,247.61987,0.0023134036,7.0588927,10.8830595,1386.4633,12025.577,23929.383,51805.406,0.30638376,0.012786825,3661,8,11,5
268788.4183637356,3370660.0124866976,-1,0,1935.2826,33.35876,172.50415,0.009962378,11.936951,10.968672,1429.885,12585.904,32978.89,59831.7,0.5060929,-0.17531358,3661,3,2,5
240017.6362129436,3361135.1757843834,-1,0,2059.6787,35.326366,21.161255,-0.0043931487,13.6485615,9.814063,1307.8318,16306.922,43541.918,40433.715,0.43563914,-0.101515666,3661,4,2,6
274943.39799647976,3348681.5985009903,-1,0,886.77893,32.20218,213.69008,-0.0112894885,11.299739,8.987979,1198.1953,3140.0637,33432.77,75331.42,0.44947612,-0.1329986,3661,2,11,6
268499.22150684975,3372115.645388558,-1,0,2110.348,35.687027,283.32452,-0.00011331874,13.364797,9.288367,1447.5803,12856.952,31500.176,59087.33,0.39006022,-0.04804128,3661,3,11,6
291251.7674408674,3381033.289723841,-1,0,2311.479,34.503716,216.25385,-0.00095487497,12.400156,9.315188,1815.1586,31374.393,31789.816,79445.81,0.43021607,-0.100316435,3717,1,2,6
247535.87666470167,3366682.7705755746,-1,0,2246.8071,25.478794,156.80139,-0.0030035607,9.125546,10.628801,1222.9147,7001.785,36395.363,42542.453,0.50850755,-0.19143733,3661,2,2,5
237802.32820585647,3374438.005867144,-1,0,2478.8813,23.035318,229.08562,0.009145635,8.172848,11.651054,1161.8212,10708.394,31653.28,30145.588,0.42931184,-0.092811465,3661,2,2,2
218912.7329715472,3383569.6175950426,-1,0,1861.6578,44.210117,37.50415,0.0026165606,17.138342,10.050165,1553.8776,7498.3735,37041.363,9632.159,0.34354448,-0.0063731205,3661,2,2,5
214339.94493823065,3380476.252869432,-1,0,1218.122,21.341955,308.29016,0.00022194585,7.307711,10.027837,1675.0764,2220.8108,42570.72,10373.027,0.22793044,0.087204754,3661,2,11,5
238231.0878078771,3375985.0575042856,-1,0,2132.1199,24.033756,106.26019,-0.0059942394,8.210006,8.386277,1144.6046,9353.614,30070.492,29718.816,0.4695997,-0.13733494,3661,2,2,6
291356.5352571816,3356089.1835117443,-1,0,1934.677,38.5798,70.906494,0.0041477634,15.607965,11.269264,1650.972,8573.033,16733.562,86196.09,0.41859806,-0.075344525,3661,3,2,5
224838.7318544456,3388058.273014279,-1,0,2513.7158,35.481503,142.25317,-0.0018241756,12.68094,10.674323,1474.8319,14843.211,29637.812,12708.8,0.52107614,-0.20659089,3661,2,2,5
268798.7874653277,3356458.537874142,-1,0,1869.5858,23.217709,282.80426,-0.0035916849,8.032866,9.851562,1198.0189,10211.386,39238.45,65959.08,0.42103863,-0.09108967,3661,2,2,6
283516.27196558804,3387760.460998446,-1,0,2379.1067,15.997068,53.130096,-0.0051460285,5.133194,9.205071,1667.1609,22887.998,23138.291,71179.1,0.3923579,-0.056176126,3717,2,2,3
236352.42917678272,3337938.159066248,-1,0,603.1766,14.099651,225.0,0.00519726,4.287963,9.511893,1067.1581,5985.8667,66919.56,57909.24,0.4409568,-0.102078885,3671,7,2,3
235047.6525908429,3376144.1968911225,-1,0,1514.356,21.490294,188.13011,-0.0027338294,7.302638,8.851961,1151.6082,11664.1,31337.686,26904.514,0.42613548,-0.10884524,3661,2,11,6
238120.6075808651,3337664.3382845283,-1,0,619.08215,25.58974,268.09085,0.0046712672,8.990489,9.337714,1050.5316,4388.542,66810.555,58915.473,0.4811922,-0.15198018,3671,3,2,6
249249.4262531104,3338328.95654714,-1,0,784.2341,29.449795,327.80426,0.0024451707,10.887801,8.904267,1014.3409,5763.9053,60760.074,64002.742,0.3709415,-0.03905211,3661,3,11,6
253211.8118677008,3374244.4418218434,-1,0,1129.9983,18.408875,111.25049,0.019577049,6.587096,11.073777,1259.9037,1220.9014,28110.285,43998.734,0.3313356,0.010707128,3661,2,11,3
297190.1814962583,3358281.2716170917,-1,0,1827.8439,36.524845,75.61859,0.003933046,13.729784,10.43473,1779.2266,9114.56,11596.676,90762.375,0.45437124,-0.1115052,3661,3,2,5
222915.2256673741,3381194.833279313,-1,0,1541.6919,8.897207,341.56506,-0.008349987,3.4222827,9.562376,1477.5981,10828.13,35219.246,14154.551,0.14948682,0.17401432,3661,2,11,9
296434.97082822525,3390254.3885707166,-1,0,2737.027,37.308548,120.06857,0.00698119,13.777787,11.104656,1752.3999,30368.156,30484.93,84041.0,0.40115294,-0.07037929,3717,2,2,7
309580.3709024365,3408365.3883314626,-1,0,5611.8325,53.6983,63.083435,0.0068943,26.803322,12.465297,1746.7786,33896.438,37183.98,97604.64,-0.00557963,0.33666092,3717,8,9,5
261169.0287991412,3379729.8986305506,-1,0,1537.8032,27.700556,92.04541,-0.0058150403,10.0850525,9.6071825,1346.6012,10827.211,23271.496,49979.773,0.49703905,-0.1686579,3661,3,2,7
248365.13490604173,3338117.312653349,-1,0,590.23004,30.704107,213.17853,-0.0046407687,11.32464,9.851562,1016.3375,4901.6836,61664.477,63673.324,0.46220115,-0.13283126,3661,3,2,9
282890.0484417607,3398946.6154307425,-1,0,3506.6777,36.78288,301.42957,0.0045248494,13.918832,10.807957,1501.1982,14290.504,14454.08,70975.8,0.2856916,0.034456894,3717,2,11,6
247699.1236123937,3354423.435357468,-1,0,1112.3573,43.737007,319.18494,-0.003577768,17.970028,8.846184,1211.9342,10954.109,48432.496,50590.785,0.5056833,-0.1882444,3661,4,11,7
279582.0575827949,3379434.009056888,-1,0,2268.4553,13.348107,221.98723,0.0038922676,4.81081,11.352407,1708.279,26071.266,28110.412,68122.016,0.4226958,-0.08603162,3661,2,2,5
291475.592422626,3382717.524731629,-1,0,2115.7537,39.335266,226.78992,-0.0001808969,15.016882,9.544505,1796.7561,31815.225,32108.674,79477.61,0.32573578,0.014355183,3717,1,2,7
286199.49530031835,3388595.2768810964,-1,0,3034.4343,45.431362,302.22876,0.0034228915,17.239067,10.862606,1684.6068,23919.953,24214.117,73829.02,0.37790507,-0.04872917,3717,2,2,6
247894.52388686547,3372803.55617037,-1,0,1389.6857,25.784369,118.44293,0.0031996465,8.98911,10.602735,1224.8262,3701.743,30346.758,39739.523,0.47952455,-0.15594536,3661,2,2,6
261656.2347874143,3354906.5683063064,-1,0,1054.5035,15.985844,203.62938,0.012672265,5.6351695,11.007886,1025.3826,3006.6592,46309.34,60865.508,0.39389056,-0.067151316,3661,2,11,3
299249.8471089242,3367422.672424524,-1,0,1427.641,14.982075,315.0,0.004235359,5.4040513,9.278926,1862.0022,15607.899,16015.546,89905.62,0.2874427,0.03854941,3717,1,11,6
240144.99924425807,3363450.57155939,-1,0,1914.1753,17.683348,183.17984,0.010225769,5.683012,10.970735,1284.399,15054.169,41274.445,38864.465,0.44726333,-0.10730879,3661,5,2,5
242951.87750716755,3345060.0574702374,-1,0,1478.302,18.507215,86.98721,-0.0005983245,5.9428854,10.387862,1219.0621,9540.257,58495.152,54893.29,0.35393444,-0.0027955372,3661,3,2,3
244183.3829816861,3373397.142556993,-1,0,1271.9312,26.765884,72.25531,-0.00032425183,10.103786,9.845886,1206.1377,6305.9336,30612.87,36173.355,0.42943624,-0.10441406,3661,2,11,6
273761.3713846492,3389687.092482359,-1,0,1979.133,36.74614,234.46234,0.011073106,14.308862,10.400057,1473.5736,16057.304,16321.952,61377.664,0.4239191,-0.088439584,3661,2,2,5
256088.15355061225,3339568.976422695,-1,0,825.80817,45.61702,138.01276,0.0076290923,20.198343,10.73217,972.5852,10205.136,53834.42,67223.54,0.37366048,-0.024892613,3661,3,11,3
213505.9712034904,3376132.3311917805,-1,0,1990.1156,7.5064187,146.30994,9.848961e-05,3.1535225,11.6440735,1746.0999,4500.0557,45742.125,14572.336,0.28830287,0.03569939,3661,4,2,3
233312.29133423977,3357937.913700186,-1,0,1608.0505,14.499463,245.22487,0.0073233168,4.572939,10.931196,1462.5695,23684.48,48636.48,38836.13,0.4489437,-0.11062558,3661,3,2,6
252155.14686528317,3372938.867282818,-1,0,981.3573,38.335144,313.1524,-0.0019367916,15.11612,9.803186,1244.9913,304.13812,29492.922,43529.94,0.3607764,-0.040490218,3661,2,11,5
253755.07444273253,3346518.7716308134,-1,0,1821.4762,27.967142,57.80426,-0.0027463564,10.056692,9.851562,1026.0579,6520.3447,54710.98,60489.58,0.46723625,-0.13275667,3661,3,2,7
298252.387313032,3360956.0608226275,-1,0,1293.6656,28.614248,68.552246,-0.0067567914,10.564301,8.027249,1813.5104,10830.074,11944.492,90854.96,0.3918987,-0.03553551,3661,3,2,6
286265.54149012774,3357881.609124951,-1,0,1661.4203,22.150879,225.0,-0.004720536,7.08399,10.247209,1576.4375,11977.997,22037.834,80816.49,0.32689917,0.0068055214,3661,3,2,6
287656.7659904307,3378877.129598583,-1,0,1587.6305,40.684917,98.65253,-0.0012904623,15.315614,10.306386,1821.825,31336.58,32126.312,76176.34,0.26020736,0.079936,3717,1,2,6
304155.8781856539,3380486.428813635,-1,0,2373.9812,47.996075,332.15244,-0.00062309805,19.039474,10.790402,1895.6177,26705.992,26750.262,92321.87,0.4390189,-0.108460985,3717,1,2,6
271638.99460150325,3355005.847028646,-1,0,2010.075,42.787342,66.80139,0.003862439,17.32625,10.662523,1232.7467,10063.622,36334.32,69144.875,0.31537938,0.028424155,3661,2,2,5
235385.1846424778,3376508.0731960004,-1,0,1512.1255,26.201813,118.17859,0.0067147347,9.903644,10.453076,1136.6906,11170.878,30850.363,26995.604,0.49141055,-0.17705244,3661,2,2,6
277128.7280353886,3393216.802804033,-1,0,2322.6292,44.28332,126.027374,0.00039143898,17.681921,10.466945,1486.7388,14796.629,14927.803,64780.6,0.42540085,-0.08569819,3661,2,2,6
237378.5665958663,3354325.680460283,-1,0,1517.795,37.141205,0.0,0.0101443,14.236309,10.915047,1426.9757,19530.328,50814.82,44097.574,0.43376184,-0.09350941,0,3,2,5
284743.0085653689,3349734.944540065,-1,0,896.41724,51.03385,75.963745,0.0032355322,22.96162,9.860937,1421.6667,4651.763,23595.902,83125.125,0.21414754,0.13529727,3661,3,11,5
308164.9268788499,3371021.702899576,-1,0,2202.4004,32.714252,286.1892,-0.0034249267,12.286643,9.8751135,1950.7319,16650.621,16849.475,97763.09,0.4392059,-0.100774646,3717,1,2,6
227039.21382426447,3357950.8003717656,-1,0,982.9848,35.51598,193.62701,-0.00037481173,13.512588,8.715092,1607.6094,26964.014,51170.344,35836.766,0.45054528,-0.116583675,3661,3,2,6
285625.7966100194,3395691.8804001524,-1,0,2958.4905,30.82827,318.8141,0.006741923,10.287627,11.047411,1582.9869,18469.838,18665.018,73402.55,0.4474361,-0.1208758,3717,2,2,5
244898.37687789608,3347115.581528965,-1,0,1226.9393,42.81448,289.17902,-0.0009790767,17.352137,9.652783,1228.8335,11648.197,56107.56,54340.156,0.2773035,0.05838111,3661,3,7,6
299075.3558007891,3385597.301443836,-1,0,2923.6443,28.831161,354.47247,-0.00088784593,10.002276,9.851562,1819.0216,32875.754,32830.55,86827.57,0.47744077,-0.15767209,3717,1,2,6
232216.93255538703,3378344.0784142814,-1,0,2027.3712,34.632427,324.4623,0.0052822647,12.123162,11.272444,1226.8423,13036.963,30962.15,23336.982,0.3040169,0.0088117635,3661,2,2,5
266637.735427439,3383030.727270132,-1,0,2101.0884,27.580309,230.7106,-0.0040943436,9.343426,10.06524,1419.2866,17215.447,20429.807,54774.03,0.39668494,-0.053654794,3661,3,2,7
271618.91935918544,3383281.2036568373,-1,0,2259.7156,33.72602,70.64099,-0.0017127277,12.842365,10.445843,1509.481,21171.455,21254.434,59678.08,0.27766055,0.06566083,3661,3,11,6
247502.7093739437,3341634.14166049,-1,0,1026.7074,35.372364,110.725555,0.006725663,13.021406,10.3630295,1078.5363,6965.3,61128.047,60304.668,0.40622008,-0.0495671,3661,3,2,5
285643.3525335669,3367268.323671208,-1,0,1892.4976,26.603767,355.7636,0.0069330647,9.171822,10.36513,1706.9799,20890.252,25968.447,76893.79,0.4433734,-0.09739706,3661,1,2,5
257613.9238206444,3382798.546536548,-1,0,1825.6771,33.520203,103.09189,0.001367632,12.717919,10.352974,1295.8965,10002.165,19653.523,45898.016,0.48101336,-0.1343696,3661,3,2,6
273162.54331662407,3382013.039164103,-1,0,1839.6925,42.581947,4.7636414,-0.011628521,18.91393,9.851562,1553.2089,22286.25,22965.848,61382.535,0.19052367,0.15495181,3661,6,2,7
229837.2620569109,3385752.52732662,-1,0,2203.2207,29.764217,226.33221,-0.003619788,10.065355,7.694707,1396.2721,13321.389,26996.445,18117.994,0.40199834,-0.064006165,3661,2,2,6
287827.7695072216,3401154.1583981705,-1,0,4355.504,12.005206,126.8699,0.009666502,4.3911276,12.427321,1534.9294,17537.129,17471.592,75949.44,0.20669334,0.099703,3717,1,9,3
288525.8785593116,3355974.4587298026,-1,0,2020.2446,20.68135,312.8789,0.02482897,8.227311,11.659097,1593.6521,9288.671,19531.64,83661.06,0.3622518,-0.036004614,3661,3,11,3
252664.4619549756,3377581.564940409,-1,0,1528.7832,33.646152,183.17984,-0.00020796886,12.3643055,9.145418,1275.6064,3038.6348,24825.312,42340.984,0.32238844,0.0042193993,3661,3,11,6
308531.3922436335,3408872.597392252,-1,0,5074.166,27.21494,70.906494,0.0027096365,9.618926,11.986066,1746.1085,32741.645,36074.855,96570.086,-0.073237225,0.39932173,3717,8,9,5
242916.36542539863,3377726.4418529915,-1,0,1429.3474,31.713493,351.25385,0.013253255,12.007922,10.8748665,1182.0857,4715.464,26809.21,33145.97,0.31946832,-0.013919302,3661,2,11,5
258361.80721671772,3334870.644369291,-1,0,1450.8582,22.489761,188.13011,0.0065127388,8.234349,10.621622,973.4683,6892.0317,53144.71,72289.45,0.3667088,-0.01984617,3661,3,2,3
279240.65922226675,3384415.93802298,-1,0,2484.013,14.220176,265.60132,0.0067578023,4.956697,10.744297,1636.3206,23365.727,23535.719,67141.53,0.44156805,-0.11264207,3661,2,2,2
258211.674855543,3351814.4979719394,-1,0,762.9544,24.26043,308.29016,0.0051224055,8.34835,9.225479,960.5538,540.8327,49787.312,60073.246,0.36730766,-0.039939094,3661,2,11,6
210749.66298507803,3383519.053984072,-1,0,791.7215,35.133575,157.38013,-0.002643628,13.8715725,8.065501,1726.0093,3001.3499,44151.15,7328.1714,0.50244373,-0.17474586,3661,2,2,6
299266.965938805,3387068.392231192,-1,0,2897.614,34.76449,316.04163,-0.007481624,12.244196,9.9705515,1806.8917,34257.613,34196.99,86944.15,0.26140955,0.08403724,3717,2,2,7
293986.5549870768,3359360.0065828096,-1,0,2421.5623,25.289879,90.0,-0.003845136,8.464263,9.952744,1731.3744,10924.857,14970.146,87387.74,0.4264128,-0.08076432,3661,3,2,7
213920.5174913248,3375879.0689272503,-1,0,1942.4062,21.22586,105.94537,-0.0026911912,6.9230547,10.044845,1736.9373,4878.217,45559.418,14858.98,0.4502063,-0.11123354,3661,4,2,5
308823.88988962845,3410380.3591756998,-1,0,4588.3696,11.132647,228.36647,-0.009266001,3.6539114,9.851562,1738.8632,32603.67,36199.066,96920.17,0.014808464,0.3037647,3717,8,8,9
305916.1396209692,3365870.716733568,-1,0,1257.9847,15.79205,298.30075,0.0014440763,5.624572,10.246027,1934.7715,12133.775,12037.213,96749.85,0.30234566,0.02968697,3717,2,11,7
268077.2038339982,3368951.222879003,-1,0,1206.916,37.978127,224.06082,0.00037273005,13.690013,9.487615,1387.2611,11437.989,34530.59,59762.754,0.34049386,-0.022557702,3661,8,11,6
266554.1265442746,3328493.6462714537,-1,0,635.3061,31.332026,264.80557,0.0038914667,11.746528,9.117666,981.6826,920.21735,48617.9,82452.5,0.30317736,0.018420119,0,3,11,8
256366.6709658561,3381186.856709781,-1,0,2146.8796,47.16198,298.61047,-0.005530953,19.777235,8.418323,1298.4913,8121.8286,21138.79,44978.24,0.2882364,0.04161807,3661,3,11,6
271789.0787149838,3384864.6595220715,-1,0,1887.9595,41.085167,55.92279,0.0051965867,20.186531,10.518206,1494.6143,19723.127,19814.338,59672.54,0.29856184,0.043529656,3661,6,2,6
238794.02351929568,3356834.88471074,-1,0,1834.8329,24.688976,272.29062,-0.0011214825,8.619998,9.669987,1369.8058,18835.25,48011.562,42911.875,0.51501966,-0.18457356,3661,2,11,5
220366.37034962277,3385230.0096485824,-1,0,1698.3712,21.352095,183.0128,-0.0027814612,6.9548607,10.771963,1524.5468,9554.836,34928.12,9643.951,0.5164423,-0.18863478,3661,2,2,6
237502.5580510161,3372549.8917331826,-1,0,2216.8506,25.758673,130.36453,0.007760928,9.23405,11.40182,1185.9717,12204.249,33509.277,30959.396,0.46853545,-0.13743383,3661,2,2,6
251026.19168954185,3363634.977883354,-1,0,1332.7251,23.85679,95.19443,-0.012868921,8.400671,9.851562,1194.3516,6150.0,38869.48,47147.617,0.40481314,-0.058821328,3661,2,2,7
258853.139190168,3375811.134608268,-1,0,1077.7798,41.902443,120.963745,-0.0006257121,16.943977,10.52093,1322.1583,6970.3657,26747.023,48775.547,0.3001658,0.054420106,3661,8,2,9
299542.24333532085,3362669.05501828,-1,0,1299.3594,38.72959,33.690063,0.0017117467,14.494109,10.394461,1842.1901,11383.624,12093.146,91534.49,0.4376369,-0.09817022,3661,6,2,6
269140.61094308225,3345798.8199361013,-1,0,1262.711,30.156136,280.61966,2.1481443e-05,10.3170395,9.946509,1066.5854,4090.2932,39662.684,72339.36,0.17085832,0.15743618,3661,2,7,7
244446.79629841665,3361989.290357221,-1,0,1900.0581,26.324522,351.8699,0.0109873125,9.236168,11.139379,1252.9089,12192.989,41673.277,43001.992,0.44513956,-0.11449304,3661,3,11,3
304370.5276297047,3415913.644904758,-1,0,5545.5195,32.884075,6.3401794,-0.0002919596,12.173047,10.20032,1665.1733,27227.209,31697.977,92916.05,-0.022740684,0.34656116,3717,8,9,6
254628.92789511447,3343251.332229449,-1,0,1070.9121,45.733673,345.46555,0.0014576222,18.95903,9.851562,996.2973,8235.339,54398.73,63490.797,0.36046728,-0.03920365,3661,3,11,6
281373.5666159778,3399398.480540021,-1,0,2911.7046,35.72182,143.39291,-0.0006640337,13.056515,9.469505,1472.5922,12829.298,13023.553,69531.49,0.45373,-0.13997942,3717,2,2,6
